post_date,window_start,window_end,profile,minutes
2021-01-05,2021-01-04 13:00,2021-01-04 16:00,Unbiased,125
2021-01-05,2021-01-04 13:00,2021-01-04 16:00,Adjusted,122
2021-01-05,2021-01-04 20:30,2021-01-05 01:30,Unbiased,246
2021-01-05,2021-01-04 20:30,2021-01-05 01:30,Adjusted,241
2021-01-05,2021-01-05 02:30,2021-01-05 07:30,Unbiased,295
2021-01-05,2021-01-05 02:30,2021-01-05 07:30,Adjusted,295
2021-01-06,2021-01-05 13:00,2021-01-05 16:00,Unbiased,133
2021-01-06,2021-01-05 13:00,2021-01-05 16:00,Adjusted,122
2021-01-06,2021-01-05 20:30,2021-01-06 01:30,Unbiased,239
2021-01-06,2021-01-05 20:30,2021-01-06 01:30,Adjusted,226
2021-01-06,2021-01-06 02:30,2021-01-06 07:30,Unbiased,295
2021-01-06,2021-01-06 02:30,2021-01-06 07:30,Adjusted,295
2021-01-07,2021-01-06 13:00,2021-01-06 16:00,Unbiased,116
2021-01-07,2021-01-06 13:00,2021-01-06 16:00,Adjusted,98
2021-01-07,2021-01-06 20:30,2021-01-07 01:30,Unbiased,249
2021-01-07,2021-01-06 20:30,2021-01-07 01:30,Adjusted,236
2021-01-07,2021-01-07 02:30,2021-01-07 07:30,Unbiased,295
2021-01-07,2021-01-07 02:30,2021-01-07 07:30,Adjusted,295
2021-01-08,2021-01-07 13:00,2021-01-07 16:00,Unbiased,128
2021-01-08,2021-01-07 13:00,2021-01-07 16:00,Adjusted,118
2021-01-08,2021-01-07 20:30,2021-01-08 01:30,Unbiased,273
2021-01-08,2021-01-07 20:30,2021-01-08 01:30,Adjusted,257
2021-01-08,2021-01-08 02:30,2021-01-08 07:30,Unbiased,295
2021-01-08,2021-01-08 02:30,2021-01-08 07:30,Adjusted,295
2021-01-09,2021-01-08 13:00,2021-01-08 16:00,Unbiased,148
2021-01-09,2021-01-08 13:00,2021-01-08 16:00,Adjusted,138
2021-01-09,2021-01-08 20:30,2021-01-09 01:30,Unbiased,279
2021-01-09,2021-01-08 20:30,2021-01-09 01:30,Adjusted,260
2021-01-09,2021-01-09 02:30,2021-01-09 07:30,Unbiased,295
2021-01-09,2021-01-09 02:30,2021-01-09 07:30,Adjusted,295
2021-01-10,2021-01-09 13:00,2021-01-09 16:00,Unbiased,133
2021-01-10,2021-01-09 13:00,2021-01-09 16:00,Adjusted,121
2021-01-10,2021-01-09 20:30,2021-01-10 01:30,Unbiased,260
2021-01-10,2021-01-09 20:30,2021-01-10 01:30,Adjusted,246
2021-01-10,2021-01-10 02:30,2021-01-10 07:30,Unbiased,295
2021-01-10,2021-01-10 02:30,2021-01-10 07:30,Adjusted,295
2021-01-11,2021-01-10 13:00,2021-01-10 16:00,Unbiased,136
2021-01-11,2021-01-10 13:00,2021-01-10 16:00,Adjusted,125
2021-01-11,2021-01-10 20:30,2021-01-11 01:30,Unbiased,231
2021-01-11,2021-01-10 20:30,2021-01-11 01:30,Adjusted,214
2021-01-11,2021-01-11 02:30,2021-01-11 07:30,Unbiased,295
2021-01-11,2021-01-11 02:30,2021-01-11 07:30,Adjusted,295
2021-01-12,2021-01-11 13:00,2021-01-11 16:00,Unbiased,54
2021-01-12,2021-01-11 13:00,2021-01-11 16:00,Adjusted,33
2021-01-12,2021-01-11 20:30,2021-01-12 01:30,Unbiased,159
2021-01-12,2021-01-11 20:30,2021-01-12 01:30,Adjusted,129
2021-01-12,2021-01-12 02:30,2021-01-12 07:30,Unbiased,249
2021-01-12,2021-01-12 02:30,2021-01-12 07:30,Adjusted,225
2021-01-20,2021-01-19 13:00,2021-01-19 16:00,Unbiased,5
2021-01-20,2021-01-19 13:00,2021-01-19 16:00,Adjusted,0
2021-01-20,2021-01-19 20:30,2021-01-20 01:30,Unbiased,85
2021-01-20,2021-01-19 20:30,2021-01-20 01:30,Adjusted,61
2021-01-20,2021-01-20 02:30,2021-01-20 07:30,Unbiased,202
2021-01-20,2021-01-20 02:30,2021-01-20 07:30,Adjusted,185
2021-01-21,2021-01-20 13:00,2021-01-20 16:00,Unbiased,14
2021-01-21,2021-01-20 13:00,2021-01-20 16:00,Adjusted,0
2021-01-21,2021-01-20 20:30,2021-01-21 01:30,Unbiased,146
2021-01-21,2021-01-20 20:30,2021-01-21 01:30,Adjusted,125
2021-01-21,2021-01-21 02:30,2021-01-21 07:30,Unbiased,290
2021-01-21,2021-01-21 02:30,2021-01-21 07:30,Adjusted,278
2021-01-22,2021-01-21 13:00,2021-01-21 16:00,Unbiased,46
2021-01-22,2021-01-21 13:00,2021-01-21 16:00,Adjusted,30
2021-01-22,2021-01-21 20:30,2021-01-22 01:30,Unbiased,193
2021-01-22,2021-01-21 20:30,2021-01-22 01:30,Adjusted,181
2021-01-22,2021-01-22 02:30,2021-01-22 07:30,Unbiased,295
2021-01-22,2021-01-22 02:30,2021-01-22 07:30,Adjusted,295
2021-01-23,2021-01-22 13:00,2021-01-22 16:00,Unbiased,74
2021-01-23,2021-01-22 13:00,2021-01-22 16:00,Adjusted,57
2021-01-23,2021-01-22 20:30,2021-01-23 01:30,Unbiased,206
2021-01-23,2021-01-22 20:30,2021-01-23 01:30,Adjusted,195
2021-01-23,2021-01-23 02:30,2021-01-23 07:30,Unbiased,295
2021-01-23,2021-01-23 02:30,2021-01-23 07:30,Adjusted,295
2021-01-24,2021-01-23 13:00,2021-01-23 16:00,Unbiased,116
2021-01-24,2021-01-23 13:00,2021-01-23 16:00,Adjusted,102
2021-01-24,2021-01-23 20:30,2021-01-24 01:30,Unbiased,249
2021-01-24,2021-01-23 20:30,2021-01-24 01:30,Adjusted,237
2021-01-24,2021-01-24 02:30,2021-01-24 07:30,Unbiased,295
2021-01-24,2021-01-24 02:30,2021-01-24 07:30,Adjusted,295
2021-01-25,2021-01-24 13:00,2021-01-24 16:00,Unbiased,148
2021-01-25,2021-01-24 13:00,2021-01-24 16:00,Adjusted,140
2021-01-25,2021-01-24 20:30,2021-01-25 01:30,Unbiased,260
2021-01-25,2021-01-24 20:30,2021-01-25 01:30,Adjusted,249
2021-01-25,2021-01-25 02:30,2021-01-25 07:30,Unbiased,295
2021-01-25,2021-01-25 02:30,2021-01-25 07:30,Adjusted,295
2021-01-26,2021-01-25 13:00,2021-01-25 16:00,Unbiased,126
2021-01-26,2021-01-25 13:00,2021-01-25 16:00,Adjusted,116
2021-01-26,2021-01-25 20:30,2021-01-26 01:30,Unbiased,251
2021-01-26,2021-01-25 20:30,2021-01-26 01:30,Adjusted,239
2021-01-26,2021-01-26 02:30,2021-01-26 07:30,Unbiased,295
2021-01-26,2021-01-26 02:30,2021-01-26 07:30,Adjusted,295
2021-01-27,2021-01-26 13:00,2021-01-26 16:00,Unbiased,103
2021-01-27,2021-01-26 13:00,2021-01-26 16:00,Adjusted,87
2021-01-27,2021-01-26 20:30,2021-01-27 01:30,Unbiased,197
2021-01-27,2021-01-26 20:30,2021-01-27 01:30,Adjusted,182
2021-01-27,2021-01-27 02:30,2021-01-27 07:30,Unbiased,278
2021-01-27,2021-01-27 02:30,2021-01-27 07:30,Adjusted,258
2021-01-28,2021-01-27 13:00,2021-01-27 16:00,Unbiased,27
2021-01-28,2021-01-27 13:00,2021-01-27 16:00,Adjusted,10
2021-01-28,2021-01-27 20:30,2021-01-28 01:30,Unbiased,123
2021-01-28,2021-01-27 20:30,2021-01-28 01:30,Adjusted,99
2021-01-28,2021-01-28 02:30,2021-01-28 07:30,Unbiased,227
2021-01-28,2021-01-28 02:30,2021-01-28 07:30,Adjusted,207
2021-01-29,2021-01-28 13:00,2021-01-28 16:00,Unbiased,0
2021-01-29,2021-01-28 13:00,2021-01-28 16:00,Adjusted,0
2021-01-29,2021-01-28 20:30,2021-01-29 01:30,Unbiased,76
2021-01-29,2021-01-28 20:30,2021-01-29 01:30,Adjusted,51
2021-01-29,2021-01-29 02:30,2021-01-29 07:30,Unbiased,222
2021-01-29,2021-01-29 02:30,2021-01-29 07:30,Adjusted,207
2021-01-30,2021-01-29 13:00,2021-01-29 16:00,Unbiased,5
2021-01-30,2021-01-29 13:00,2021-01-29 16:00,Adjusted,0
2021-01-30,2021-01-29 20:30,2021-01-30 01:30,Unbiased,127
2021-01-30,2021-01-29 20:30,2021-01-30 01:30,Adjusted,104
2021-01-30,2021-01-30 02:30,2021-01-30 07:30,Unbiased,232
2021-01-30,2021-01-30 02:30,2021-01-30 07:30,Adjusted,221
2021-01-31,2021-01-30 13:00,2021-01-30 16:00,Unbiased,128
2021-01-31,2021-01-30 13:00,2021-01-30 16:00,Adjusted,120
2021-01-31,2021-01-30 20:30,2021-01-31 01:30,Unbiased,233
2021-01-31,2021-01-30 20:30,2021-01-31 01:30,Adjusted,222
2021-01-31,2021-01-31 02:30,2021-01-31 07:30,Unbiased,295
2021-01-31,2021-01-31 02:30,2021-01-31 07:30,Adjusted,295
2021-02-01,2021-01-31 13:00,2021-01-31 16:00,Unbiased,132
2021-02-01,2021-01-31 13:00,2021-01-31 16:00,Adjusted,124
2021-02-01,2021-01-31 20:30,2021-02-01 01:30,Unbiased,243
2021-02-01,2021-01-31 20:30,2021-02-01 01:30,Adjusted,231
2021-02-01,2021-02-01 02:30,2021-02-01 07:30,Unbiased,295
2021-02-01,2021-02-01 02:30,2021-02-01 07:30,Adjusted,295
2021-02-02,2021-02-01 13:00,2021-02-01 16:00,Unbiased,119
2021-02-02,2021-02-01 13:00,2021-02-01 16:00,Adjusted,109
2021-02-02,2021-02-01 20:30,2021-02-02 01:30,Unbiased,224
2021-02-02,2021-02-01 20:30,2021-02-02 01:30,Adjusted,211
2021-02-02,2021-02-02 02:30,2021-02-02 07:30,Unbiased,295
2021-02-02,2021-02-02 02:30,2021-02-02 07:30,Adjusted,295
2021-02-03,2021-02-02 13:00,2021-02-02 16:00,Unbiased,0
2021-02-03,2021-02-02 13:00,2021-02-02 16:00,Adjusted,0
2021-02-03,2021-02-02 20:30,2021-02-03 01:30,Unbiased,107
2021-02-03,2021-02-02 20:30,2021-02-03 01:30,Adjusted,81
2021-02-03,2021-02-03 02:30,2021-02-03 07:30,Unbiased,218
2021-02-03,2021-02-03 02:30,2021-02-03 07:30,Adjusted,201
2021-02-04,2021-02-03 13:00,2021-02-03 16:00,Unbiased,9
2021-02-04,2021-02-03 13:00,2021-02-03 16:00,Adjusted,0
2021-02-04,2021-02-03 20:30,2021-02-04 01:30,Unbiased,181
2021-02-04,2021-02-03 20:30,2021-02-04 01:30,Adjusted,164
2021-02-04,2021-02-04 02:30,2021-02-04 07:30,Unbiased,283
2021-02-04,2021-02-04 02:30,2021-02-04 07:30,Adjusted,266
2021-02-05,2021-02-04 13:00,2021-02-04 16:00,Unbiased,38
2021-02-05,2021-02-04 13:00,2021-02-04 16:00,Adjusted,21
2021-02-05,2021-02-04 20:30,2021-02-05 01:30,Unbiased,151
2021-02-05,2021-02-04 20:30,2021-02-05 01:30,Adjusted,128
2021-02-05,2021-02-05 02:30,2021-02-05 07:30,Unbiased,247
2021-02-05,2021-02-05 02:30,2021-02-05 07:30,Adjusted,230
2021-02-06,2021-02-05 13:00,2021-02-05 16:00,Unbiased,6
2021-02-06,2021-02-05 13:00,2021-02-05 16:00,Adjusted,0
2021-02-06,2021-02-05 20:30,2021-02-06 01:30,Unbiased,143
2021-02-06,2021-02-05 20:30,2021-02-06 01:30,Adjusted,120
2021-02-06,2021-02-06 02:30,2021-02-06 07:30,Unbiased,253
2021-02-06,2021-02-06 02:30,2021-02-06 07:30,Adjusted,237
2021-02-07,2021-02-06 13:00,2021-02-06 16:00,Unbiased,50
2021-02-07,2021-02-06 13:00,2021-02-06 16:00,Adjusted,35
2021-02-07,2021-02-06 20:30,2021-02-07 01:30,Unbiased,216
2021-02-07,2021-02-06 20:30,2021-02-07 01:30,Adjusted,205
2021-02-07,2021-02-07 02:30,2021-02-07 07:30,Unbiased,295
2021-02-07,2021-02-07 02:30,2021-02-07 07:30,Adjusted,295
2021-02-08,2021-02-07 13:00,2021-02-07 16:00,Unbiased,168
2021-02-08,2021-02-07 13:00,2021-02-07 16:00,Adjusted,159
2021-02-08,2021-02-07 20:30,2021-02-08 01:30,Unbiased,299
2021-02-08,2021-02-07 20:30,2021-02-08 01:30,Adjusted,289
2021-02-08,2021-02-08 02:30,2021-02-08 07:30,Unbiased,295
2021-02-08,2021-02-08 02:30,2021-02-08 07:30,Adjusted,295
2021-02-09,2021-02-08 13:00,2021-02-08 16:00,Unbiased,175
2021-02-09,2021-02-08 13:00,2021-02-08 16:00,Adjusted,174
2021-02-09,2021-02-08 20:30,2021-02-09 01:30,Unbiased,299
2021-02-09,2021-02-08 20:30,2021-02-09 01:30,Adjusted,292
2021-02-09,2021-02-09 02:30,2021-02-09 07:30,Unbiased,295
2021-02-09,2021-02-09 02:30,2021-02-09 07:30,Adjusted,295
2021-02-10,2021-02-09 13:00,2021-02-09 16:00,Unbiased,173
2021-02-10,2021-02-09 13:00,2021-02-09 16:00,Adjusted,164
2021-02-10,2021-02-09 20:30,2021-02-10 01:30,Unbiased,292
2021-02-10,2021-02-09 20:30,2021-02-10 01:30,Adjusted,280
2021-02-10,2021-02-10 02:30,2021-02-10 07:30,Unbiased,295
2021-02-10,2021-02-10 02:30,2021-02-10 07:30,Adjusted,295
2021-02-11,2021-02-10 13:00,2021-02-10 16:00,Unbiased,155
2021-02-11,2021-02-10 13:00,2021-02-10 16:00,Adjusted,147
2021-02-11,2021-02-10 20:30,2021-02-11 01:30,Unbiased,293
2021-02-11,2021-02-10 20:30,2021-02-11 01:30,Adjusted,283
2021-02-11,2021-02-11 02:30,2021-02-11 07:30,Unbiased,295
2021-02-11,2021-02-11 02:30,2021-02-11 07:30,Adjusted,295
2021-02-12,2021-02-11 13:00,2021-02-11 16:00,Unbiased,163
2021-02-12,2021-02-11 13:00,2021-02-11 16:00,Adjusted,156
2021-02-12,2021-02-11 20:30,2021-02-12 01:30,Unbiased,289
2021-02-12,2021-02-11 20:30,2021-02-12 01:30,Adjusted,277
2021-02-12,2021-02-12 02:30,2021-02-12 07:30,Unbiased,295
2021-02-12,2021-02-12 02:30,2021-02-12 07:30,Adjusted,295
2021-02-13,2021-02-12 13:00,2021-02-12 16:00,Unbiased,167
2021-02-13,2021-02-12 13:00,2021-02-12 16:00,Adjusted,159
2021-02-13,2021-02-12 20:30,2021-02-13 01:30,Unbiased,299
2021-02-13,2021-02-12 20:30,2021-02-13 01:30,Adjusted,291
2021-02-13,2021-02-13 02:30,2021-02-13 07:30,Unbiased,295
2021-02-13,2021-02-13 02:30,2021-02-13 07:30,Adjusted,295
2021-02-14,2021-02-13 13:00,2021-02-13 16:00,Unbiased,172
2021-02-14,2021-02-13 13:00,2021-02-13 16:00,Adjusted,163
2021-02-14,2021-02-13 20:30,2021-02-14 01:30,Unbiased,268
2021-02-14,2021-02-13 20:30,2021-02-14 01:30,Adjusted,256
2021-02-14,2021-02-14 02:30,2021-02-14 07:30,Unbiased,295
2021-02-14,2021-02-14 02:30,2021-02-14 07:30,Adjusted,295
2021-02-15,2021-02-14 13:00,2021-02-14 16:00,Unbiased,126
2021-02-15,2021-02-14 13:00,2021-02-14 16:00,Adjusted,117
2021-02-15,2021-02-14 20:30,2021-02-15 01:30,Unbiased,226
2021-02-15,2021-02-14 20:30,2021-02-15 01:30,Adjusted,213
2021-02-15,2021-02-15 02:30,2021-02-15 07:30,Unbiased,295
2021-02-15,2021-02-15 02:30,2021-02-15 07:30,Adjusted,294
2021-02-16,2021-02-15 13:00,2021-02-15 16:00,Unbiased,6
2021-02-16,2021-02-15 13:00,2021-02-15 16:00,Adjusted,0
2021-02-16,2021-02-15 20:30,2021-02-16 01:30,Unbiased,108
2021-02-16,2021-02-15 20:30,2021-02-16 01:30,Adjusted,83
2021-02-16,2021-02-16 02:30,2021-02-16 07:30,Unbiased,227
2021-02-16,2021-02-16 02:30,2021-02-16 07:30,Adjusted,211
2021-02-17,2021-02-16 13:00,2021-02-16 16:00,Unbiased,9
2021-02-17,2021-02-16 13:00,2021-02-16 16:00,Adjusted,0
2021-02-17,2021-02-16 20:30,2021-02-17 01:30,Unbiased,148
2021-02-17,2021-02-16 20:30,2021-02-17 01:30,Adjusted,124
2021-02-17,2021-02-17 02:30,2021-02-17 07:30,Unbiased,245
2021-02-17,2021-02-17 02:30,2021-02-17 07:30,Adjusted,224
2021-02-18,2021-02-17 13:00,2021-02-17 16:00,Unbiased,0
2021-02-18,2021-02-17 13:00,2021-02-17 16:00,Adjusted,0
2021-02-18,2021-02-17 20:30,2021-02-18 01:30,Unbiased,113
2021-02-18,2021-02-17 20:30,2021-02-18 01:30,Adjusted,90
2021-02-18,2021-02-18 02:30,2021-02-18 07:30,Unbiased,223
2021-02-18,2021-02-18 02:30,2021-02-18 07:30,Adjusted,207
2021-02-19,2021-02-18 13:00,2021-02-18 16:00,Unbiased,11
2021-02-19,2021-02-18 13:00,2021-02-18 16:00,Adjusted,0
2021-02-19,2021-02-18 20:30,2021-02-19 01:30,Unbiased,183
2021-02-19,2021-02-18 20:30,2021-02-19 01:30,Adjusted,169
2021-02-19,2021-02-19 02:30,2021-02-19 07:30,Unbiased,283
2021-02-19,2021-02-19 02:30,2021-02-19 07:30,Adjusted,266
2021-02-20,2021-02-19 13:00,2021-02-19 16:00,Unbiased,11
2021-02-20,2021-02-19 13:00,2021-02-19 16:00,Adjusted,0
2021-02-20,2021-02-19 20:30,2021-02-20 01:30,Unbiased,57
2021-02-20,2021-02-19 20:30,2021-02-20 01:30,Adjusted,34
2021-02-20,2021-02-20 02:30,2021-02-20 07:30,Unbiased,173
2021-02-20,2021-02-20 02:30,2021-02-20 07:30,Adjusted,143
2021-02-21,2021-02-20 13:00,2021-02-20 16:00,Unbiased,0
2021-02-21,2021-02-20 13:00,2021-02-20 16:00,Adjusted,0
2021-02-21,2021-02-20 20:30,2021-02-21 01:30,Unbiased,0
2021-02-21,2021-02-20 20:30,2021-02-21 01:30,Adjusted,0
2021-02-21,2021-02-21 02:30,2021-02-21 07:30,Unbiased,154
2021-02-21,2021-02-21 02:30,2021-02-21 07:30,Adjusted,117
2021-02-22,2021-02-21 13:00,2021-02-21 16:00,Unbiased,0
2021-02-22,2021-02-21 13:00,2021-02-21 16:00,Adjusted,0
2021-02-22,2021-02-21 20:30,2021-02-22 01:30,Unbiased,26
2021-02-22,2021-02-21 20:30,2021-02-22 01:30,Adjusted,2
2021-02-22,2021-02-22 02:30,2021-02-22 07:30,Unbiased,188
2021-02-22,2021-02-22 02:30,2021-02-22 07:30,Adjusted,160
2021-02-23,2021-02-22 13:00,2021-02-22 16:00,Unbiased,0
2021-02-23,2021-02-22 13:00,2021-02-22 16:00,Adjusted,0
2021-02-23,2021-02-22 20:30,2021-02-23 01:30,Unbiased,97
2021-02-23,2021-02-22 20:30,2021-02-23 01:30,Adjusted,71
2021-02-23,2021-02-23 02:30,2021-02-23 07:30,Unbiased,238
2021-02-23,2021-02-23 02:30,2021-02-23 07:30,Adjusted,223
2021-02-24,2021-02-23 13:00,2021-02-23 16:00,Unbiased,0
2021-02-24,2021-02-23 13:00,2021-02-23 16:00,Adjusted,0
2021-02-24,2021-02-23 20:30,2021-02-24 01:30,Unbiased,8
2021-02-24,2021-02-23 20:30,2021-02-24 01:30,Adjusted,0
2021-02-24,2021-02-24 02:30,2021-02-24 07:30,Unbiased,169
2021-02-24,2021-02-24 02:30,2021-02-24 07:30,Adjusted,134
2021-02-25,2021-02-24 13:00,2021-02-24 16:00,Unbiased,0
2021-02-25,2021-02-24 13:00,2021-02-24 16:00,Adjusted,0
2021-02-25,2021-02-24 20:30,2021-02-25 01:30,Unbiased,3
2021-02-25,2021-02-24 20:30,2021-02-25 01:30,Adjusted,0
2021-02-25,2021-02-25 02:30,2021-02-25 07:30,Unbiased,141
2021-02-25,2021-02-25 02:30,2021-02-25 07:30,Adjusted,106
2021-02-26,2021-02-25 13:00,2021-02-25 16:00,Unbiased,0
2021-02-26,2021-02-25 13:00,2021-02-25 16:00,Adjusted,0
2021-02-26,2021-02-25 20:30,2021-02-26 01:30,Unbiased,128
2021-02-26,2021-02-25 20:30,2021-02-26 01:30,Adjusted,103
2021-02-26,2021-02-26 02:30,2021-02-26 07:30,Unbiased,258
2021-02-26,2021-02-26 02:30,2021-02-26 07:30,Adjusted,241
2021-02-27,2021-02-26 13:00,2021-02-26 16:00,Unbiased,0
2021-02-27,2021-02-26 13:00,2021-02-26 16:00,Adjusted,0
2021-02-27,2021-02-26 20:30,2021-02-27 01:30,Unbiased,127
2021-02-27,2021-02-26 20:30,2021-02-27 01:30,Adjusted,104
2021-02-27,2021-02-27 02:30,2021-02-27 07:30,Unbiased,258
2021-02-27,2021-02-27 02:30,2021-02-27 07:30,Adjusted,243
2021-02-28,2021-02-27 13:00,2021-02-27 16:00,Unbiased,0
2021-02-28,2021-02-27 13:00,2021-02-27 16:00,Adjusted,0
2021-02-28,2021-02-27 20:30,2021-02-28 01:30,Unbiased,172
2021-02-28,2021-02-27 20:30,2021-02-28 01:30,Adjusted,160
2021-02-28,2021-02-28 02:30,2021-02-28 07:30,Unbiased,295
2021-02-28,2021-02-28 02:30,2021-02-28 07:30,Adjusted,281
2021-03-01,2021-02-28 13:00,2021-02-28 16:00,Unbiased,61
2021-03-01,2021-02-28 13:00,2021-02-28 16:00,Adjusted,46
2021-03-01,2021-02-28 20:30,2021-03-01 01:30,Unbiased,197
2021-03-01,2021-02-28 20:30,2021-03-01 01:30,Adjusted,185
2021-03-01,2021-03-01 02:30,2021-03-01 07:30,Unbiased,295
2021-03-01,2021-03-01 02:30,2021-03-01 07:30,Adjusted,295
2021-03-02,2021-03-01 13:00,2021-03-01 16:00,Unbiased,62
2021-03-02,2021-03-01 13:00,2021-03-01 16:00,Adjusted,62
2021-03-02,2021-03-01 20:30,2021-03-02 01:30,Unbiased,213
2021-03-02,2021-03-01 20:30,2021-03-02 01:30,Adjusted,213
2021-03-02,2021-03-02 02:30,2021-03-02 07:30,Unbiased,295
2021-03-02,2021-03-02 02:30,2021-03-02 07:30,Adjusted,295
2021-03-03,2021-03-02 13:00,2021-03-02 16:00,Unbiased,68
2021-03-03,2021-03-02 13:00,2021-03-02 16:00,Adjusted,68
2021-03-03,2021-03-02 20:30,2021-03-03 01:30,Unbiased,199
2021-03-03,2021-03-02 20:30,2021-03-03 01:30,Adjusted,199
2021-03-03,2021-03-03 02:30,2021-03-03 07:30,Unbiased,295
2021-03-03,2021-03-03 02:30,2021-03-03 07:30,Adjusted,295
2021-03-04,2021-03-03 13:00,2021-03-03 16:00,Unbiased,81
2021-03-04,2021-03-03 13:00,2021-03-03 16:00,Adjusted,81
2021-03-04,2021-03-03 20:30,2021-03-04 01:30,Unbiased,198
2021-03-04,2021-03-03 20:30,2021-03-04 01:30,Adjusted,198
2021-03-04,2021-03-04 02:30,2021-03-04 07:30,Unbiased,295
2021-03-04,2021-03-04 02:30,2021-03-04 07:30,Adjusted,295
2021-03-05,2021-03-04 13:00,2021-03-04 16:00,Unbiased,101
2021-03-05,2021-03-04 13:00,2021-03-04 16:00,Adjusted,101
2021-03-05,2021-03-04 20:30,2021-03-05 01:30,Unbiased,218
2021-03-05,2021-03-04 20:30,2021-03-05 01:30,Adjusted,218
2021-03-05,2021-03-05 02:30,2021-03-05 07:30,Unbiased,295
2021-03-05,2021-03-05 02:30,2021-03-05 07:30,Adjusted,295
2021-03-06,2021-03-05 13:00,2021-03-05 16:00,Unbiased,95
2021-03-06,2021-03-05 13:00,2021-03-05 16:00,Adjusted,95
2021-03-06,2021-03-05 20:30,2021-03-06 01:30,Unbiased,221
2021-03-06,2021-03-05 20:30,2021-03-06 01:30,Adjusted,221
2021-03-06,2021-03-06 02:30,2021-03-06 07:30,Unbiased,295
2021-03-06,2021-03-06 02:30,2021-03-06 07:30,Adjusted,295
2021-03-07,2021-03-06 13:00,2021-03-06 16:00,Unbiased,102
2021-03-07,2021-03-06 13:00,2021-03-06 16:00,Adjusted,102
2021-03-07,2021-03-06 20:30,2021-03-07 01:30,Unbiased,223
2021-03-07,2021-03-06 20:30,2021-03-07 01:30,Adjusted,223
2021-03-07,2021-03-07 02:30,2021-03-07 07:30,Unbiased,295
2021-03-07,2021-03-07 02:30,2021-03-07 07:30,Adjusted,295
2021-03-08,2021-03-07 13:00,2021-03-07 16:00,Unbiased,93
2021-03-08,2021-03-07 13:00,2021-03-07 16:00,Adjusted,93
2021-03-08,2021-03-07 20:30,2021-03-08 01:30,Unbiased,208
2021-03-08,2021-03-07 20:30,2021-03-08 01:30,Adjusted,208
2021-03-08,2021-03-08 02:30,2021-03-08 07:30,Unbiased,295
2021-03-08,2021-03-08 02:30,2021-03-08 07:30,Adjusted,295
2021-03-09,2021-03-08 13:00,2021-03-08 16:00,Unbiased,13
2021-03-09,2021-03-08 13:00,2021-03-08 16:00,Adjusted,13
2021-03-09,2021-03-08 20:30,2021-03-09 01:30,Unbiased,163
2021-03-09,2021-03-08 20:30,2021-03-09 01:30,Adjusted,163
2021-03-09,2021-03-09 02:30,2021-03-09 07:30,Unbiased,265
2021-03-09,2021-03-09 02:30,2021-03-09 07:30,Adjusted,265
2021-03-10,2021-03-09 13:00,2021-03-09 16:00,Unbiased,0
2021-03-10,2021-03-09 13:00,2021-03-09 16:00,Adjusted,0
2021-03-10,2021-03-09 20:30,2021-03-10 01:30,Unbiased,143
2021-03-10,2021-03-09 20:30,2021-03-10 01:30,Adjusted,143
2021-03-10,2021-03-10 02:30,2021-03-10 07:30,Unbiased,246
2021-03-10,2021-03-10 02:30,2021-03-10 07:30,Adjusted,246
2021-03-11,2021-03-10 13:00,2021-03-10 16:00,Unbiased,44
2021-03-11,2021-03-10 13:00,2021-03-10 16:00,Adjusted,44
2021-03-11,2021-03-10 20:30,2021-03-11 01:30,Unbiased,84
2021-03-11,2021-03-10 20:30,2021-03-11 01:30,Adjusted,84
2021-03-11,2021-03-11 02:30,2021-03-11 07:30,Unbiased,204
2021-03-11,2021-03-11 02:30,2021-03-11 07:30,Adjusted,204
2021-03-12,2021-03-11 13:00,2021-03-11 16:00,Unbiased,0
2021-03-12,2021-03-11 13:00,2021-03-11 16:00,Adjusted,0
2021-03-12,2021-03-11 20:30,2021-03-12 01:30,Unbiased,178
2021-03-12,2021-03-11 20:30,2021-03-12 01:30,Adjusted,178
2021-03-12,2021-03-12 02:30,2021-03-12 07:30,Unbiased,290
2021-03-12,2021-03-12 02:30,2021-03-12 07:30,Adjusted,290
2021-03-13,2021-03-12 13:00,2021-03-12 16:00,Unbiased,2
2021-03-13,2021-03-12 13:00,2021-03-12 16:00,Adjusted,2
2021-03-13,2021-03-12 20:30,2021-03-13 01:30,Unbiased,147
2021-03-13,2021-03-12 20:30,2021-03-13 01:30,Adjusted,147
2021-03-13,2021-03-13 02:30,2021-03-13 07:30,Unbiased,271
2021-03-13,2021-03-13 02:30,2021-03-13 07:30,Adjusted,271
2021-03-14,2021-03-13 13:00,2021-03-13 16:00,Unbiased,17
2021-03-14,2021-03-13 13:00,2021-03-13 16:00,Adjusted,17
2021-03-14,2021-03-13 20:30,2021-03-14 01:30,Unbiased,196
2021-03-14,2021-03-13 20:30,2021-03-14 01:30,Adjusted,196
2021-03-14,2021-03-14 02:30,2021-03-14 07:30,Unbiased,285
2021-03-14,2021-03-14 02:30,2021-03-14 07:30,Adjusted,285
2021-03-15,2021-03-14 13:00,2021-03-14 16:00,Unbiased,0
2021-03-15,2021-03-14 13:00,2021-03-14 16:00,Adjusted,0
2021-03-15,2021-03-14 20:30,2021-03-15 01:30,Unbiased,124
2021-03-15,2021-03-14 20:30,2021-03-15 01:30,Adjusted,124
2021-03-15,2021-03-15 02:30,2021-03-15 07:30,Unbiased,227
2021-03-15,2021-03-15 02:30,2021-03-15 07:30,Adjusted,227
2021-03-16,2021-03-15 13:00,2021-03-15 16:00,Unbiased,26
2021-03-16,2021-03-15 13:00,2021-03-15 16:00,Adjusted,26
2021-03-16,2021-03-15 20:30,2021-03-16 01:30,Unbiased,118
2021-03-16,2021-03-15 20:30,2021-03-16 01:30,Adjusted,118
2021-03-16,2021-03-16 02:30,2021-03-16 07:30,Unbiased,229
2021-03-16,2021-03-16 02:30,2021-03-16 07:30,Adjusted,229
2021-03-17,2021-03-16 13:00,2021-03-16 16:00,Unbiased,0
2021-03-17,2021-03-16 13:00,2021-03-16 16:00,Adjusted,0
2021-03-17,2021-03-16 20:30,2021-03-17 01:30,Unbiased,149
2021-03-17,2021-03-16 20:30,2021-03-17 01:30,Adjusted,149
2021-03-17,2021-03-17 02:30,2021-03-17 07:30,Unbiased,263
2021-03-17,2021-03-17 02:30,2021-03-17 07:30,Adjusted,263
2021-03-18,2021-03-17 13:00,2021-03-17 16:00,Unbiased,40
2021-03-18,2021-03-17 13:00,2021-03-17 16:00,Adjusted,40
2021-03-18,2021-03-17 20:30,2021-03-18 01:30,Unbiased,187
2021-03-18,2021-03-17 20:30,2021-03-18 01:30,Adjusted,187
2021-03-18,2021-03-18 02:30,2021-03-18 07:30,Unbiased,290
2021-03-18,2021-03-18 02:30,2021-03-18 07:30,Adjusted,290
2021-03-19,2021-03-18 13:00,2021-03-18 16:00,Unbiased,36
2021-03-19,2021-03-18 13:00,2021-03-18 16:00,Adjusted,36
2021-03-19,2021-03-18 20:30,2021-03-19 01:30,Unbiased,164
2021-03-19,2021-03-18 20:30,2021-03-19 01:30,Adjusted,164
2021-03-19,2021-03-19 02:30,2021-03-19 07:30,Unbiased,268
2021-03-19,2021-03-19 02:30,2021-03-19 07:30,Adjusted,268
2021-03-20,2021-03-19 13:00,2021-03-19 16:00,Unbiased,8
2021-03-20,2021-03-19 13:00,2021-03-19 16:00,Adjusted,8
2021-03-20,2021-03-19 20:30,2021-03-20 01:30,Unbiased,180
2021-03-20,2021-03-19 20:30,2021-03-20 01:30,Adjusted,180
2021-03-20,2021-03-20 02:30,2021-03-20 07:30,Unbiased,290
2021-03-20,2021-03-20 02:30,2021-03-20 07:30,Adjusted,290
2021-03-21,2021-03-20 13:00,2021-03-20 16:00,Unbiased,0
2021-03-21,2021-03-20 13:00,2021-03-20 16:00,Adjusted,0
2021-03-21,2021-03-20 20:30,2021-03-21 01:30,Unbiased,106
2021-03-21,2021-03-20 20:30,2021-03-21 01:30,Adjusted,106
2021-03-21,2021-03-21 02:30,2021-03-21 07:30,Unbiased,237
2021-03-21,2021-03-21 02:30,2021-03-21 07:30,Adjusted,237
2021-03-22,2021-03-21 13:00,2021-03-21 16:00,Unbiased,0
2021-03-22,2021-03-21 13:00,2021-03-21 16:00,Adjusted,0
2021-03-22,2021-03-21 20:30,2021-03-22 01:30,Unbiased,144
2021-03-22,2021-03-21 20:30,2021-03-22 01:30,Adjusted,144
2021-03-22,2021-03-22 02:30,2021-03-22 07:30,Unbiased,243
2021-03-22,2021-03-22 02:30,2021-03-22 07:30,Adjusted,243
2021-03-23,2021-03-22 13:00,2021-03-22 16:00,Unbiased,0
2021-03-23,2021-03-22 13:00,2021-03-22 16:00,Adjusted,0
2021-03-23,2021-03-22 20:30,2021-03-23 01:30,Unbiased,96
2021-03-23,2021-03-22 20:30,2021-03-23 01:30,Adjusted,96
2021-03-23,2021-03-23 02:30,2021-03-23 07:30,Unbiased,234
2021-03-23,2021-03-23 02:30,2021-03-23 07:30,Adjusted,234
2021-03-24,2021-03-23 13:00,2021-03-23 16:00,Unbiased,0
2021-03-24,2021-03-23 13:00,2021-03-23 16:00,Adjusted,0
2021-03-24,2021-03-23 20:30,2021-03-24 01:30,Unbiased,137
2021-03-24,2021-03-23 20:30,2021-03-24 01:30,Adjusted,241
2021-03-24,2021-03-24 02:30,2021-03-24 07:30,Unbiased,256
2021-03-24,2021-03-24 02:30,2021-03-24 07:30,Adjusted,256
2021-03-25,2021-03-24 13:00,2021-03-24 16:00,Unbiased,0
2021-03-25,2021-03-24 13:00,2021-03-24 16:00,Adjusted,0
2021-03-25,2021-03-24 20:30,2021-03-25 01:30,Unbiased,82
2021-03-25,2021-03-24 20:30,2021-03-25 01:30,Adjusted,82
2021-03-25,2021-03-25 02:30,2021-03-25 07:30,Unbiased,240
2021-03-25,2021-03-25 02:30,2021-03-25 07:30,Adjusted,240
2021-03-26,2021-03-25 13:00,2021-03-25 16:00,Unbiased,0
2021-03-26,2021-03-25 13:00,2021-03-25 16:00,Adjusted,0
2021-03-26,2021-03-25 20:30,2021-03-26 01:30,Unbiased,75
2021-03-26,2021-03-25 20:30,2021-03-26 01:30,Adjusted,75
2021-03-26,2021-03-26 02:30,2021-03-26 07:30,Unbiased,194
2021-03-26,2021-03-26 02:30,2021-03-26 07:30,Adjusted,194
2021-03-27,2021-03-26 13:00,2021-03-26 16:00,Unbiased,0
2021-03-27,2021-03-26 13:00,2021-03-26 16:00,Adjusted,0
2021-03-27,2021-03-26 20:30,2021-03-27 01:30,Unbiased,179
2021-03-27,2021-03-26 20:30,2021-03-27 01:30,Adjusted,179
2021-03-27,2021-03-27 02:30,2021-03-27 07:30,Unbiased,295
2021-03-27,2021-03-27 02:30,2021-03-27 07:30,Adjusted,295
2021-03-28,2021-03-27 13:00,2021-03-27 16:00,Unbiased,0
2021-03-28,2021-03-27 13:00,2021-03-27 16:00,Adjusted,0
2021-03-28,2021-03-27 20:30,2021-03-28 01:30,Unbiased,100
2021-03-28,2021-03-27 20:30,2021-03-28 01:30,Adjusted,100
2021-03-28,2021-03-28 02:30,2021-03-28 07:30,Unbiased,211
2021-03-28,2021-03-28 02:30,2021-03-28 07:30,Adjusted,211
2021-03-29,2021-03-28 13:00,2021-03-28 16:00,Unbiased,0
2021-03-29,2021-03-28 13:00,2021-03-28 16:00,Adjusted,0
2021-03-29,2021-03-28 20:30,2021-03-29 01:30,Unbiased,73
2021-03-29,2021-03-28 20:30,2021-03-29 01:30,Adjusted,73
2021-03-29,2021-03-29 02:30,2021-03-29 07:30,Unbiased,194
2021-03-29,2021-03-29 02:30,2021-03-29 07:30,Adjusted,194
2021-03-30,2021-03-29 13:00,2021-03-29 16:00,Unbiased,0
2021-03-30,2021-03-29 13:00,2021-03-29 16:00,Adjusted,0
2021-03-30,2021-03-29 20:30,2021-03-30 01:30,Unbiased,14
2021-03-30,2021-03-29 20:30,2021-03-30 01:30,Adjusted,14
2021-03-30,2021-03-30 02:30,2021-03-30 07:30,Unbiased,186
2021-03-30,2021-03-30 02:30,2021-03-30 07:30,Adjusted,186
2021-03-31,2021-03-30 13:00,2021-03-30 16:00,Unbiased,0
2021-03-31,2021-03-30 13:00,2021-03-30 16:00,Adjusted,0
2021-03-31,2021-03-30 20:30,2021-03-31 01:30,Unbiased,0
2021-03-31,2021-03-30 20:30,2021-03-31 01:30,Adjusted,0
2021-03-31,2021-03-31 02:30,2021-03-31 07:30,Unbiased,88
2021-03-31,2021-03-31 02:30,2021-03-31 07:30,Adjusted,88
2021-04-01,2021-03-31 13:00,2021-03-31 16:00,Unbiased,0
2021-04-01,2021-03-31 13:00,2021-03-31 16:00,Adjusted,0
2021-04-01,2021-03-31 20:30,2021-04-01 01:30,Unbiased,0
2021-04-01,2021-03-31 20:30,2021-04-01 01:30,Adjusted,0
2021-04-01,2021-04-01 02:30,2021-04-01 07:30,Unbiased,168
2021-04-01,2021-04-01 02:30,2021-04-01 07:30,Adjusted,168
2021-04-02,2021-04-01 13:00,2021-04-01 16:00,Unbiased,0
2021-04-02,2021-04-01 13:00,2021-04-01 16:00,Adjusted,0
2021-04-02,2021-04-01 20:30,2021-04-02 01:30,Unbiased,177
2021-04-02,2021-04-01 20:30,2021-04-02 01:30,Adjusted,177
2021-04-02,2021-04-02 02:30,2021-04-02 07:30,Unbiased,292
2021-04-02,2021-04-02 02:30,2021-04-02 07:30,Adjusted,292
2021-04-03,2021-04-02 13:00,2021-04-02 16:00,Unbiased,19
2021-04-03,2021-04-02 13:00,2021-04-02 16:00,Adjusted,4
2021-04-03,2021-04-02 20:30,2021-04-03 01:30,Unbiased,167
2021-04-03,2021-04-02 20:30,2021-04-03 01:30,Adjusted,150
2021-04-03,2021-04-03 02:30,2021-04-03 07:30,Unbiased,278
2021-04-03,2021-04-03 02:30,2021-04-03 07:30,Adjusted,265
2021-04-04,2021-04-03 13:00,2021-04-03 16:00,Unbiased,26
2021-04-04,2021-04-03 13:00,2021-04-03 16:00,Adjusted,41
2021-04-04,2021-04-03 20:30,2021-04-04 01:30,Unbiased,174
2021-04-04,2021-04-03 20:30,2021-04-04 01:30,Adjusted,187
2021-04-04,2021-04-04 02:30,2021-04-04 07:30,Unbiased,291
2021-04-04,2021-04-04 02:30,2021-04-04 07:30,Adjusted,295
2021-04-05,2021-04-04 13:00,2021-04-04 16:00,Unbiased,0
2021-04-05,2021-04-04 13:00,2021-04-04 16:00,Adjusted,0
2021-04-05,2021-04-04 20:30,2021-04-05 01:30,Unbiased,47
2021-04-05,2021-04-04 20:30,2021-04-05 01:30,Adjusted,73
2021-04-05,2021-04-05 02:30,2021-04-05 07:30,Unbiased,207
2021-04-05,2021-04-05 02:30,2021-04-05 07:30,Adjusted,221
2021-04-06,2021-04-05 13:00,2021-04-05 16:00,Unbiased,53
2021-04-06,2021-04-05 13:00,2021-04-05 16:00,Adjusted,83
2021-04-06,2021-04-05 20:30,2021-04-06 01:30,Unbiased,194
2021-04-06,2021-04-05 20:30,2021-04-06 01:30,Adjusted,204
2021-04-06,2021-04-06 02:30,2021-04-06 07:30,Unbiased,295
2021-04-06,2021-04-06 02:30,2021-04-06 07:30,Adjusted,295
2021-04-07,2021-04-06 13:00,2021-04-06 16:00,Unbiased,30
2021-04-07,2021-04-06 13:00,2021-04-06 16:00,Adjusted,54
2021-04-07,2021-04-06 20:30,2021-04-07 01:30,Unbiased,218
2021-04-07,2021-04-06 20:30,2021-04-07 01:30,Adjusted,226
2021-04-07,2021-04-07 02:30,2021-04-07 07:30,Unbiased,295
2021-04-07,2021-04-07 02:30,2021-04-07 07:30,Adjusted,295
2021-04-08,2021-04-07 13:00,2021-04-07 16:00,Unbiased,41
2021-04-08,2021-04-07 13:00,2021-04-07 16:00,Adjusted,56
2021-04-08,2021-04-07 20:30,2021-04-08 01:30,Unbiased,176
2021-04-08,2021-04-07 20:30,2021-04-08 01:30,Adjusted,189
2021-04-08,2021-04-08 02:30,2021-04-08 07:30,Unbiased,283
2021-04-08,2021-04-08 02:30,2021-04-08 07:30,Adjusted,295
2021-04-09,2021-04-08 13:00,2021-04-08 16:00,Unbiased,0
2021-04-09,2021-04-08 13:00,2021-04-08 16:00,Adjusted,0
2021-04-09,2021-04-08 20:30,2021-04-09 01:30,Unbiased,106
2021-04-09,2021-04-08 20:30,2021-04-09 01:30,Adjusted,133
2021-04-09,2021-04-09 02:30,2021-04-09 07:30,Unbiased,242
2021-04-09,2021-04-09 02:30,2021-04-09 07:30,Adjusted,258
2021-04-10,2021-04-09 13:00,2021-04-09 16:00,Unbiased,0
2021-04-10,2021-04-09 13:00,2021-04-09 16:00,Adjusted,0
2021-04-10,2021-04-09 20:30,2021-04-10 01:30,Unbiased,115
2021-04-10,2021-04-09 20:30,2021-04-10 01:30,Adjusted,140
2021-04-10,2021-04-10 02:30,2021-04-10 07:30,Unbiased,249
2021-04-10,2021-04-10 02:30,2021-04-10 07:30,Adjusted,263
2021-04-11,2021-04-10 13:00,2021-04-10 16:00,Unbiased,56
2021-04-11,2021-04-10 13:00,2021-04-10 16:00,Adjusted,80
2021-04-11,2021-04-10 20:30,2021-04-11 01:30,Unbiased,201
2021-04-11,2021-04-10 20:30,2021-04-11 01:30,Adjusted,213
2021-04-11,2021-04-11 02:30,2021-04-11 07:30,Unbiased,295
2021-04-11,2021-04-11 02:30,2021-04-11 07:30,Adjusted,295
2021-04-12,2021-04-11 13:00,2021-04-11 16:00,Unbiased,19
2021-04-12,2021-04-11 13:00,2021-04-11 16:00,Adjusted,33
2021-04-12,2021-04-11 20:30,2021-04-12 01:30,Unbiased,192
2021-04-12,2021-04-11 20:30,2021-04-12 01:30,Adjusted,204
2021-04-12,2021-04-12 02:30,2021-04-12 07:30,Unbiased,295
2021-04-12,2021-04-12 02:30,2021-04-12 07:30,Adjusted,295
2021-04-13,2021-04-12 13:00,2021-04-12 16:00,Unbiased,8
2021-04-13,2021-04-12 13:00,2021-04-12 16:00,Adjusted,27
2021-04-13,2021-04-12 20:30,2021-04-13 01:30,Unbiased,151
2021-04-13,2021-04-12 20:30,2021-04-13 01:30,Adjusted,172
2021-04-13,2021-04-13 02:30,2021-04-13 07:30,Unbiased,273
2021-04-13,2021-04-13 02:30,2021-04-13 07:30,Adjusted,290
2021-04-14,2021-04-13 13:00,2021-04-13 16:00,Unbiased,0
2021-04-14,2021-04-13 13:00,2021-04-13 16:00,Adjusted,0
2021-04-14,2021-04-13 20:30,2021-04-14 01:30,Unbiased,117
2021-04-14,2021-04-13 20:30,2021-04-14 01:30,Adjusted,141
2021-04-14,2021-04-14 02:30,2021-04-14 07:30,Unbiased,222
2021-04-14,2021-04-14 02:30,2021-04-14 07:30,Adjusted,237
2021-04-15,2021-04-14 13:00,2021-04-14 16:00,Unbiased,0
2021-04-15,2021-04-14 13:00,2021-04-14 16:00,Adjusted,0
2021-04-15,2021-04-14 20:30,2021-04-15 01:30,Unbiased,173
2021-04-15,2021-04-14 20:30,2021-04-15 01:30,Adjusted,185
2021-04-15,2021-04-15 02:30,2021-04-15 07:30,Unbiased,295
2021-04-15,2021-04-15 02:30,2021-04-15 07:30,Adjusted,295
2021-04-16,2021-04-15 13:00,2021-04-15 16:00,Unbiased,32
2021-04-16,2021-04-15 13:00,2021-04-15 16:00,Adjusted,47
2021-04-16,2021-04-15 20:30,2021-04-16 01:30,Unbiased,189
2021-04-16,2021-04-15 20:30,2021-04-16 01:30,Adjusted,199
2021-04-16,2021-04-16 02:30,2021-04-16 07:30,Unbiased,295
2021-04-16,2021-04-16 02:30,2021-04-16 07:30,Adjusted,295
2021-04-17,2021-04-16 13:00,2021-04-16 16:00,Unbiased,0
2021-04-17,2021-04-16 13:00,2021-04-16 16:00,Adjusted,5
2021-04-17,2021-04-16 20:30,2021-04-17 01:30,Unbiased,166
2021-04-17,2021-04-16 20:30,2021-04-17 01:30,Adjusted,176
2021-04-17,2021-04-17 02:30,2021-04-17 07:30,Unbiased,291
2021-04-17,2021-04-17 02:30,2021-04-17 07:30,Adjusted,295
2021-04-18,2021-04-17 13:00,2021-04-17 16:00,Unbiased,0
2021-04-18,2021-04-17 13:00,2021-04-17 16:00,Adjusted,0
2021-04-18,2021-04-17 20:30,2021-04-18 01:30,Unbiased,121
2021-04-18,2021-04-17 20:30,2021-04-18 01:30,Adjusted,150
2021-04-18,2021-04-18 02:30,2021-04-18 07:30,Unbiased,243
2021-04-18,2021-04-18 02:30,2021-04-18 07:30,Adjusted,255
2021-04-19,2021-04-18 13:00,2021-04-18 16:00,Unbiased,0
2021-04-19,2021-04-18 13:00,2021-04-18 16:00,Adjusted,0
2021-04-19,2021-04-18 20:30,2021-04-19 01:30,Unbiased,85
2021-04-19,2021-04-18 20:30,2021-04-19 01:30,Adjusted,109
2021-04-19,2021-04-19 02:30,2021-04-19 07:30,Unbiased,223
2021-04-19,2021-04-19 02:30,2021-04-19 07:30,Adjusted,241
2021-04-20,2021-04-19 13:00,2021-04-19 16:00,Unbiased,0
2021-04-20,2021-04-19 13:00,2021-04-19 16:00,Adjusted,0
2021-04-20,2021-04-19 20:30,2021-04-20 01:30,Unbiased,24
2021-04-20,2021-04-19 20:30,2021-04-20 01:30,Adjusted,45
2021-04-20,2021-04-20 02:30,2021-04-20 07:30,Unbiased,217
2021-04-20,2021-04-20 02:30,2021-04-20 07:30,Adjusted,231
2021-04-21,2021-04-20 13:00,2021-04-20 16:00,Unbiased,0
2021-04-21,2021-04-20 13:00,2021-04-20 16:00,Adjusted,0
2021-04-21,2021-04-20 20:30,2021-04-21 01:30,Unbiased,24
2021-04-21,2021-04-20 20:30,2021-04-21 01:30,Adjusted,49
2021-04-21,2021-04-21 02:30,2021-04-21 07:30,Unbiased,203
2021-04-21,2021-04-21 02:30,2021-04-21 07:30,Adjusted,216
2021-04-22,2021-04-21 13:00,2021-04-21 16:00,Unbiased,0
2021-04-22,2021-04-21 13:00,2021-04-21 16:00,Adjusted,0
2021-04-22,2021-04-21 20:30,2021-04-22 01:30,Unbiased,170
2021-04-22,2021-04-21 20:30,2021-04-22 01:30,Adjusted,180
2021-04-22,2021-04-22 02:30,2021-04-22 07:30,Unbiased,295
2021-04-22,2021-04-22 02:30,2021-04-22 07:30,Adjusted,295
2021-04-23,2021-04-22 13:00,2021-04-22 16:00,Unbiased,0
2021-04-23,2021-04-22 13:00,2021-04-22 16:00,Adjusted,0
2021-04-23,2021-04-22 20:30,2021-04-23 01:30,Unbiased,174
2021-04-23,2021-04-22 20:30,2021-04-23 01:30,Adjusted,185
2021-04-23,2021-04-23 02:30,2021-04-23 07:30,Unbiased,292
2021-04-23,2021-04-23 02:30,2021-04-23 07:30,Adjusted,295
2021-04-24,2021-04-23 13:00,2021-04-23 16:00,Unbiased,0
2021-04-24,2021-04-23 13:00,2021-04-23 16:00,Adjusted,0
2021-04-24,2021-04-23 20:30,2021-04-24 01:30,Unbiased,138
2021-04-24,2021-04-23 20:30,2021-04-24 01:30,Adjusted,162
2021-04-24,2021-04-24 02:30,2021-04-24 07:30,Unbiased,264
2021-04-24,2021-04-24 02:30,2021-04-24 07:30,Adjusted,278
2021-04-25,2021-04-24 13:00,2021-04-24 16:00,Unbiased,0
2021-04-25,2021-04-24 13:00,2021-04-24 16:00,Adjusted,0
2021-04-25,2021-04-24 20:30,2021-04-25 01:30,Unbiased,149
2021-04-25,2021-04-24 20:30,2021-04-25 01:30,Adjusted,162
2021-04-25,2021-04-25 02:30,2021-04-25 07:30,Unbiased,281
2021-04-25,2021-04-25 02:30,2021-04-25 07:30,Adjusted,295
2021-04-26,2021-04-25 13:00,2021-04-25 16:00,Unbiased,0
2021-04-26,2021-04-25 13:00,2021-04-25 16:00,Adjusted,0
2021-04-26,2021-04-25 20:30,2021-04-26 01:30,Unbiased,175
2021-04-26,2021-04-25 20:30,2021-04-26 01:30,Adjusted,186
2021-04-26,2021-04-26 02:30,2021-04-26 07:30,Unbiased,291
2021-04-26,2021-04-26 02:30,2021-04-26 07:30,Adjusted,295
2021-04-30,2021-04-29 13:00,2021-04-29 16:00,Unbiased,0
2021-04-30,2021-04-29 13:00,2021-04-29 16:00,Adjusted,0
2021-04-30,2021-04-29 20:30,2021-04-30 01:30,Unbiased,139
2021-04-30,2021-04-29 20:30,2021-04-30 01:30,Adjusted,139
2021-04-30,2021-04-30 02:30,2021-04-30 07:30,Unbiased,271
2021-04-30,2021-04-30 02:30,2021-04-30 07:30,Adjusted,271
2021-05-01,2021-04-30 13:00,2021-04-30 16:00,Unbiased,0
2021-05-01,2021-04-30 13:00,2021-04-30 16:00,Adjusted,0
2021-05-01,2021-04-30 20:30,2021-05-01 01:30,Unbiased,73
2021-05-01,2021-04-30 20:30,2021-05-01 01:30,Adjusted,73
2021-05-01,2021-05-01 02:30,2021-05-01 07:30,Unbiased,253
2021-05-01,2021-05-01 02:30,2021-05-01 07:30,Adjusted,253
2021-05-02,2021-05-01 13:00,2021-05-01 16:00,Unbiased,0
2021-05-02,2021-05-01 13:00,2021-05-01 16:00,Adjusted,0
2021-05-02,2021-05-01 20:30,2021-05-02 01:30,Unbiased,125
2021-05-02,2021-05-01 20:30,2021-05-02 01:30,Adjusted,125
2021-05-02,2021-05-02 02:30,2021-05-02 07:30,Unbiased,244
2021-05-02,2021-05-02 02:30,2021-05-02 07:30,Adjusted,244
2021-05-03,2021-05-02 13:00,2021-05-02 16:00,Unbiased,0
2021-05-03,2021-05-02 13:00,2021-05-02 16:00,Adjusted,0
2021-05-03,2021-05-02 20:30,2021-05-03 01:30,Unbiased,54
2021-05-03,2021-05-02 20:30,2021-05-03 01:30,Adjusted,54
2021-05-03,2021-05-03 02:30,2021-05-03 07:30,Unbiased,206
2021-05-03,2021-05-03 02:30,2021-05-03 07:30,Adjusted,206
2021-05-04,2021-05-03 13:00,2021-05-03 16:00,Unbiased,0
2021-05-04,2021-05-03 13:00,2021-05-03 16:00,Adjusted,0
2021-05-04,2021-05-03 20:30,2021-05-04 01:30,Unbiased,73
2021-05-04,2021-05-03 20:30,2021-05-04 01:30,Adjusted,73
2021-05-04,2021-05-04 02:30,2021-05-04 07:30,Unbiased,202
2021-05-04,2021-05-04 02:30,2021-05-04 07:30,Adjusted,202
2021-05-05,2021-05-04 13:00,2021-05-04 16:00,Unbiased,0
2021-05-05,2021-05-04 13:00,2021-05-04 16:00,Adjusted,0
2021-05-05,2021-05-04 20:30,2021-05-05 01:30,Unbiased,119
2021-05-05,2021-05-04 20:30,2021-05-05 01:30,Adjusted,119
2021-05-05,2021-05-05 02:30,2021-05-05 07:30,Unbiased,254
2021-05-05,2021-05-05 02:30,2021-05-05 07:30,Adjusted,254
2021-05-06,2021-05-05 13:00,2021-05-05 16:00,Unbiased,0
2021-05-06,2021-05-05 13:00,2021-05-05 16:00,Adjusted,0
2021-05-06,2021-05-05 20:30,2021-05-06 01:30,Unbiased,163
2021-05-06,2021-05-05 20:30,2021-05-06 01:30,Adjusted,163
2021-05-06,2021-05-06 02:30,2021-05-06 07:30,Unbiased,275
2021-05-06,2021-05-06 02:30,2021-05-06 07:30,Adjusted,275
2021-05-07,2021-05-06 13:00,2021-05-06 16:00,Unbiased,0
2021-05-07,2021-05-06 13:00,2021-05-06 16:00,Adjusted,0
2021-05-07,2021-05-06 20:30,2021-05-07 01:30,Unbiased,85
2021-05-07,2021-05-06 20:30,2021-05-07 01:30,Adjusted,85
2021-05-07,2021-05-07 02:30,2021-05-07 07:30,Unbiased,241
2021-05-07,2021-05-07 02:30,2021-05-07 07:30,Adjusted,241
2021-05-08,2021-05-07 13:00,2021-05-07 16:00,Unbiased,0
2021-05-08,2021-05-07 13:00,2021-05-07 16:00,Adjusted,0
2021-05-08,2021-05-07 20:30,2021-05-08 01:30,Unbiased,27
2021-05-08,2021-05-07 20:30,2021-05-08 01:30,Adjusted,27
2021-05-08,2021-05-08 02:30,2021-05-08 07:30,Unbiased,190
2021-05-08,2021-05-08 02:30,2021-05-08 07:30,Adjusted,190
2021-05-09,2021-05-08 13:00,2021-05-08 16:00,Unbiased,0
2021-05-09,2021-05-08 13:00,2021-05-08 16:00,Adjusted,0
2021-05-09,2021-05-08 20:30,2021-05-09 01:30,Unbiased,0
2021-05-09,2021-05-08 20:30,2021-05-09 01:30,Adjusted,0
2021-05-09,2021-05-09 02:30,2021-05-09 07:30,Unbiased,79
2021-05-09,2021-05-09 02:30,2021-05-09 07:30,Adjusted,79
2021-05-10,2021-05-09 13:00,2021-05-09 16:00,Unbiased,0
2021-05-10,2021-05-09 13:00,2021-05-09 16:00,Adjusted,0
2021-05-10,2021-05-09 20:30,2021-05-10 01:30,Unbiased,0
2021-05-10,2021-05-09 20:30,2021-05-10 01:30,Adjusted,0
2021-05-10,2021-05-10 02:30,2021-05-10 07:30,Unbiased,59
2021-05-10,2021-05-10 02:30,2021-05-10 07:30,Adjusted,59
2021-05-11,2021-05-10 13:00,2021-05-10 16:00,Unbiased,0
2021-05-11,2021-05-10 13:00,2021-05-10 16:00,Adjusted,0
2021-05-11,2021-05-10 20:30,2021-05-11 01:30,Unbiased,0
2021-05-11,2021-05-10 20:30,2021-05-11 01:30,Adjusted,0
2021-05-11,2021-05-11 02:30,2021-05-11 07:30,Unbiased,155
2021-05-11,2021-05-11 02:30,2021-05-11 07:30,Adjusted,155
2021-05-12,2021-05-11 13:00,2021-05-11 16:00,Unbiased,0
2021-05-12,2021-05-11 13:00,2021-05-11 16:00,Adjusted,0
2021-05-12,2021-05-11 20:30,2021-05-12 01:30,Unbiased,0
2021-05-12,2021-05-11 20:30,2021-05-12 01:30,Adjusted,0
2021-05-12,2021-05-12 02:30,2021-05-12 07:30,Unbiased,107
2021-05-12,2021-05-12 02:30,2021-05-12 07:30,Adjusted,107
2021-05-13,2021-05-12 13:00,2021-05-12 16:00,Unbiased,0
2021-05-13,2021-05-12 13:00,2021-05-12 16:00,Adjusted,0
2021-05-13,2021-05-12 20:30,2021-05-13 01:30,Unbiased,0
2021-05-13,2021-05-12 20:30,2021-05-13 01:30,Adjusted,0
2021-05-13,2021-05-13 02:30,2021-05-13 07:30,Unbiased,136
2021-05-13,2021-05-13 02:30,2021-05-13 07:30,Adjusted,136
2021-05-14,2021-05-13 13:00,2021-05-13 16:00,Unbiased,0
2021-05-14,2021-05-13 13:00,2021-05-13 16:00,Adjusted,0
2021-05-14,2021-05-13 20:30,2021-05-14 01:30,Unbiased,75
2021-05-14,2021-05-13 20:30,2021-05-14 01:30,Adjusted,75
2021-05-14,2021-05-14 02:30,2021-05-14 07:30,Unbiased,216
2021-05-14,2021-05-14 02:30,2021-05-14 07:30,Adjusted,216
2021-05-15,2021-05-14 13:00,2021-05-14 16:00,Unbiased,0
2021-05-15,2021-05-14 13:00,2021-05-14 16:00,Adjusted,0
2021-05-15,2021-05-14 20:30,2021-05-15 01:30,Unbiased,30
2021-05-15,2021-05-14 20:30,2021-05-15 01:30,Adjusted,30
2021-05-15,2021-05-15 02:30,2021-05-15 07:30,Unbiased,194
2021-05-15,2021-05-15 02:30,2021-05-15 07:30,Adjusted,194
2021-05-16,2021-05-15 13:00,2021-05-15 16:00,Unbiased,0
2021-05-16,2021-05-15 13:00,2021-05-15 16:00,Adjusted,0
2021-05-16,2021-05-15 20:30,2021-05-16 01:30,Unbiased,44
2021-05-16,2021-05-15 20:30,2021-05-16 01:30,Adjusted,44
2021-05-16,2021-05-16 02:30,2021-05-16 07:30,Unbiased,198
2021-05-16,2021-05-16 02:30,2021-05-16 07:30,Adjusted,198
2021-05-17,2021-05-16 13:00,2021-05-16 16:00,Unbiased,0
2021-05-17,2021-05-16 13:00,2021-05-16 16:00,Adjusted,0
2021-05-17,2021-05-16 20:30,2021-05-17 01:30,Unbiased,33
2021-05-17,2021-05-16 20:30,2021-05-17 01:30,Adjusted,33
2021-05-17,2021-05-17 02:30,2021-05-17 07:30,Unbiased,167
2021-05-17,2021-05-17 02:30,2021-05-17 07:30,Adjusted,167
2021-05-18,2021-05-17 13:00,2021-05-17 16:00,Unbiased,0
2021-05-18,2021-05-17 13:00,2021-05-17 16:00,Adjusted,0
2021-05-18,2021-05-17 20:30,2021-05-18 01:30,Unbiased,54
2021-05-18,2021-05-17 20:30,2021-05-18 01:30,Adjusted,54
2021-05-18,2021-05-18 02:30,2021-05-18 07:30,Unbiased,163
2021-05-18,2021-05-18 02:30,2021-05-18 07:30,Adjusted,163
2021-05-19,2021-05-18 13:00,2021-05-18 16:00,Unbiased,0
2021-05-19,2021-05-18 13:00,2021-05-18 16:00,Adjusted,0
2021-05-19,2021-05-18 20:30,2021-05-19 01:30,Unbiased,0
2021-05-19,2021-05-18 20:30,2021-05-19 01:30,Adjusted,0
2021-05-19,2021-05-19 02:30,2021-05-19 07:30,Unbiased,150
2021-05-19,2021-05-19 02:30,2021-05-19 07:30,Adjusted,150
2021-05-20,2021-05-19 13:00,2021-05-19 16:00,Unbiased,0
2021-05-20,2021-05-19 13:00,2021-05-19 16:00,Adjusted,0
2021-05-20,2021-05-19 20:30,2021-05-20 01:30,Unbiased,0
2021-05-20,2021-05-19 20:30,2021-05-20 01:30,Adjusted,0
2021-05-20,2021-05-20 02:30,2021-05-20 07:30,Unbiased,155
2021-05-20,2021-05-20 02:30,2021-05-20 07:30,Adjusted,155
2021-05-21,2021-05-20 13:00,2021-05-20 16:00,Unbiased,0
2021-05-21,2021-05-20 13:00,2021-05-20 16:00,Adjusted,0
2021-05-21,2021-05-20 20:30,2021-05-21 01:30,Unbiased,22
2021-05-21,2021-05-20 20:30,2021-05-21 01:30,Adjusted,22
2021-05-21,2021-05-21 02:30,2021-05-21 07:30,Unbiased,131
2021-05-21,2021-05-21 02:30,2021-05-21 07:30,Adjusted,131
2021-05-22,2021-05-21 13:00,2021-05-21 16:00,Unbiased,0
2021-05-22,2021-05-21 13:00,2021-05-21 16:00,Adjusted,0
2021-05-22,2021-05-21 20:30,2021-05-22 01:30,Unbiased,54
2021-05-22,2021-05-21 20:30,2021-05-22 01:30,Adjusted,54
2021-05-22,2021-05-22 02:30,2021-05-22 07:30,Unbiased,189
2021-05-22,2021-05-22 02:30,2021-05-22 07:30,Adjusted,189
2021-05-23,2021-05-22 13:00,2021-05-22 16:00,Unbiased,0
2021-05-23,2021-05-22 13:00,2021-05-22 16:00,Adjusted,0
2021-05-23,2021-05-22 20:30,2021-05-23 01:30,Unbiased,38
2021-05-23,2021-05-22 20:30,2021-05-23 01:30,Adjusted,38
2021-05-23,2021-05-23 02:30,2021-05-23 07:30,Unbiased,208
2021-05-23,2021-05-23 02:30,2021-05-23 07:30,Adjusted,208
2021-05-24,2021-05-23 13:00,2021-05-23 16:00,Unbiased,0
2021-05-24,2021-05-23 13:00,2021-05-23 16:00,Adjusted,0
2021-05-24,2021-05-23 20:30,2021-05-24 01:30,Unbiased,34
2021-05-24,2021-05-23 20:30,2021-05-24 01:30,Adjusted,34
2021-05-24,2021-05-24 02:30,2021-05-24 07:30,Unbiased,169
2021-05-24,2021-05-24 02:30,2021-05-24 07:30,Adjusted,169
2021-05-25,2021-05-24 13:00,2021-05-24 16:00,Unbiased,0
2021-05-25,2021-05-24 13:00,2021-05-24 16:00,Adjusted,0
2021-05-25,2021-05-24 20:30,2021-05-25 01:30,Unbiased,65
2021-05-25,2021-05-24 20:30,2021-05-25 01:30,Adjusted,65
2021-05-25,2021-05-25 02:30,2021-05-25 07:30,Unbiased,221
2021-05-25,2021-05-25 02:30,2021-05-25 07:30,Adjusted,221
2021-05-26,2021-05-25 13:00,2021-05-25 16:00,Unbiased,0
2021-05-26,2021-05-25 13:00,2021-05-25 16:00,Adjusted,0
2021-05-26,2021-05-25 20:30,2021-05-26 01:30,Unbiased,39
2021-05-26,2021-05-25 20:30,2021-05-26 01:30,Adjusted,39
2021-05-26,2021-05-26 02:30,2021-05-26 07:30,Unbiased,203
2021-05-26,2021-05-26 02:30,2021-05-26 07:30,Adjusted,203
2021-05-27,2021-05-26 13:00,2021-05-26 16:00,Unbiased,0
2021-05-27,2021-05-26 13:00,2021-05-26 16:00,Adjusted,0
2021-05-27,2021-05-26 20:30,2021-05-27 01:30,Unbiased,0
2021-05-27,2021-05-26 20:30,2021-05-27 01:30,Adjusted,0
2021-05-27,2021-05-27 02:30,2021-05-27 07:30,Unbiased,94
2021-05-27,2021-05-27 02:30,2021-05-27 07:30,Adjusted,94
2021-10-02,2021-10-01 13:00,2021-10-01 16:00,Unbiased,0
2021-10-02,2021-10-01 13:00,2021-10-01 16:00,Adjusted,0
2021-10-02,2021-10-01 20:30,2021-10-02 01:30,Unbiased,50
2021-10-02,2021-10-01 20:30,2021-10-02 01:30,Adjusted,80
2021-10-02,2021-10-02 02:30,2021-10-02 07:30,Unbiased,166
2021-10-02,2021-10-02 02:30,2021-10-02 07:30,Adjusted,189
2021-10-03,2021-10-02 13:00,2021-10-02 16:00,Unbiased,0
2021-10-03,2021-10-02 13:00,2021-10-02 16:00,Adjusted,0
2021-10-03,2021-10-02 20:30,2021-10-03 01:30,Unbiased,0
2021-10-03,2021-10-02 20:30,2021-10-03 01:30,Adjusted,32
2021-10-03,2021-10-03 02:30,2021-10-03 07:30,Unbiased,153
2021-10-03,2021-10-03 02:30,2021-10-03 07:30,Adjusted,182
2021-10-04,2021-10-03 13:00,2021-10-03 16:00,Unbiased,0
2021-10-04,2021-10-03 13:00,2021-10-03 16:00,Adjusted,0
2021-10-04,2021-10-03 20:30,2021-10-04 01:30,Unbiased,13
2021-10-04,2021-10-03 20:30,2021-10-04 01:30,Adjusted,43
2021-10-04,2021-10-04 02:30,2021-10-04 07:30,Unbiased,148
2021-10-04,2021-10-04 02:30,2021-10-04 07:30,Adjusted,171
2021-10-05,2021-10-04 13:00,2021-10-04 16:00,Unbiased,0
2021-10-05,2021-10-04 13:00,2021-10-04 16:00,Adjusted,0
2021-10-05,2021-10-04 20:30,2021-10-05 01:30,Unbiased,0
2021-10-05,2021-10-04 20:30,2021-10-05 01:30,Adjusted,5
2021-10-05,2021-10-05 02:30,2021-10-05 07:30,Unbiased,124
2021-10-05,2021-10-05 02:30,2021-10-05 07:30,Adjusted,154
2021-10-06,2021-10-05 13:00,2021-10-05 16:00,Unbiased,0
2021-10-06,2021-10-05 13:00,2021-10-05 16:00,Adjusted,0
2021-10-06,2021-10-05 20:30,2021-10-06 01:30,Unbiased,36
2021-10-06,2021-10-05 20:30,2021-10-06 01:30,Adjusted,58
2021-10-06,2021-10-06 02:30,2021-10-06 07:30,Unbiased,181
2021-10-06,2021-10-06 02:30,2021-10-06 07:30,Adjusted,196
2021-10-07,2021-10-06 13:00,2021-10-06 16:00,Unbiased,0
2021-10-07,2021-10-06 13:00,2021-10-06 16:00,Adjusted,0
2021-10-07,2021-10-06 20:30,2021-10-07 01:30,Unbiased,0
2021-10-07,2021-10-06 20:30,2021-10-07 01:30,Adjusted,0
2021-10-07,2021-10-07 02:30,2021-10-07 07:30,Unbiased,45
2021-10-07,2021-10-07 02:30,2021-10-07 07:30,Adjusted,76
2021-10-08,2021-10-07 13:00,2021-10-07 16:00,Unbiased,0
2021-10-08,2021-10-07 13:00,2021-10-07 16:00,Adjusted,0
2021-10-08,2021-10-07 20:30,2021-10-08 01:30,Unbiased,0
2021-10-08,2021-10-07 20:30,2021-10-08 01:30,Adjusted,0
2021-10-08,2021-10-08 02:30,2021-10-08 07:30,Unbiased,0
2021-10-08,2021-10-08 02:30,2021-10-08 07:30,Adjusted,13
2021-10-09,2021-10-08 13:00,2021-10-08 16:00,Unbiased,0
2021-10-09,2021-10-08 13:00,2021-10-08 16:00,Adjusted,0
2021-10-09,2021-10-08 20:30,2021-10-09 01:30,Unbiased,0
2021-10-09,2021-10-08 20:30,2021-10-09 01:30,Adjusted,0
2021-10-09,2021-10-09 02:30,2021-10-09 07:30,Unbiased,150
2021-10-09,2021-10-09 02:30,2021-10-09 07:30,Adjusted,164
2021-10-10,2021-10-09 13:00,2021-10-09 16:00,Unbiased,0
2021-10-10,2021-10-09 13:00,2021-10-09 16:00,Adjusted,0
2021-10-10,2021-10-09 20:30,2021-10-10 01:30,Unbiased,0
2021-10-10,2021-10-09 20:30,2021-10-10 01:30,Adjusted,0
2021-10-10,2021-10-10 02:30,2021-10-10 07:30,Unbiased,71
2021-10-10,2021-10-10 02:30,2021-10-10 07:30,Adjusted,107
2021-10-11,2021-10-10 13:00,2021-10-10 16:00,Unbiased,0
2021-10-11,2021-10-10 13:00,2021-10-10 16:00,Adjusted,0
2021-10-11,2021-10-10 20:30,2021-10-11 01:30,Unbiased,4
2021-10-11,2021-10-10 20:30,2021-10-11 01:30,Adjusted,25
2021-10-11,2021-10-11 02:30,2021-10-11 07:30,Unbiased,175
2021-10-11,2021-10-11 02:30,2021-10-11 07:30,Adjusted,188
2021-10-12,2021-10-11 13:00,2021-10-11 16:00,Unbiased,0
2021-10-12,2021-10-11 13:00,2021-10-11 16:00,Adjusted,0
2021-10-12,2021-10-11 20:30,2021-10-12 01:30,Unbiased,17
2021-10-12,2021-10-11 20:30,2021-10-12 01:30,Adjusted,39
2021-10-12,2021-10-12 02:30,2021-10-12 07:30,Unbiased,176
2021-10-12,2021-10-12 02:30,2021-10-12 07:30,Adjusted,190
2021-10-13,2021-10-12 13:00,2021-10-12 16:00,Unbiased,0
2021-10-13,2021-10-12 13:00,2021-10-12 16:00,Adjusted,0
2021-10-13,2021-10-12 20:30,2021-10-13 01:30,Unbiased,28
2021-10-13,2021-10-12 20:30,2021-10-13 01:30,Adjusted,49
2021-10-13,2021-10-13 02:30,2021-10-13 07:30,Unbiased,192
2021-10-13,2021-10-13 02:30,2021-10-13 07:30,Adjusted,207
2021-10-14,2021-10-13 13:00,2021-10-13 16:00,Unbiased,0
2021-10-14,2021-10-13 13:00,2021-10-13 16:00,Adjusted,0
2021-10-14,2021-10-13 20:30,2021-10-14 01:30,Unbiased,0
2021-10-14,2021-10-13 20:30,2021-10-14 01:30,Adjusted,9
2021-10-14,2021-10-14 02:30,2021-10-14 07:30,Unbiased,104
2021-10-14,2021-10-14 02:30,2021-10-14 07:30,Adjusted,138
2021-10-15,2021-10-14 13:00,2021-10-14 16:00,Unbiased,0
2021-10-15,2021-10-14 13:00,2021-10-14 16:00,Adjusted,0
2021-10-15,2021-10-14 20:30,2021-10-15 01:30,Unbiased,0
2021-10-15,2021-10-14 20:30,2021-10-15 01:30,Adjusted,0
2021-10-15,2021-10-15 02:30,2021-10-15 07:30,Unbiased,63
2021-10-15,2021-10-15 02:30,2021-10-15 07:30,Adjusted,96
2021-10-16,2021-10-15 13:00,2021-10-15 16:00,Unbiased,0
2021-10-16,2021-10-15 13:00,2021-10-15 16:00,Adjusted,0
2021-10-16,2021-10-15 20:30,2021-10-16 01:30,Unbiased,30
2021-10-16,2021-10-15 20:30,2021-10-16 01:30,Adjusted,53
2021-10-16,2021-10-16 02:30,2021-10-16 07:30,Unbiased,188
2021-10-16,2021-10-16 02:30,2021-10-16 07:30,Adjusted,205
2021-10-17,2021-10-16 13:00,2021-10-16 16:00,Unbiased,0
2021-10-17,2021-10-16 13:00,2021-10-16 16:00,Adjusted,0
2021-10-17,2021-10-16 20:30,2021-10-17 01:30,Unbiased,7
2021-10-17,2021-10-16 20:30,2021-10-17 01:30,Adjusted,28
2021-10-17,2021-10-17 02:30,2021-10-17 07:30,Unbiased,113
2021-10-17,2021-10-17 02:30,2021-10-17 07:30,Adjusted,144
2021-10-18,2021-10-17 13:00,2021-10-17 16:00,Unbiased,0
2021-10-18,2021-10-17 13:00,2021-10-17 16:00,Adjusted,0
2021-10-18,2021-10-17 20:30,2021-10-18 01:30,Unbiased,2
2021-10-18,2021-10-17 20:30,2021-10-18 01:30,Adjusted,24
2021-10-18,2021-10-18 02:30,2021-10-18 07:30,Unbiased,136
2021-10-18,2021-10-18 02:30,2021-10-18 07:30,Adjusted,163
2021-10-19,2021-10-18 13:00,2021-10-18 16:00,Unbiased,0
2021-10-19,2021-10-18 13:00,2021-10-18 16:00,Adjusted,0
2021-10-19,2021-10-18 20:30,2021-10-19 01:30,Unbiased,0
2021-10-19,2021-10-18 20:30,2021-10-19 01:30,Adjusted,0
2021-10-19,2021-10-19 02:30,2021-10-19 07:30,Unbiased,0
2021-10-19,2021-10-19 02:30,2021-10-19 07:30,Adjusted,0
2021-10-20,2021-10-19 13:00,2021-10-19 16:00,Unbiased,0
2021-10-20,2021-10-19 13:00,2021-10-19 16:00,Adjusted,0
2021-10-20,2021-10-19 20:30,2021-10-20 01:30,Unbiased,0
2021-10-20,2021-10-19 20:30,2021-10-20 01:30,Adjusted,0
2021-10-20,2021-10-20 02:30,2021-10-20 07:30,Unbiased,0
2021-10-20,2021-10-20 02:30,2021-10-20 07:30,Adjusted,0
2021-10-21,2021-10-20 13:00,2021-10-20 16:00,Unbiased,0
2021-10-21,2021-10-20 13:00,2021-10-20 16:00,Adjusted,0
2021-10-21,2021-10-20 20:30,2021-10-21 01:30,Unbiased,50
2021-10-21,2021-10-20 20:30,2021-10-21 01:30,Adjusted,75
2021-10-21,2021-10-21 02:30,2021-10-21 07:30,Unbiased,207
2021-10-21,2021-10-21 02:30,2021-10-21 07:30,Adjusted,221
2021-10-22,2021-10-21 13:00,2021-10-21 16:00,Unbiased,0
2021-10-22,2021-10-21 13:00,2021-10-21 16:00,Adjusted,0
2021-10-22,2021-10-21 20:30,2021-10-22 01:30,Unbiased,119
2021-10-22,2021-10-21 20:30,2021-10-22 01:30,Adjusted,141
2021-10-22,2021-10-22 02:30,2021-10-22 07:30,Unbiased,251
2021-10-22,2021-10-22 02:30,2021-10-22 07:30,Adjusted,266
2021-10-23,2021-10-22 13:00,2021-10-22 16:00,Unbiased,0
2021-10-23,2021-10-22 13:00,2021-10-22 16:00,Adjusted,0
2021-10-23,2021-10-22 20:30,2021-10-23 01:30,Unbiased,52
2021-10-23,2021-10-22 20:30,2021-10-23 01:30,Adjusted,73
2021-10-23,2021-10-23 02:30,2021-10-23 07:30,Unbiased,184
2021-10-23,2021-10-23 02:30,2021-10-23 07:30,Adjusted,199
2021-10-24,2021-10-23 13:00,2021-10-23 16:00,Unbiased,0
2021-10-24,2021-10-23 13:00,2021-10-23 16:00,Adjusted,0
2021-10-24,2021-10-23 20:30,2021-10-24 01:30,Unbiased,8
2021-10-24,2021-10-23 20:30,2021-10-24 01:30,Adjusted,30
2021-10-24,2021-10-24 02:30,2021-10-24 07:30,Unbiased,119
2021-10-24,2021-10-24 02:30,2021-10-24 07:30,Adjusted,150
2021-10-25,2021-10-24 13:00,2021-10-24 16:00,Unbiased,0
2021-10-25,2021-10-24 13:00,2021-10-24 16:00,Adjusted,0
2021-10-25,2021-10-24 20:30,2021-10-25 01:30,Unbiased,0
2021-10-25,2021-10-24 20:30,2021-10-25 01:30,Adjusted,3
2021-10-25,2021-10-25 02:30,2021-10-25 07:30,Unbiased,135
2021-10-25,2021-10-25 02:30,2021-10-25 07:30,Adjusted,164
2021-10-26,2021-10-25 13:00,2021-10-25 16:00,Unbiased,0
2021-10-26,2021-10-25 13:00,2021-10-25 16:00,Adjusted,0
2021-10-26,2021-10-25 20:30,2021-10-26 01:30,Unbiased,26
2021-10-26,2021-10-25 20:30,2021-10-26 01:30,Adjusted,48
2021-10-26,2021-10-26 02:30,2021-10-26 07:30,Unbiased,157
2021-10-26,2021-10-26 02:30,2021-10-26 07:30,Adjusted,175
2021-10-27,2021-10-26 13:00,2021-10-26 16:00,Unbiased,0
2021-10-27,2021-10-26 13:00,2021-10-26 16:00,Adjusted,0
2021-10-27,2021-10-26 20:30,2021-10-27 01:30,Unbiased,0
2021-10-27,2021-10-26 20:30,2021-10-27 01:30,Adjusted,0
2021-10-27,2021-10-27 02:30,2021-10-27 07:30,Unbiased,16
2021-10-27,2021-10-27 02:30,2021-10-27 07:30,Adjusted,47
2021-10-28,2021-10-27 13:00,2021-10-27 16:00,Unbiased,0
2021-10-28,2021-10-27 13:00,2021-10-27 16:00,Adjusted,0
2021-10-28,2021-10-27 20:30,2021-10-28 01:30,Unbiased,0
2021-10-28,2021-10-27 20:30,2021-10-28 01:30,Adjusted,0
2021-10-28,2021-10-28 02:30,2021-10-28 07:30,Unbiased,106
2021-10-28,2021-10-28 02:30,2021-10-28 07:30,Adjusted,138
2021-10-29,2021-10-28 13:00,2021-10-28 16:00,Unbiased,0
2021-10-29,2021-10-28 13:00,2021-10-28 16:00,Adjusted,0
2021-10-29,2021-10-28 20:30,2021-10-29 01:30,Unbiased,0
2021-10-29,2021-10-28 20:30,2021-10-29 01:30,Adjusted,0
2021-10-29,2021-10-29 02:30,2021-10-29 07:30,Unbiased,48
2021-10-29,2021-10-29 02:30,2021-10-29 07:30,Adjusted,86
2021-10-30,2021-10-29 13:00,2021-10-29 16:00,Unbiased,0
2021-10-30,2021-10-29 13:00,2021-10-29 16:00,Adjusted,0
2021-10-30,2021-10-29 20:30,2021-10-30 01:30,Unbiased,47
2021-10-30,2021-10-29 20:30,2021-10-30 01:30,Adjusted,67
2021-10-30,2021-10-30 02:30,2021-10-30 07:30,Unbiased,164
2021-10-30,2021-10-30 02:30,2021-10-30 07:30,Adjusted,189
2021-10-31,2021-10-30 13:00,2021-10-30 16:00,Unbiased,0
2021-10-31,2021-10-30 13:00,2021-10-30 16:00,Adjusted,0
2021-10-31,2021-10-30 20:30,2021-10-31 01:30,Unbiased,67
2021-10-31,2021-10-30 20:30,2021-10-31 01:30,Adjusted,87
2021-10-31,2021-10-31 02:30,2021-10-31 07:30,Unbiased,177
2021-10-31,2021-10-31 02:30,2021-10-31 07:30,Adjusted,199
2021-11-01,2021-10-31 13:00,2021-10-31 16:00,Unbiased,0
2021-11-01,2021-10-31 13:00,2021-10-31 16:00,Adjusted,0
2021-11-01,2021-10-31 20:30,2021-11-01 01:30,Unbiased,78
2021-11-01,2021-10-31 20:30,2021-11-01 01:30,Adjusted,99
2021-11-01,2021-11-01 02:30,2021-11-01 07:30,Unbiased,199
2021-11-01,2021-11-01 02:30,2021-11-01 07:30,Adjusted,215
2021-11-02,2021-11-01 13:00,2021-11-01 16:00,Unbiased,0
2021-11-02,2021-11-01 13:00,2021-11-01 16:00,Adjusted,0
2021-11-02,2021-11-01 20:30,2021-11-02 01:30,Unbiased,131
2021-11-02,2021-11-01 20:30,2021-11-02 01:30,Adjusted,152
2021-11-02,2021-11-02 02:30,2021-11-02 07:30,Unbiased,253
2021-11-02,2021-11-02 02:30,2021-11-02 07:30,Adjusted,269
2021-11-03,2021-11-02 13:00,2021-11-02 16:00,Unbiased,0
2021-11-03,2021-11-02 13:00,2021-11-02 16:00,Adjusted,0
2021-11-03,2021-11-02 20:30,2021-11-03 01:30,Unbiased,153
2021-11-03,2021-11-02 20:30,2021-11-03 01:30,Adjusted,170
2021-11-03,2021-11-03 02:30,2021-11-03 07:30,Unbiased,267
2021-11-03,2021-11-03 02:30,2021-11-03 07:30,Adjusted,282
2021-11-05,2021-11-04 13:00,2021-11-04 16:00,Unbiased,20
2021-11-05,2021-11-04 13:00,2021-11-04 16:00,Adjusted,20
2021-11-05,2021-11-04 20:30,2021-11-05 01:30,Unbiased,185
2021-11-05,2021-11-04 20:30,2021-11-05 01:30,Adjusted,185
2021-11-05,2021-11-05 02:30,2021-11-05 07:30,Unbiased,295
2021-11-05,2021-11-05 02:30,2021-11-05 07:30,Adjusted,295
2021-11-07,2021-11-06 13:00,2021-11-06 16:00,Unbiased,0
2021-11-07,2021-11-06 13:00,2021-11-06 16:00,Adjusted,0
2021-11-07,2021-11-06 20:30,2021-11-07 01:30,Unbiased,32
2021-11-07,2021-11-06 20:30,2021-11-07 01:30,Adjusted,32
2021-11-07,2021-11-07 02:30,2021-11-07 07:30,Unbiased,194
2021-11-07,2021-11-07 02:30,2021-11-07 07:30,Adjusted,194
2021-11-08,2021-11-07 13:00,2021-11-07 16:00,Unbiased,0
2021-11-08,2021-11-07 13:00,2021-11-07 16:00,Adjusted,0
2021-11-08,2021-11-07 20:30,2021-11-08 01:30,Unbiased,134
2021-11-08,2021-11-07 20:30,2021-11-08 01:30,Adjusted,134
2021-11-08,2021-11-08 02:30,2021-11-08 07:30,Unbiased,256
2021-11-08,2021-11-08 02:30,2021-11-08 07:30,Adjusted,256
2021-11-09,2021-11-08 13:00,2021-11-08 16:00,Unbiased,0
2021-11-09,2021-11-08 13:00,2021-11-08 16:00,Adjusted,0
2021-11-09,2021-11-08 20:30,2021-11-09 01:30,Unbiased,48
2021-11-09,2021-11-08 20:30,2021-11-09 01:30,Adjusted,48
2021-11-09,2021-11-09 02:30,2021-11-09 07:30,Unbiased,156
2021-11-09,2021-11-09 02:30,2021-11-09 07:30,Adjusted,156
2021-11-10,2021-11-09 13:00,2021-11-09 16:00,Unbiased,0
2021-11-10,2021-11-09 13:00,2021-11-09 16:00,Adjusted,0
2021-11-10,2021-11-09 20:30,2021-11-10 01:30,Unbiased,41
2021-11-10,2021-11-09 20:30,2021-11-10 01:30,Adjusted,41
2021-11-10,2021-11-10 02:30,2021-11-10 07:30,Unbiased,148
2021-11-10,2021-11-10 02:30,2021-11-10 07:30,Adjusted,148
2021-11-11,2021-11-10 13:00,2021-11-10 16:00,Unbiased,0
2021-11-11,2021-11-10 13:00,2021-11-10 16:00,Adjusted,0
2021-11-11,2021-11-10 20:30,2021-11-11 01:30,Unbiased,12
2021-11-11,2021-11-10 20:30,2021-11-11 01:30,Adjusted,12
2021-11-11,2021-11-11 02:30,2021-11-11 07:30,Unbiased,151
2021-11-11,2021-11-11 02:30,2021-11-11 07:30,Adjusted,151
2021-11-12,2021-11-11 13:00,2021-11-11 16:00,Unbiased,0
2021-11-12,2021-11-11 13:00,2021-11-11 16:00,Adjusted,0
2021-11-12,2021-11-11 20:30,2021-11-12 01:30,Unbiased,55
2021-11-12,2021-11-11 20:30,2021-11-12 01:30,Adjusted,55
2021-11-12,2021-11-12 02:30,2021-11-12 07:30,Unbiased,168
2021-11-12,2021-11-12 02:30,2021-11-12 07:30,Adjusted,168
2021-11-13,2021-11-12 13:00,2021-11-12 16:00,Unbiased,0
2021-11-13,2021-11-12 13:00,2021-11-12 16:00,Adjusted,0
2021-11-13,2021-11-12 20:30,2021-11-13 01:30,Unbiased,38
2021-11-13,2021-11-12 20:30,2021-11-13 01:30,Adjusted,38
2021-11-13,2021-11-13 02:30,2021-11-13 07:30,Unbiased,170
2021-11-13,2021-11-13 02:30,2021-11-13 07:30,Adjusted,170
2021-11-14,2021-11-13 13:00,2021-11-13 16:00,Unbiased,0
2021-11-14,2021-11-13 13:00,2021-11-13 16:00,Adjusted,0
2021-11-14,2021-11-13 20:30,2021-11-14 01:30,Unbiased,40
2021-11-14,2021-11-13 20:30,2021-11-14 01:30,Adjusted,40
2021-11-14,2021-11-14 02:30,2021-11-14 07:30,Unbiased,185
2021-11-14,2021-11-14 02:30,2021-11-14 07:30,Adjusted,185
2021-11-15,2021-11-14 13:00,2021-11-14 16:00,Unbiased,0
2021-11-15,2021-11-14 13:00,2021-11-14 16:00,Adjusted,0
2021-11-15,2021-11-14 20:30,2021-11-15 01:30,Unbiased,49
2021-11-15,2021-11-14 20:30,2021-11-15 01:30,Adjusted,49
2021-11-15,2021-11-15 02:30,2021-11-15 07:30,Unbiased,179
2021-11-15,2021-11-15 02:30,2021-11-15 07:30,Adjusted,179
2021-11-16,2021-11-15 13:00,2021-11-15 16:00,Unbiased,0
2021-11-16,2021-11-15 13:00,2021-11-15 16:00,Adjusted,0
2021-11-16,2021-11-15 20:30,2021-11-16 01:30,Unbiased,71
2021-11-16,2021-11-15 20:30,2021-11-16 01:30,Adjusted,71
2021-11-16,2021-11-16 02:30,2021-11-16 07:30,Unbiased,196
2021-11-16,2021-11-16 02:30,2021-11-16 07:30,Adjusted,196
2021-11-17,2021-11-16 13:00,2021-11-16 16:00,Unbiased,0
2021-11-17,2021-11-16 13:00,2021-11-16 16:00,Adjusted,0
2021-11-17,2021-11-16 20:30,2021-11-17 01:30,Unbiased,82
2021-11-17,2021-11-16 20:30,2021-11-17 01:30,Adjusted,82
2021-11-17,2021-11-17 02:30,2021-11-17 07:30,Unbiased,223
2021-11-17,2021-11-17 02:30,2021-11-17 07:30,Adjusted,223
2021-11-18,2021-11-17 13:00,2021-11-17 16:00,Unbiased,0
2021-11-18,2021-11-17 13:00,2021-11-17 16:00,Adjusted,0
2021-11-18,2021-11-17 20:30,2021-11-18 01:30,Unbiased,135
2021-11-18,2021-11-17 20:30,2021-11-18 01:30,Adjusted,135
2021-11-18,2021-11-18 02:30,2021-11-18 07:30,Unbiased,249
2021-11-18,2021-11-18 02:30,2021-11-18 07:30,Adjusted,249
2021-11-19,2021-11-18 13:00,2021-11-18 16:00,Unbiased,0
2021-11-19,2021-11-18 13:00,2021-11-18 16:00,Adjusted,0
2021-11-19,2021-11-18 20:30,2021-11-19 01:30,Unbiased,40
2021-11-19,2021-11-18 20:30,2021-11-19 01:30,Adjusted,40
2021-11-19,2021-11-19 02:30,2021-11-19 07:30,Unbiased,151
2021-11-19,2021-11-19 02:30,2021-11-19 07:30,Adjusted,151
2021-11-20,2021-11-19 13:00,2021-11-19 16:00,Unbiased,0
2021-11-20,2021-11-19 13:00,2021-11-19 16:00,Adjusted,0
2021-11-20,2021-11-19 20:30,2021-11-20 01:30,Unbiased,43
2021-11-20,2021-11-19 20:30,2021-11-20 01:30,Adjusted,43
2021-11-20,2021-11-20 02:30,2021-11-20 07:30,Unbiased,176
2021-11-20,2021-11-20 02:30,2021-11-20 07:30,Adjusted,176
2021-11-21,2021-11-20 13:00,2021-11-20 16:00,Unbiased,0
2021-11-21,2021-11-20 13:00,2021-11-20 16:00,Adjusted,0
2021-11-21,2021-11-20 20:30,2021-11-21 01:30,Unbiased,83
2021-11-21,2021-11-20 20:30,2021-11-21 01:30,Adjusted,83
2021-11-21,2021-11-21 02:30,2021-11-21 07:30,Unbiased,227
2021-11-21,2021-11-21 02:30,2021-11-21 07:30,Adjusted,227
2021-11-22,2021-11-21 13:00,2021-11-21 16:00,Unbiased,53
2021-11-22,2021-11-21 13:00,2021-11-21 16:00,Adjusted,53
2021-11-22,2021-11-21 20:30,2021-11-22 01:30,Unbiased,216
2021-11-22,2021-11-21 20:30,2021-11-22 01:30,Adjusted,216
2021-11-22,2021-11-22 02:30,2021-11-22 07:30,Unbiased,295
2021-11-22,2021-11-22 02:30,2021-11-22 07:30,Adjusted,295
2021-11-23,2021-11-22 13:00,2021-11-22 16:00,Unbiased,46
2021-11-23,2021-11-22 13:00,2021-11-22 16:00,Adjusted,46
2021-11-23,2021-11-22 20:30,2021-11-23 01:30,Unbiased,204
2021-11-23,2021-11-22 20:30,2021-11-23 01:30,Adjusted,204
2021-11-23,2021-11-23 02:30,2021-11-23 07:30,Unbiased,295
2021-11-23,2021-11-23 02:30,2021-11-23 07:30,Adjusted,295
2021-11-24,2021-11-23 13:00,2021-11-23 16:00,Unbiased,45
2021-11-24,2021-11-23 13:00,2021-11-23 16:00,Adjusted,45
2021-11-24,2021-11-23 20:30,2021-11-24 01:30,Unbiased,188
2021-11-24,2021-11-23 20:30,2021-11-24 01:30,Adjusted,188
2021-11-24,2021-11-24 02:30,2021-11-24 07:30,Unbiased,286
2021-11-24,2021-11-24 02:30,2021-11-24 07:30,Adjusted,286
2021-11-25,2021-11-24 13:00,2021-11-24 16:00,Unbiased,56
2021-11-25,2021-11-24 13:00,2021-11-24 16:00,Adjusted,56
2021-11-25,2021-11-24 20:30,2021-11-25 01:30,Unbiased,185
2021-11-25,2021-11-24 20:30,2021-11-25 01:30,Adjusted,185
2021-11-25,2021-11-25 02:30,2021-11-25 07:30,Unbiased,276
2021-11-25,2021-11-25 02:30,2021-11-25 07:30,Adjusted,276
2021-11-26,2021-11-25 13:00,2021-11-25 16:00,Unbiased,73
2021-11-26,2021-11-25 13:00,2021-11-25 16:00,Adjusted,73
2021-11-26,2021-11-25 20:30,2021-11-26 01:30,Unbiased,212
2021-11-26,2021-11-25 20:30,2021-11-26 01:30,Adjusted,212
2021-11-26,2021-11-26 02:30,2021-11-26 07:30,Unbiased,295
2021-11-26,2021-11-26 02:30,2021-11-26 07:30,Adjusted,295
2021-11-27,2021-11-26 13:00,2021-11-26 16:00,Unbiased,60
2021-11-27,2021-11-26 13:00,2021-11-26 16:00,Adjusted,60
2021-11-27,2021-11-26 20:30,2021-11-27 01:30,Unbiased,215
2021-11-27,2021-11-26 20:30,2021-11-27 01:30,Adjusted,215
2021-11-27,2021-11-27 02:30,2021-11-27 07:30,Unbiased,295
2021-11-27,2021-11-27 02:30,2021-11-27 07:30,Adjusted,295
2021-11-28,2021-11-27 13:00,2021-11-27 16:00,Unbiased,120
2021-11-28,2021-11-27 13:00,2021-11-27 16:00,Adjusted,120
2021-11-28,2021-11-27 20:30,2021-11-28 01:30,Unbiased,239
2021-11-28,2021-11-27 20:30,2021-11-28 01:30,Adjusted,239
2021-11-28,2021-11-28 02:30,2021-11-28 07:30,Unbiased,295
2021-11-28,2021-11-28 02:30,2021-11-28 07:30,Adjusted,295
2021-11-29,2021-11-28 13:00,2021-11-28 16:00,Unbiased,125
2021-11-29,2021-11-28 13:00,2021-11-28 16:00,Adjusted,125
2021-11-29,2021-11-28 20:30,2021-11-29 01:30,Unbiased,256
2021-11-29,2021-11-28 20:30,2021-11-29 01:30,Adjusted,256
2021-11-29,2021-11-29 02:30,2021-11-29 07:30,Unbiased,295
2021-11-29,2021-11-29 02:30,2021-11-29 07:30,Adjusted,295
2021-11-30,2021-11-29 13:00,2021-11-29 16:00,Unbiased,133
2021-11-30,2021-11-29 13:00,2021-11-29 16:00,Adjusted,133
2021-11-30,2021-11-29 20:30,2021-11-30 01:30,Unbiased,236
2021-11-30,2021-11-29 20:30,2021-11-30 01:30,Adjusted,236
2021-11-30,2021-11-30 02:30,2021-11-30 07:30,Unbiased,295
2021-11-30,2021-11-30 02:30,2021-11-30 07:30,Adjusted,295
2021-12-01,2021-11-30 13:00,2021-11-30 16:00,Unbiased,10
2021-12-01,2021-11-30 13:00,2021-11-30 16:00,Adjusted,10
2021-12-01,2021-11-30 20:30,2021-12-01 01:30,Unbiased,81
2021-12-01,2021-11-30 20:30,2021-12-01 01:30,Adjusted,81
2021-12-01,2021-12-01 02:30,2021-12-01 07:30,Unbiased,206
2021-12-01,2021-12-01 02:30,2021-12-01 07:30,Adjusted,206
2021-12-02,2021-12-01 13:00,2021-12-01 16:00,Unbiased,48
2021-12-02,2021-12-01 13:00,2021-12-01 16:00,Adjusted,48
2021-12-02,2021-12-01 20:30,2021-12-02 01:30,Unbiased,210
2021-12-02,2021-12-01 20:30,2021-12-02 01:30,Adjusted,210
2021-12-02,2021-12-02 02:30,2021-12-02 07:30,Unbiased,295
2021-12-02,2021-12-02 02:30,2021-12-02 07:30,Adjusted,295
2021-12-03,2021-12-02 13:00,2021-12-02 16:00,Unbiased,115
2021-12-03,2021-12-02 13:00,2021-12-02 16:00,Adjusted,115
2021-12-03,2021-12-02 20:30,2021-12-03 01:30,Unbiased,239
2021-12-03,2021-12-02 20:30,2021-12-03 01:30,Adjusted,239
2021-12-03,2021-12-03 02:30,2021-12-03 07:30,Unbiased,295
2021-12-03,2021-12-03 02:30,2021-12-03 07:30,Adjusted,295
2021-12-04,2021-12-03 13:00,2021-12-03 16:00,Unbiased,54
2021-12-04,2021-12-03 13:00,2021-12-03 16:00,Adjusted,54
2021-12-04,2021-12-03 20:30,2021-12-04 01:30,Unbiased,174
2021-12-04,2021-12-03 20:30,2021-12-04 01:30,Adjusted,174
2021-12-04,2021-12-04 02:30,2021-12-04 07:30,Unbiased,270
2021-12-04,2021-12-04 02:30,2021-12-04 07:30,Adjusted,270
2021-12-05,2021-12-04 13:00,2021-12-04 16:00,Unbiased,59
2021-12-05,2021-12-04 13:00,2021-12-04 16:00,Adjusted,59
2021-12-05,2021-12-04 20:30,2021-12-05 01:30,Unbiased,197
2021-12-05,2021-12-04 20:30,2021-12-05 01:30,Adjusted,197
2021-12-05,2021-12-05 02:30,2021-12-05 07:30,Unbiased,295
2021-12-05,2021-12-05 02:30,2021-12-05 07:30,Adjusted,295
2021-12-06,2021-12-05 13:00,2021-12-05 16:00,Unbiased,86
2021-12-06,2021-12-05 13:00,2021-12-05 16:00,Adjusted,86
2021-12-06,2021-12-05 20:30,2021-12-06 01:30,Unbiased,204
2021-12-06,2021-12-05 20:30,2021-12-06 01:30,Adjusted,204
2021-12-06,2021-12-06 02:30,2021-12-06 07:30,Unbiased,295
2021-12-06,2021-12-06 02:30,2021-12-06 07:30,Adjusted,295
2021-12-07,2021-12-06 13:00,2021-12-06 16:00,Unbiased,83
2021-12-07,2021-12-06 13:00,2021-12-06 16:00,Adjusted,83
2021-12-07,2021-12-06 20:30,2021-12-07 01:30,Unbiased,222
2021-12-07,2021-12-06 20:30,2021-12-07 01:30,Adjusted,222
2021-12-07,2021-12-07 02:30,2021-12-07 07:30,Unbiased,295
2021-12-07,2021-12-07 02:30,2021-12-07 07:30,Adjusted,295
2021-12-08,2021-12-07 13:00,2021-12-07 16:00,Unbiased,71
2021-12-08,2021-12-07 13:00,2021-12-07 16:00,Adjusted,71
2021-12-08,2021-12-07 20:30,2021-12-08 01:30,Unbiased,203
2021-12-08,2021-12-07 20:30,2021-12-08 01:30,Adjusted,203
2021-12-08,2021-12-08 02:30,2021-12-08 07:30,Unbiased,295
2021-12-08,2021-12-08 02:30,2021-12-08 07:30,Adjusted,295
2021-12-09,2021-12-08 13:00,2021-12-08 16:00,Unbiased,56
2021-12-09,2021-12-08 13:00,2021-12-08 16:00,Adjusted,56
2021-12-09,2021-12-08 20:30,2021-12-09 01:30,Unbiased,189
2021-12-09,2021-12-08 20:30,2021-12-09 01:30,Adjusted,189
2021-12-09,2021-12-09 02:30,2021-12-09 07:30,Unbiased,285
2021-12-09,2021-12-09 02:30,2021-12-09 07:30,Adjusted,285
2021-12-10,2021-12-09 13:00,2021-12-09 16:00,Unbiased,63
2021-12-10,2021-12-09 13:00,2021-12-09 16:00,Adjusted,63
2021-12-10,2021-12-09 20:30,2021-12-10 01:30,Unbiased,157
2021-12-10,2021-12-09 20:30,2021-12-10 01:30,Adjusted,157
2021-12-10,2021-12-10 02:30,2021-12-10 07:30,Unbiased,269
2021-12-10,2021-12-10 02:30,2021-12-10 07:30,Adjusted,269
2021-12-11,2021-12-10 13:00,2021-12-10 16:00,Unbiased,74
2021-12-11,2021-12-10 13:00,2021-12-10 16:00,Adjusted,74
2021-12-11,2021-12-10 20:30,2021-12-11 01:30,Unbiased,213
2021-12-11,2021-12-10 20:30,2021-12-11 01:30,Adjusted,213
2021-12-11,2021-12-11 02:30,2021-12-11 07:30,Unbiased,295
2021-12-11,2021-12-11 02:30,2021-12-11 07:30,Adjusted,295
2021-12-12,2021-12-11 13:00,2021-12-11 16:00,Unbiased,65
2021-12-12,2021-12-11 13:00,2021-12-11 16:00,Adjusted,65
2021-12-12,2021-12-11 20:30,2021-12-12 01:30,Unbiased,106
2021-12-12,2021-12-11 20:30,2021-12-12 01:30,Adjusted,106
2021-12-12,2021-12-12 02:30,2021-12-12 07:30,Unbiased,200
2021-12-12,2021-12-12 02:30,2021-12-12 07:30,Adjusted,200
2021-12-13,2021-12-12 13:00,2021-12-12 16:00,Unbiased,0
2021-12-13,2021-12-12 13:00,2021-12-12 16:00,Adjusted,0
2021-12-13,2021-12-12 20:30,2021-12-13 01:30,Unbiased,51
2021-12-13,2021-12-12 20:30,2021-12-13 01:30,Adjusted,51
2021-12-13,2021-12-13 02:30,2021-12-13 07:30,Unbiased,184
2021-12-13,2021-12-13 02:30,2021-12-13 07:30,Adjusted,184
2021-12-15,2021-12-14 13:00,2021-12-14 16:00,Unbiased,0
2021-12-15,2021-12-14 13:00,2021-12-14 16:00,Adjusted,0
2021-12-15,2021-12-14 20:30,2021-12-15 01:30,Unbiased,61
2021-12-15,2021-12-14 20:30,2021-12-15 01:30,Adjusted,61
2021-12-15,2021-12-15 02:30,2021-12-15 07:30,Unbiased,174
2021-12-15,2021-12-15 02:30,2021-12-15 07:30,Adjusted,174
2021-12-16,2021-12-15 13:00,2021-12-15 16:00,Unbiased,0
2021-12-16,2021-12-15 13:00,2021-12-15 16:00,Adjusted,0
2021-12-16,2021-12-15 20:30,2021-12-16 01:30,Unbiased,25
2021-12-16,2021-12-15 20:30,2021-12-16 01:30,Adjusted,25
2021-12-16,2021-12-16 02:30,2021-12-16 07:30,Unbiased,146
2021-12-16,2021-12-16 02:30,2021-12-16 07:30,Adjusted,146
2021-12-17,2021-12-16 13:00,2021-12-16 16:00,Unbiased,0
2021-12-17,2021-12-16 13:00,2021-12-16 16:00,Adjusted,0
2021-12-17,2021-12-16 20:30,2021-12-17 01:30,Unbiased,55
2021-12-17,2021-12-16 20:30,2021-12-17 01:30,Adjusted,55
2021-12-17,2021-12-17 02:30,2021-12-17 07:30,Unbiased,194
2021-12-17,2021-12-17 02:30,2021-12-17 07:30,Adjusted,194
2021-12-18,2021-12-17 13:00,2021-12-17 16:00,Unbiased,47
2021-12-18,2021-12-17 13:00,2021-12-17 16:00,Adjusted,47
2021-12-18,2021-12-17 20:30,2021-12-18 01:30,Unbiased,154
2021-12-18,2021-12-17 20:30,2021-12-18 01:30,Adjusted,154
2021-12-18,2021-12-18 02:30,2021-12-18 07:30,Unbiased,256
2021-12-18,2021-12-18 02:30,2021-12-18 07:30,Adjusted,256
2021-12-19,2021-12-18 13:00,2021-12-18 16:00,Unbiased,50
2021-12-19,2021-12-18 13:00,2021-12-18 16:00,Adjusted,50
2021-12-19,2021-12-18 20:30,2021-12-19 01:30,Unbiased,178
2021-12-19,2021-12-18 20:30,2021-12-19 01:30,Adjusted,178
2021-12-19,2021-12-19 02:30,2021-12-19 07:30,Unbiased,278
2021-12-19,2021-12-19 02:30,2021-12-19 07:30,Adjusted,278
2021-12-20,2021-12-19 13:00,2021-12-19 16:00,Unbiased,114
2021-12-20,2021-12-19 13:00,2021-12-19 16:00,Adjusted,114
2021-12-20,2021-12-19 20:30,2021-12-20 01:30,Unbiased,199
2021-12-20,2021-12-19 20:30,2021-12-20 01:30,Adjusted,199
2021-12-20,2021-12-20 02:30,2021-12-20 07:30,Unbiased,295
2021-12-20,2021-12-20 02:30,2021-12-20 07:30,Adjusted,295
2021-12-21,2021-12-20 13:00,2021-12-20 16:00,Unbiased,73
2021-12-21,2021-12-20 13:00,2021-12-20 16:00,Adjusted,73
2021-12-21,2021-12-20 20:30,2021-12-21 01:30,Unbiased,195
2021-12-21,2021-12-20 20:30,2021-12-21 01:30,Adjusted,195
2021-12-21,2021-12-21 02:30,2021-12-21 07:30,Unbiased,295
2021-12-21,2021-12-21 02:30,2021-12-21 07:30,Adjusted,295
2021-12-22,2021-12-21 13:00,2021-12-21 16:00,Unbiased,90
2021-12-22,2021-12-21 13:00,2021-12-21 16:00,Adjusted,90
2021-12-22,2021-12-21 20:30,2021-12-22 01:30,Unbiased,223
2021-12-22,2021-12-21 20:30,2021-12-22 01:30,Adjusted,223
2021-12-22,2021-12-22 02:30,2021-12-22 07:30,Unbiased,295
2021-12-22,2021-12-22 02:30,2021-12-22 07:30,Adjusted,295
2021-12-23,2021-12-22 13:00,2021-12-22 16:00,Unbiased,118
2021-12-23,2021-12-22 13:00,2021-12-22 16:00,Adjusted,118
2021-12-23,2021-12-22 20:30,2021-12-23 01:30,Unbiased,221
2021-12-23,2021-12-22 20:30,2021-12-23 01:30,Adjusted,221
2021-12-23,2021-12-23 02:30,2021-12-23 07:30,Unbiased,295
2021-12-23,2021-12-23 02:30,2021-12-23 07:30,Adjusted,295
2021-12-24,2021-12-23 13:00,2021-12-23 16:00,Unbiased,27
2021-12-24,2021-12-23 13:00,2021-12-23 16:00,Adjusted,42
2021-12-24,2021-12-23 20:30,2021-12-24 01:30,Unbiased,144
2021-12-24,2021-12-23 20:30,2021-12-24 01:30,Adjusted,166
2021-12-24,2021-12-24 02:30,2021-12-24 07:30,Unbiased,252
2021-12-24,2021-12-24 02:30,2021-12-24 07:30,Adjusted,268
2021-12-25,2021-12-24 13:00,2021-12-24 16:00,Unbiased,9
2021-12-25,2021-12-24 13:00,2021-12-24 16:00,Adjusted,23
2021-12-25,2021-12-24 20:30,2021-12-25 01:30,Unbiased,144
2021-12-25,2021-12-24 20:30,2021-12-25 01:30,Adjusted,166
2021-12-25,2021-12-25 02:30,2021-12-25 07:30,Unbiased,251
2021-12-25,2021-12-25 02:30,2021-12-25 07:30,Adjusted,265
2021-12-26,2021-12-25 13:00,2021-12-25 16:00,Unbiased,85
2021-12-26,2021-12-25 13:00,2021-12-25 16:00,Adjusted,99
2021-12-26,2021-12-25 20:30,2021-12-26 01:30,Unbiased,202
2021-12-26,2021-12-25 20:30,2021-12-26 01:30,Adjusted,212
2021-12-26,2021-12-26 02:30,2021-12-26 07:30,Unbiased,295
2021-12-26,2021-12-26 02:30,2021-12-26 07:30,Adjusted,295
2021-12-27,2021-12-26 13:00,2021-12-26 16:00,Unbiased,50
2021-12-27,2021-12-26 13:00,2021-12-26 16:00,Adjusted,50
2021-12-27,2021-12-26 20:30,2021-12-27 01:30,Unbiased,143
2021-12-27,2021-12-26 20:30,2021-12-27 01:30,Adjusted,143
2021-12-27,2021-12-27 02:30,2021-12-27 07:30,Unbiased,242
2021-12-27,2021-12-27 02:30,2021-12-27 07:30,Adjusted,242
2021-12-28,2021-12-27 13:00,2021-12-27 16:00,Unbiased,9
2021-12-28,2021-12-27 13:00,2021-12-27 16:00,Adjusted,9
2021-12-28,2021-12-27 20:30,2021-12-28 01:30,Unbiased,96
2021-12-28,2021-12-27 20:30,2021-12-28 01:30,Adjusted,96
2021-12-28,2021-12-28 02:30,2021-12-28 07:30,Unbiased,200
2021-12-28,2021-12-28 02:30,2021-12-28 07:30,Adjusted,200
2021-12-29,2021-12-28 13:00,2021-12-28 16:00,Unbiased,0
2021-12-29,2021-12-28 13:00,2021-12-28 16:00,Adjusted,0
2021-12-29,2021-12-28 20:30,2021-12-29 01:30,Unbiased,97
2021-12-29,2021-12-28 20:30,2021-12-29 01:30,Adjusted,97
2021-12-29,2021-12-29 02:30,2021-12-29 07:30,Unbiased,225
2021-12-29,2021-12-29 02:30,2021-12-29 07:30,Adjusted,225
2021-12-30,2021-12-29 13:00,2021-12-29 16:00,Unbiased,0
2021-12-30,2021-12-29 13:00,2021-12-29 16:00,Adjusted,0
2021-12-30,2021-12-29 20:30,2021-12-30 01:30,Unbiased,15
2021-12-30,2021-12-29 20:30,2021-12-30 01:30,Adjusted,15
2021-12-30,2021-12-30 02:30,2021-12-30 07:30,Unbiased,93
2021-12-30,2021-12-30 02:30,2021-12-30 07:30,Adjusted,93
2021-12-31,2021-12-30 13:00,2021-12-30 16:00,Unbiased,0
2021-12-31,2021-12-30 13:00,2021-12-30 16:00,Adjusted,0
2021-12-31,2021-12-30 20:30,2021-12-31 01:30,Unbiased,0
2021-12-31,2021-12-30 20:30,2021-12-31 01:30,Adjusted,0
2021-12-31,2021-12-31 02:30,2021-12-31 07:30,Unbiased,90
2021-12-31,2021-12-31 02:30,2021-12-31 07:30,Adjusted,90
2022-01-01,2021-12-31 13:00,2021-12-31 16:00,Unbiased,0
2022-01-01,2021-12-31 13:00,2021-12-31 16:00,Adjusted,0
2022-01-01,2021-12-31 20:30,2022-01-01 01:30,Unbiased,0
2022-01-01,2021-12-31 20:30,2022-01-01 01:30,Adjusted,0
2022-01-01,2022-01-01 02:30,2022-01-01 07:30,Unbiased,100
2022-01-01,2022-01-01 02:30,2022-01-01 07:30,Adjusted,69
2022-01-02,2022-01-01 13:00,2022-01-01 16:00,Unbiased,0
2022-01-02,2022-01-01 13:00,2022-01-01 16:00,Adjusted,0
2022-01-02,2022-01-01 20:30,2022-01-02 01:30,Unbiased,0
2022-01-02,2022-01-01 20:30,2022-01-02 01:30,Adjusted,0
2022-01-02,2022-01-02 02:30,2022-01-02 07:30,Unbiased,123
2022-01-02,2022-01-02 02:30,2022-01-02 07:30,Adjusted,91
2022-01-03,2022-01-02 13:00,2022-01-02 16:00,Unbiased,0
2022-01-03,2022-01-02 13:00,2022-01-02 16:00,Adjusted,0
2022-01-03,2022-01-02 20:30,2022-01-03 01:30,Unbiased,96
2022-01-03,2022-01-02 20:30,2022-01-03 01:30,Adjusted,75
2022-01-03,2022-01-03 02:30,2022-01-03 07:30,Unbiased,216
2022-01-03,2022-01-03 02:30,2022-01-03 07:30,Adjusted,200
2022-01-04,2022-01-03 13:00,2022-01-03 16:00,Unbiased,1
2022-01-04,2022-01-03 13:00,2022-01-03 16:00,Adjusted,0
2022-01-04,2022-01-03 20:30,2022-01-04 01:30,Unbiased,114
2022-01-04,2022-01-03 20:30,2022-01-04 01:30,Adjusted,94
2022-01-04,2022-01-04 02:30,2022-01-04 07:30,Unbiased,225
2022-01-04,2022-01-04 02:30,2022-01-04 07:30,Adjusted,210
2022-01-05,2022-01-04 13:00,2022-01-04 16:00,Unbiased,117
2022-01-05,2022-01-04 13:00,2022-01-04 16:00,Adjusted,103
2022-01-05,2022-01-04 20:30,2022-01-05 01:30,Unbiased,239
2022-01-05,2022-01-04 20:30,2022-01-05 01:30,Adjusted,229
2022-01-05,2022-01-05 02:30,2022-01-05 07:30,Unbiased,295
2022-01-05,2022-01-05 02:30,2022-01-05 07:30,Adjusted,295
2022-01-06,2022-01-05 13:00,2022-01-05 16:00,Unbiased,101
2022-01-06,2022-01-05 13:00,2022-01-05 16:00,Adjusted,87
2022-01-06,2022-01-05 20:30,2022-01-06 01:30,Unbiased,231
2022-01-06,2022-01-05 20:30,2022-01-06 01:30,Adjusted,221
2022-01-06,2022-01-06 02:30,2022-01-06 07:30,Unbiased,295
2022-01-06,2022-01-06 02:30,2022-01-06 07:30,Adjusted,295
2022-01-07,2022-01-06 13:00,2022-01-06 16:00,Unbiased,113
2022-01-07,2022-01-06 13:00,2022-01-06 16:00,Adjusted,99
2022-01-07,2022-01-06 20:30,2022-01-07 01:30,Unbiased,193
2022-01-07,2022-01-06 20:30,2022-01-07 01:30,Adjusted,182
2022-01-07,2022-01-07 02:30,2022-01-07 07:30,Unbiased,295
2022-01-07,2022-01-07 02:30,2022-01-07 07:30,Adjusted,295
2022-01-08,2022-01-07 13:00,2022-01-07 16:00,Unbiased,97
2022-01-08,2022-01-07 13:00,2022-01-07 16:00,Adjusted,82
2022-01-08,2022-01-07 20:30,2022-01-08 01:30,Unbiased,238
2022-01-08,2022-01-07 20:30,2022-01-08 01:30,Adjusted,229
2022-01-08,2022-01-08 02:30,2022-01-08 07:30,Unbiased,295
2022-01-08,2022-01-08 02:30,2022-01-08 07:30,Adjusted,295
2022-01-09,2022-01-08 13:00,2022-01-08 16:00,Unbiased,42
2022-01-09,2022-01-08 13:00,2022-01-08 16:00,Adjusted,27
2022-01-09,2022-01-08 20:30,2022-01-09 01:30,Unbiased,202
2022-01-09,2022-01-08 20:30,2022-01-09 01:30,Adjusted,192
2022-01-09,2022-01-09 02:30,2022-01-09 07:30,Unbiased,295
2022-01-09,2022-01-09 02:30,2022-01-09 07:30,Adjusted,295
2022-01-10,2022-01-09 13:00,2022-01-09 16:00,Unbiased,74
2022-01-10,2022-01-09 13:00,2022-01-09 16:00,Adjusted,61
2022-01-10,2022-01-09 20:30,2022-01-10 01:30,Unbiased,207
2022-01-10,2022-01-09 20:30,2022-01-10 01:30,Adjusted,196
2022-01-10,2022-01-10 02:30,2022-01-10 07:30,Unbiased,295
2022-01-10,2022-01-10 02:30,2022-01-10 07:30,Adjusted,295
2022-01-11,2022-01-10 13:00,2022-01-10 16:00,Unbiased,52
2022-01-11,2022-01-10 13:00,2022-01-10 16:00,Adjusted,38
2022-01-11,2022-01-10 20:30,2022-01-11 01:30,Unbiased,137
2022-01-11,2022-01-10 20:30,2022-01-11 01:30,Adjusted,115
2022-01-11,2022-01-11 02:30,2022-01-11 07:30,Unbiased,235
2022-01-11,2022-01-11 02:30,2022-01-11 07:30,Adjusted,220
2022-01-12,2022-01-11 13:00,2022-01-11 16:00,Unbiased,9
2022-01-12,2022-01-11 13:00,2022-01-11 16:00,Adjusted,0
2022-01-12,2022-01-11 20:30,2022-01-12 01:30,Unbiased,161
2022-01-12,2022-01-11 20:30,2022-01-12 01:30,Adjusted,142
2022-01-12,2022-01-12 02:30,2022-01-12 07:30,Unbiased,288
2022-01-12,2022-01-12 02:30,2022-01-12 07:30,Adjusted,274
2022-01-13,2022-01-12 13:00,2022-01-12 16:00,Unbiased,48
2022-01-13,2022-01-12 13:00,2022-01-12 16:00,Adjusted,35
2022-01-13,2022-01-12 20:30,2022-01-13 01:30,Unbiased,184
2022-01-13,2022-01-12 20:30,2022-01-13 01:30,Adjusted,175
2022-01-13,2022-01-13 02:30,2022-01-13 07:30,Unbiased,295
2022-01-13,2022-01-13 02:30,2022-01-13 07:30,Adjusted,290
2022-01-14,2022-01-13 13:00,2022-01-13 16:00,Unbiased,46
2022-01-14,2022-01-13 13:00,2022-01-13 16:00,Adjusted,30
2022-01-14,2022-01-13 20:30,2022-01-14 01:30,Unbiased,192
2022-01-14,2022-01-13 20:30,2022-01-14 01:30,Adjusted,182
2022-01-14,2022-01-14 02:30,2022-01-14 07:30,Unbiased,295
2022-01-14,2022-01-14 02:30,2022-01-14 07:30,Adjusted,295
2022-01-15,2022-01-14 13:00,2022-01-14 16:00,Unbiased,54
2022-01-15,2022-01-14 13:00,2022-01-14 16:00,Adjusted,39
2022-01-15,2022-01-14 20:30,2022-01-15 01:30,Unbiased,205
2022-01-15,2022-01-14 20:30,2022-01-15 01:30,Adjusted,197
2022-01-15,2022-01-15 02:30,2022-01-15 07:30,Unbiased,295
2022-01-15,2022-01-15 02:30,2022-01-15 07:30,Adjusted,295
2022-01-16,2022-01-15 13:00,2022-01-15 16:00,Unbiased,92
2022-01-16,2022-01-15 13:00,2022-01-15 16:00,Adjusted,77
2022-01-16,2022-01-15 20:30,2022-01-16 01:30,Unbiased,194
2022-01-16,2022-01-15 20:30,2022-01-16 01:30,Adjusted,182
2022-01-16,2022-01-16 02:30,2022-01-16 07:30,Unbiased,288
2022-01-16,2022-01-16 02:30,2022-01-16 07:30,Adjusted,271
2022-01-17,2022-01-16 13:00,2022-01-16 16:00,Unbiased,51
2022-01-17,2022-01-16 13:00,2022-01-16 16:00,Adjusted,36
2022-01-17,2022-01-16 20:30,2022-01-17 01:30,Unbiased,186
2022-01-17,2022-01-16 20:30,2022-01-17 01:30,Adjusted,177
2022-01-17,2022-01-17 02:30,2022-01-17 07:30,Unbiased,295
2022-01-17,2022-01-17 02:30,2022-01-17 07:30,Adjusted,295
2022-01-18,2022-01-17 13:00,2022-01-17 16:00,Unbiased,51
2022-01-18,2022-01-17 13:00,2022-01-17 16:00,Adjusted,35
2022-01-18,2022-01-17 20:30,2022-01-18 01:30,Unbiased,193
2022-01-18,2022-01-17 20:30,2022-01-18 01:30,Adjusted,182
2022-01-18,2022-01-18 02:30,2022-01-18 07:30,Unbiased,295
2022-01-18,2022-01-18 02:30,2022-01-18 07:30,Adjusted,295
2022-01-19,2022-01-18 13:00,2022-01-18 16:00,Unbiased,75
2022-01-19,2022-01-18 13:00,2022-01-18 16:00,Adjusted,58
2022-01-19,2022-01-18 20:30,2022-01-19 01:30,Unbiased,189
2022-01-19,2022-01-18 20:30,2022-01-19 01:30,Adjusted,175
2022-01-19,2022-01-19 02:30,2022-01-19 07:30,Unbiased,280
2022-01-19,2022-01-19 02:30,2022-01-19 07:30,Adjusted,265
2022-01-20,2022-01-19 13:00,2022-01-19 16:00,Unbiased,40
2022-01-20,2022-01-19 13:00,2022-01-19 16:00,Adjusted,27
2022-01-20,2022-01-19 20:30,2022-01-20 01:30,Unbiased,198
2022-01-20,2022-01-19 20:30,2022-01-20 01:30,Adjusted,188
2022-01-20,2022-01-20 02:30,2022-01-20 07:30,Unbiased,295
2022-01-20,2022-01-20 02:30,2022-01-20 07:30,Adjusted,295
2022-01-21,2022-01-20 13:00,2022-01-20 16:00,Unbiased,102
2022-01-21,2022-01-20 13:00,2022-01-20 16:00,Adjusted,87
2022-01-21,2022-01-20 20:30,2022-01-21 01:30,Unbiased,220
2022-01-21,2022-01-20 20:30,2022-01-21 01:30,Adjusted,209
2022-01-21,2022-01-21 02:30,2022-01-21 07:30,Unbiased,295
2022-01-21,2022-01-21 02:30,2022-01-21 07:30,Adjusted,295
2022-01-22,2022-01-21 13:00,2022-01-21 16:00,Unbiased,113
2022-01-22,2022-01-21 13:00,2022-01-21 16:00,Adjusted,99
2022-01-22,2022-01-21 20:30,2022-01-22 01:30,Unbiased,213
2022-01-22,2022-01-21 20:30,2022-01-22 01:30,Adjusted,203
2022-01-22,2022-01-22 02:30,2022-01-22 07:30,Unbiased,295
2022-01-22,2022-01-22 02:30,2022-01-22 07:30,Adjusted,295
2022-01-23,2022-01-22 13:00,2022-01-22 16:00,Unbiased,82
2022-01-23,2022-01-22 13:00,2022-01-22 16:00,Adjusted,67
2022-01-23,2022-01-22 20:30,2022-01-23 01:30,Unbiased,186
2022-01-23,2022-01-22 20:30,2022-01-23 01:30,Adjusted,172
2022-01-23,2022-01-23 02:30,2022-01-23 07:30,Unbiased,280
2022-01-23,2022-01-23 02:30,2022-01-23 07:30,Adjusted,263
2022-01-24,2022-01-23 13:00,2022-01-23 16:00,Unbiased,71
2022-01-24,2022-01-23 13:00,2022-01-23 16:00,Adjusted,59
2022-01-24,2022-01-23 20:30,2022-01-24 01:30,Unbiased,188
2022-01-24,2022-01-23 20:30,2022-01-24 01:30,Adjusted,176
2022-01-24,2022-01-24 02:30,2022-01-24 07:30,Unbiased,288
2022-01-24,2022-01-24 02:30,2022-01-24 07:30,Adjusted,275
2022-01-25,2022-01-24 13:00,2022-01-24 16:00,Unbiased,110
2022-01-25,2022-01-24 13:00,2022-01-24 16:00,Adjusted,95
2022-01-25,2022-01-24 20:30,2022-01-25 01:30,Unbiased,231
2022-01-25,2022-01-24 20:30,2022-01-25 01:30,Adjusted,221
2022-01-25,2022-01-25 02:30,2022-01-25 07:30,Unbiased,295
2022-01-25,2022-01-25 02:30,2022-01-25 07:30,Adjusted,295
2022-01-26,2022-01-25 13:00,2022-01-25 16:00,Unbiased,123
2022-01-26,2022-01-25 13:00,2022-01-25 16:00,Adjusted,116
2022-01-26,2022-01-25 20:30,2022-01-26 01:30,Unbiased,230
2022-01-26,2022-01-25 20:30,2022-01-26 01:30,Adjusted,219
2022-01-26,2022-01-26 02:30,2022-01-26 07:30,Unbiased,295
2022-01-26,2022-01-26 02:30,2022-01-26 07:30,Adjusted,295
2022-01-27,2022-01-26 13:00,2022-01-26 16:00,Unbiased,67
2022-01-27,2022-01-26 13:00,2022-01-26 16:00,Adjusted,53
2022-01-27,2022-01-26 20:30,2022-01-27 01:30,Unbiased,195
2022-01-27,2022-01-26 20:30,2022-01-27 01:30,Adjusted,184
2022-01-27,2022-01-27 02:30,2022-01-27 07:30,Unbiased,283
2022-01-27,2022-01-27 02:30,2022-01-27 07:30,Adjusted,265
2022-01-28,2022-01-27 13:00,2022-01-27 16:00,Unbiased,6
2022-01-28,2022-01-27 13:00,2022-01-27 16:00,Adjusted,0
2022-01-28,2022-01-27 20:30,2022-01-28 01:30,Unbiased,177
2022-01-28,2022-01-27 20:30,2022-01-28 01:30,Adjusted,167
2022-01-28,2022-01-28 02:30,2022-01-28 07:30,Unbiased,291
2022-01-28,2022-01-28 02:30,2022-01-28 07:30,Adjusted,276
2022-01-29,2022-01-28 13:00,2022-01-28 16:00,Unbiased,34
2022-01-29,2022-01-28 13:00,2022-01-28 16:00,Adjusted,19
2022-01-29,2022-01-28 20:30,2022-01-29 01:30,Unbiased,125
2022-01-29,2022-01-28 20:30,2022-01-29 01:30,Adjusted,103
2022-01-29,2022-01-29 02:30,2022-01-29 07:30,Unbiased,213
2022-01-29,2022-01-29 02:30,2022-01-29 07:30,Adjusted,195
2022-01-30,2022-01-29 13:00,2022-01-29 16:00,Unbiased,0
2022-01-30,2022-01-29 13:00,2022-01-29 16:00,Adjusted,0
2022-01-30,2022-01-29 20:30,2022-01-30 01:30,Unbiased,145
2022-01-30,2022-01-29 20:30,2022-01-30 01:30,Adjusted,124
2022-01-30,2022-01-30 02:30,2022-01-30 07:30,Unbiased,273
2022-01-30,2022-01-30 02:30,2022-01-30 07:30,Adjusted,261
2022-01-31,2022-01-30 13:00,2022-01-30 16:00,Unbiased,45
2022-01-31,2022-01-30 13:00,2022-01-30 16:00,Adjusted,31
2022-01-31,2022-01-30 20:30,2022-01-31 01:30,Unbiased,167
2022-01-31,2022-01-30 20:30,2022-01-31 01:30,Adjusted,138
2022-01-31,2022-01-31 02:30,2022-01-31 07:30,Unbiased,273
2022-01-31,2022-01-31 02:30,2022-01-31 07:30,Adjusted,258
2022-02-01,2022-01-31 13:00,2022-01-31 16:00,Unbiased,54
2022-02-01,2022-01-31 13:00,2022-01-31 16:00,Adjusted,40
2022-02-01,2022-01-31 20:30,2022-02-01 01:30,Unbiased,193
2022-02-01,2022-01-31 20:30,2022-02-01 01:30,Adjusted,174
2022-02-01,2022-02-01 02:30,2022-02-01 07:30,Unbiased,276
2022-02-01,2022-02-01 02:30,2022-02-01 07:30,Adjusted,258
2022-02-02,2022-02-01 13:00,2022-02-01 16:00,Unbiased,0
2022-02-02,2022-02-01 13:00,2022-02-01 16:00,Adjusted,0
2022-02-02,2022-02-01 20:30,2022-02-02 01:30,Unbiased,79
2022-02-02,2022-02-01 20:30,2022-02-02 01:30,Adjusted,57
2022-02-02,2022-02-02 02:30,2022-02-02 07:30,Unbiased,208
2022-02-02,2022-02-02 02:30,2022-02-02 07:30,Adjusted,194
2022-02-03,2022-02-02 13:00,2022-02-02 16:00,Unbiased,0
2022-02-03,2022-02-02 13:00,2022-02-02 16:00,Adjusted,0
2022-02-03,2022-02-02 20:30,2022-02-03 01:30,Unbiased,87
2022-02-03,2022-02-02 20:30,2022-02-03 01:30,Adjusted,65
2022-02-03,2022-02-03 02:30,2022-02-03 07:30,Unbiased,213
2022-02-03,2022-02-03 02:30,2022-02-03 07:30,Adjusted,198
2022-02-04,2022-02-03 13:00,2022-02-03 16:00,Unbiased,0
2022-02-04,2022-02-03 13:00,2022-02-03 16:00,Adjusted,0
2022-02-04,2022-02-03 20:30,2022-02-04 01:30,Unbiased,110
2022-02-04,2022-02-03 20:30,2022-02-04 01:30,Adjusted,90
2022-02-04,2022-02-04 02:30,2022-02-04 07:30,Unbiased,220
2022-02-04,2022-02-04 02:30,2022-02-04 07:30,Adjusted,204
2022-02-05,2022-02-04 13:00,2022-02-04 16:00,Unbiased,54
2022-02-05,2022-02-04 13:00,2022-02-04 16:00,Adjusted,39
2022-02-05,2022-02-04 20:30,2022-02-05 01:30,Unbiased,204
2022-02-05,2022-02-04 20:30,2022-02-05 01:30,Adjusted,194
2022-02-05,2022-02-05 02:30,2022-02-05 07:30,Unbiased,295
2022-02-05,2022-02-05 02:30,2022-02-05 07:30,Adjusted,295
2022-02-06,2022-02-05 13:00,2022-02-05 16:00,Unbiased,24
2022-02-06,2022-02-05 13:00,2022-02-05 16:00,Adjusted,9
2022-02-06,2022-02-05 20:30,2022-02-06 01:30,Unbiased,111
2022-02-06,2022-02-05 20:30,2022-02-06 01:30,Adjusted,92
2022-02-06,2022-02-06 02:30,2022-02-06 07:30,Unbiased,224
2022-02-06,2022-02-06 02:30,2022-02-06 07:30,Adjusted,208
2022-02-07,2022-02-06 13:00,2022-02-06 16:00,Unbiased,0
2022-02-07,2022-02-06 13:00,2022-02-06 16:00,Adjusted,0
2022-02-07,2022-02-06 20:30,2022-02-07 01:30,Unbiased,177
2022-02-07,2022-02-06 20:30,2022-02-07 01:30,Adjusted,167
2022-02-07,2022-02-07 02:30,2022-02-07 07:30,Unbiased,287
2022-02-07,2022-02-07 02:30,2022-02-07 07:30,Adjusted,276
2022-02-08,2022-02-07 13:00,2022-02-07 16:00,Unbiased,13
2022-02-08,2022-02-07 13:00,2022-02-07 16:00,Adjusted,0
2022-02-08,2022-02-07 20:30,2022-02-08 01:30,Unbiased,88
2022-02-08,2022-02-07 20:30,2022-02-08 01:30,Adjusted,67
2022-02-08,2022-02-08 02:30,2022-02-08 07:30,Unbiased,202
2022-02-08,2022-02-08 02:30,2022-02-08 07:30,Adjusted,187
2022-02-09,2022-02-08 13:00,2022-02-08 16:00,Unbiased,0
2022-02-09,2022-02-08 13:00,2022-02-08 16:00,Adjusted,0
2022-02-09,2022-02-08 20:30,2022-02-09 01:30,Unbiased,77
2022-02-09,2022-02-08 20:30,2022-02-09 01:30,Adjusted,55
2022-02-09,2022-02-09 02:30,2022-02-09 07:30,Unbiased,202
2022-02-09,2022-02-09 02:30,2022-02-09 07:30,Adjusted,185
2022-02-10,2022-02-09 13:00,2022-02-09 16:00,Unbiased,0
2022-02-10,2022-02-09 13:00,2022-02-09 16:00,Adjusted,0
2022-02-10,2022-02-09 20:30,2022-02-10 01:30,Unbiased,114
2022-02-10,2022-02-09 20:30,2022-02-10 01:30,Adjusted,95
2022-02-10,2022-02-10 02:30,2022-02-10 07:30,Unbiased,241
2022-02-10,2022-02-10 02:30,2022-02-10 07:30,Adjusted,229
2022-02-11,2022-02-10 13:00,2022-02-10 16:00,Unbiased,34
2022-02-11,2022-02-10 13:00,2022-02-10 16:00,Adjusted,21
2022-02-11,2022-02-10 20:30,2022-02-11 01:30,Unbiased,199
2022-02-11,2022-02-10 20:30,2022-02-11 01:30,Adjusted,189
2022-02-11,2022-02-11 02:30,2022-02-11 07:30,Unbiased,295
2022-02-11,2022-02-11 02:30,2022-02-11 07:30,Adjusted,295
2022-02-12,2022-02-11 13:00,2022-02-11 16:00,Unbiased,43
2022-02-12,2022-02-11 13:00,2022-02-11 16:00,Adjusted,29
2022-02-12,2022-02-11 20:30,2022-02-12 01:30,Unbiased,201
2022-02-12,2022-02-11 20:30,2022-02-12 01:30,Adjusted,192
2022-02-12,2022-02-12 02:30,2022-02-12 07:30,Unbiased,295
2022-02-12,2022-02-12 02:30,2022-02-12 07:30,Adjusted,295
2022-02-13,2022-02-12 13:00,2022-02-12 16:00,Unbiased,53
2022-02-13,2022-02-12 13:00,2022-02-12 16:00,Adjusted,40
2022-02-13,2022-02-12 20:30,2022-02-13 01:30,Unbiased,173
2022-02-13,2022-02-12 20:30,2022-02-13 01:30,Adjusted,151
2022-02-13,2022-02-13 02:30,2022-02-13 07:30,Unbiased,261
2022-02-13,2022-02-13 02:30,2022-02-13 07:30,Adjusted,244
2022-02-14,2022-02-13 13:00,2022-02-13 16:00,Unbiased,46
2022-02-14,2022-02-13 13:00,2022-02-13 16:00,Adjusted,33
2022-02-14,2022-02-13 20:30,2022-02-14 01:30,Unbiased,124
2022-02-14,2022-02-13 20:30,2022-02-14 01:30,Adjusted,102
2022-02-14,2022-02-14 02:30,2022-02-14 07:30,Unbiased,245
2022-02-14,2022-02-14 02:30,2022-02-14 07:30,Adjusted,231
2022-02-15,2022-02-14 13:00,2022-02-14 16:00,Unbiased,29
2022-02-15,2022-02-14 13:00,2022-02-14 16:00,Adjusted,15
2022-02-15,2022-02-14 20:30,2022-02-15 01:30,Unbiased,185
2022-02-15,2022-02-14 20:30,2022-02-15 01:30,Adjusted,176
2022-02-15,2022-02-15 02:30,2022-02-15 07:30,Unbiased,295
2022-02-15,2022-02-15 02:30,2022-02-15 07:30,Adjusted,295
2022-02-16,2022-02-15 13:00,2022-02-15 16:00,Unbiased,40
2022-02-16,2022-02-15 13:00,2022-02-15 16:00,Adjusted,24
2022-02-16,2022-02-15 20:30,2022-02-16 01:30,Unbiased,130
2022-02-16,2022-02-15 20:30,2022-02-16 01:30,Adjusted,108
2022-02-16,2022-02-16 02:30,2022-02-16 07:30,Unbiased,200
2022-02-16,2022-02-16 02:30,2022-02-16 07:30,Adjusted,179
2022-02-17,2022-02-16 13:00,2022-02-16 16:00,Unbiased,0
2022-02-17,2022-02-16 13:00,2022-02-16 16:00,Adjusted,0
2022-02-17,2022-02-16 20:30,2022-02-17 01:30,Unbiased,57
2022-02-17,2022-02-16 20:30,2022-02-17 01:30,Adjusted,36
2022-02-17,2022-02-17 02:30,2022-02-17 07:30,Unbiased,209
2022-02-17,2022-02-17 02:30,2022-02-17 07:30,Adjusted,195
2022-02-18,2022-02-17 13:00,2022-02-17 16:00,Unbiased,0
2022-02-18,2022-02-17 13:00,2022-02-17 16:00,Adjusted,0
2022-02-18,2022-02-17 20:30,2022-02-18 01:30,Unbiased,113
2022-02-18,2022-02-17 20:30,2022-02-18 01:30,Adjusted,92
2022-02-18,2022-02-18 02:30,2022-02-18 07:30,Unbiased,225
2022-02-18,2022-02-18 02:30,2022-02-18 07:30,Adjusted,206
2022-02-19,2022-02-18 13:00,2022-02-18 16:00,Unbiased,22
2022-02-19,2022-02-18 13:00,2022-02-18 16:00,Adjusted,8
2022-02-19,2022-02-18 20:30,2022-02-19 01:30,Unbiased,201
2022-02-19,2022-02-18 20:30,2022-02-19 01:30,Adjusted,191
2022-02-19,2022-02-19 02:30,2022-02-19 07:30,Unbiased,295
2022-02-19,2022-02-19 02:30,2022-02-19 07:30,Adjusted,295
2022-02-20,2022-02-19 13:00,2022-02-19 16:00,Unbiased,63
2022-02-20,2022-02-19 13:00,2022-02-19 16:00,Adjusted,49
2022-02-20,2022-02-19 20:30,2022-02-20 01:30,Unbiased,174
2022-02-20,2022-02-19 20:30,2022-02-20 01:30,Adjusted,153
2022-02-20,2022-02-20 02:30,2022-02-20 07:30,Unbiased,232
2022-02-20,2022-02-20 02:30,2022-02-20 07:30,Adjusted,214
2022-02-21,2022-02-20 13:00,2022-02-20 16:00,Unbiased,0
2022-02-21,2022-02-20 13:00,2022-02-20 16:00,Adjusted,0
2022-02-21,2022-02-20 20:30,2022-02-21 01:30,Unbiased,187
2022-02-21,2022-02-20 20:30,2022-02-21 01:30,Adjusted,178
2022-02-21,2022-02-21 02:30,2022-02-21 07:30,Unbiased,295
2022-02-21,2022-02-21 02:30,2022-02-21 07:30,Adjusted,288
2022-02-22,2022-02-21 13:00,2022-02-21 16:00,Unbiased,8
2022-02-22,2022-02-21 13:00,2022-02-21 16:00,Adjusted,0
2022-02-22,2022-02-21 20:30,2022-02-22 01:30,Unbiased,170
2022-02-22,2022-02-21 20:30,2022-02-22 01:30,Adjusted,151
2022-02-22,2022-02-22 02:30,2022-02-22 07:30,Unbiased,267
2022-02-22,2022-02-22 02:30,2022-02-22 07:30,Adjusted,252
2022-02-23,2022-02-22 13:00,2022-02-22 16:00,Unbiased,0
2022-02-23,2022-02-22 13:00,2022-02-22 16:00,Adjusted,0
2022-02-23,2022-02-22 20:30,2022-02-23 01:30,Unbiased,166
2022-02-23,2022-02-22 20:30,2022-02-23 01:30,Adjusted,148
2022-02-23,2022-02-23 02:30,2022-02-23 07:30,Unbiased,283
2022-02-23,2022-02-23 02:30,2022-02-23 07:30,Adjusted,268
2022-02-24,2022-02-23 13:00,2022-02-23 16:00,Unbiased,2
2022-02-24,2022-02-23 13:00,2022-02-23 16:00,Adjusted,0
2022-02-24,2022-02-23 20:30,2022-02-24 01:30,Unbiased,139
2022-02-24,2022-02-23 20:30,2022-02-24 01:30,Adjusted,121
2022-02-24,2022-02-24 02:30,2022-02-24 07:30,Unbiased,244
2022-02-24,2022-02-24 02:30,2022-02-24 07:30,Adjusted,228
2022-02-25,2022-02-24 13:00,2022-02-24 16:00,Unbiased,66
2022-02-25,2022-02-24 13:00,2022-02-24 16:00,Adjusted,52
2022-02-25,2022-02-24 20:30,2022-02-25 01:30,Unbiased,211
2022-02-25,2022-02-24 20:30,2022-02-25 01:30,Adjusted,201
2022-02-25,2022-02-25 02:30,2022-02-25 07:30,Unbiased,295
2022-02-25,2022-02-25 02:30,2022-02-25 07:30,Adjusted,295
2022-02-26,2022-02-25 13:00,2022-02-25 16:00,Unbiased,14
2022-02-26,2022-02-25 13:00,2022-02-25 16:00,Adjusted,0
2022-02-26,2022-02-25 20:30,2022-02-26 01:30,Unbiased,175
2022-02-26,2022-02-25 20:30,2022-02-26 01:30,Adjusted,166
2022-02-26,2022-02-26 02:30,2022-02-26 07:30,Unbiased,289
2022-02-26,2022-02-26 02:30,2022-02-26 07:30,Adjusted,274
2022-02-27,2022-02-26 13:00,2022-02-26 16:00,Unbiased,6
2022-02-27,2022-02-26 13:00,2022-02-26 16:00,Adjusted,0
2022-02-27,2022-02-26 20:30,2022-02-27 01:30,Unbiased,186
2022-02-27,2022-02-26 20:30,2022-02-27 01:30,Adjusted,176
2022-02-27,2022-02-27 02:30,2022-02-27 07:30,Unbiased,295
2022-02-27,2022-02-27 02:30,2022-02-27 07:30,Adjusted,289
2022-02-28,2022-02-27 13:00,2022-02-27 16:00,Unbiased,15
2022-02-28,2022-02-27 13:00,2022-02-27 16:00,Adjusted,1
2022-02-28,2022-02-27 20:30,2022-02-28 01:30,Unbiased,179
2022-02-28,2022-02-27 20:30,2022-02-28 01:30,Adjusted,158
2022-02-28,2022-02-28 02:30,2022-02-28 07:30,Unbiased,275
2022-02-28,2022-02-28 02:30,2022-02-28 07:30,Adjusted,254
2022-03-01,2022-02-28 13:00,2022-02-28 16:00,Unbiased,0
2022-03-01,2022-02-28 13:00,2022-02-28 16:00,Adjusted,0
2022-03-01,2022-02-28 20:30,2022-03-01 01:30,Unbiased,79
2022-03-01,2022-02-28 20:30,2022-03-01 01:30,Adjusted,79
2022-03-01,2022-03-01 02:30,2022-03-01 07:30,Unbiased,198
2022-03-01,2022-03-01 02:30,2022-03-01 07:30,Adjusted,213
2022-03-02,2022-03-01 13:00,2022-03-01 16:00,Unbiased,62
2022-03-02,2022-03-01 13:00,2022-03-01 16:00,Adjusted,62
2022-03-02,2022-03-01 20:30,2022-03-02 01:30,Unbiased,186
2022-03-02,2022-03-01 20:30,2022-03-02 01:30,Adjusted,186
2022-03-02,2022-03-02 02:30,2022-03-02 07:30,Unbiased,280
2022-03-02,2022-03-02 02:30,2022-03-02 07:30,Adjusted,280
2022-03-03,2022-03-02 13:00,2022-03-02 16:00,Unbiased,63
2022-03-03,2022-03-02 13:00,2022-03-02 16:00,Adjusted,63
2022-03-03,2022-03-02 20:30,2022-03-03 01:30,Unbiased,177
2022-03-03,2022-03-02 20:30,2022-03-03 01:30,Adjusted,177
2022-03-03,2022-03-03 02:30,2022-03-03 07:30,Unbiased,271
2022-03-03,2022-03-03 02:30,2022-03-03 07:30,Adjusted,271
2022-03-04,2022-03-03 13:00,2022-03-03 16:00,Unbiased,0
2022-03-04,2022-03-03 13:00,2022-03-03 16:00,Adjusted,0
2022-03-04,2022-03-03 20:30,2022-03-04 01:30,Unbiased,87
2022-03-04,2022-03-03 20:30,2022-03-04 01:30,Adjusted,87
2022-03-04,2022-03-04 02:30,2022-03-04 07:30,Unbiased,202
2022-03-04,2022-03-04 02:30,2022-03-04 07:30,Adjusted,202
2022-03-05,2022-03-04 13:00,2022-03-04 16:00,Unbiased,33
2022-03-05,2022-03-04 13:00,2022-03-04 16:00,Adjusted,33
2022-03-05,2022-03-04 20:30,2022-03-05 01:30,Unbiased,178
2022-03-05,2022-03-04 20:30,2022-03-05 01:30,Adjusted,178
2022-03-05,2022-03-05 02:30,2022-03-05 07:30,Unbiased,295
2022-03-05,2022-03-05 02:30,2022-03-05 07:30,Adjusted,295
2022-03-06,2022-03-05 13:00,2022-03-05 16:00,Unbiased,77
2022-03-06,2022-03-05 13:00,2022-03-05 16:00,Adjusted,77
2022-03-06,2022-03-05 20:30,2022-03-06 01:30,Unbiased,213
2022-03-06,2022-03-05 20:30,2022-03-06 01:30,Adjusted,213
2022-03-06,2022-03-06 02:30,2022-03-06 07:30,Unbiased,295
2022-03-06,2022-03-06 02:30,2022-03-06 07:30,Adjusted,295
2022-03-07,2022-03-06 13:00,2022-03-06 16:00,Unbiased,80
2022-03-07,2022-03-06 13:00,2022-03-06 16:00,Adjusted,80
2022-03-07,2022-03-06 20:30,2022-03-07 01:30,Unbiased,212
2022-03-07,2022-03-06 20:30,2022-03-07 01:30,Adjusted,212
2022-03-07,2022-03-07 02:30,2022-03-07 07:30,Unbiased,295
2022-03-07,2022-03-07 02:30,2022-03-07 07:30,Adjusted,295
2022-03-08,2022-03-07 13:00,2022-03-07 16:00,Unbiased,93
2022-03-08,2022-03-07 13:00,2022-03-07 16:00,Adjusted,93
2022-03-08,2022-03-07 20:30,2022-03-08 01:30,Unbiased,223
2022-03-08,2022-03-07 20:30,2022-03-08 01:30,Adjusted,223
2022-03-08,2022-03-08 02:30,2022-03-08 07:30,Unbiased,295
2022-03-08,2022-03-08 02:30,2022-03-08 07:30,Adjusted,295
2022-03-09,2022-03-08 13:00,2022-03-08 16:00,Unbiased,10
2022-03-09,2022-03-08 13:00,2022-03-08 16:00,Adjusted,10
2022-03-09,2022-03-08 20:30,2022-03-09 01:30,Unbiased,117
2022-03-09,2022-03-08 20:30,2022-03-09 01:30,Adjusted,117
2022-03-09,2022-03-09 02:30,2022-03-09 07:30,Unbiased,219
2022-03-09,2022-03-09 02:30,2022-03-09 07:30,Adjusted,219
2022-03-10,2022-03-09 13:00,2022-03-09 16:00,Unbiased,0
2022-03-10,2022-03-09 13:00,2022-03-09 16:00,Adjusted,0
2022-03-10,2022-03-09 20:30,2022-03-10 01:30,Unbiased,70
2022-03-10,2022-03-09 20:30,2022-03-10 01:30,Adjusted,70
2022-03-10,2022-03-10 02:30,2022-03-10 07:30,Unbiased,210
2022-03-10,2022-03-10 02:30,2022-03-10 07:30,Adjusted,210
2022-03-11,2022-03-10 13:00,2022-03-10 16:00,Unbiased,0
2022-03-11,2022-03-10 13:00,2022-03-10 16:00,Adjusted,0
2022-03-11,2022-03-10 20:30,2022-03-11 01:30,Unbiased,21
2022-03-11,2022-03-10 20:30,2022-03-11 01:30,Adjusted,21
2022-03-11,2022-03-11 02:30,2022-03-11 07:30,Unbiased,182
2022-03-11,2022-03-11 02:30,2022-03-11 07:30,Adjusted,182
2022-03-12,2022-03-11 13:00,2022-03-11 16:00,Unbiased,0
2022-03-12,2022-03-11 13:00,2022-03-11 16:00,Adjusted,0
2022-03-12,2022-03-11 20:30,2022-03-12 01:30,Unbiased,103
2022-03-12,2022-03-11 20:30,2022-03-12 01:30,Adjusted,103
2022-03-12,2022-03-12 02:30,2022-03-12 07:30,Unbiased,218
2022-03-12,2022-03-12 02:30,2022-03-12 07:30,Adjusted,218
2022-03-13,2022-03-12 13:00,2022-03-12 16:00,Unbiased,0
2022-03-13,2022-03-12 13:00,2022-03-12 16:00,Adjusted,0
2022-03-13,2022-03-12 20:30,2022-03-13 01:30,Unbiased,103
2022-03-13,2022-03-12 20:30,2022-03-13 01:30,Adjusted,103
2022-03-13,2022-03-13 02:30,2022-03-13 07:30,Unbiased,222
2022-03-13,2022-03-13 02:30,2022-03-13 07:30,Adjusted,222
2022-03-14,2022-03-13 13:00,2022-03-13 16:00,Unbiased,0
2022-03-14,2022-03-13 13:00,2022-03-13 16:00,Adjusted,0
2022-03-14,2022-03-13 20:30,2022-03-14 01:30,Unbiased,112
2022-03-14,2022-03-13 20:30,2022-03-14 01:30,Adjusted,112
2022-03-14,2022-03-14 02:30,2022-03-14 07:30,Unbiased,244
2022-03-14,2022-03-14 02:30,2022-03-14 07:30,Adjusted,244
2022-03-15,2022-03-14 13:00,2022-03-14 16:00,Unbiased,0
2022-03-15,2022-03-14 13:00,2022-03-14 16:00,Adjusted,0
2022-03-15,2022-03-14 20:30,2022-03-15 01:30,Unbiased,90
2022-03-15,2022-03-14 20:30,2022-03-15 01:30,Adjusted,90
2022-03-15,2022-03-15 02:30,2022-03-15 07:30,Unbiased,229
2022-03-15,2022-03-15 02:30,2022-03-15 07:30,Adjusted,229
2022-03-16,2022-03-15 13:00,2022-03-15 16:00,Unbiased,0
2022-03-16,2022-03-15 13:00,2022-03-15 16:00,Adjusted,0
2022-03-16,2022-03-15 20:30,2022-03-16 01:30,Unbiased,56
2022-03-16,2022-03-15 20:30,2022-03-16 01:30,Adjusted,56
2022-03-16,2022-03-16 02:30,2022-03-16 07:30,Unbiased,200
2022-03-16,2022-03-16 02:30,2022-03-16 07:30,Adjusted,200
2022-03-17,2022-03-16 13:00,2022-03-16 16:00,Unbiased,0
2022-03-17,2022-03-16 13:00,2022-03-16 16:00,Adjusted,0
2022-03-17,2022-03-16 20:30,2022-03-17 01:30,Unbiased,168
2022-03-17,2022-03-16 20:30,2022-03-17 01:30,Adjusted,168
2022-03-17,2022-03-17 02:30,2022-03-17 07:30,Unbiased,285
2022-03-17,2022-03-17 02:30,2022-03-17 07:30,Adjusted,285
2022-03-18,2022-03-17 13:00,2022-03-17 16:00,Unbiased,0
2022-03-18,2022-03-17 13:00,2022-03-17 16:00,Adjusted,0
2022-03-18,2022-03-17 20:30,2022-03-18 01:30,Unbiased,84
2022-03-18,2022-03-17 20:30,2022-03-18 01:30,Adjusted,84
2022-03-18,2022-03-18 02:30,2022-03-18 07:30,Unbiased,225
2022-03-18,2022-03-18 02:30,2022-03-18 07:30,Adjusted,225
2022-03-19,2022-03-18 13:00,2022-03-18 16:00,Unbiased,0
2022-03-19,2022-03-18 13:00,2022-03-18 16:00,Adjusted,0
2022-03-19,2022-03-18 20:30,2022-03-19 01:30,Unbiased,105
2022-03-19,2022-03-18 20:30,2022-03-19 01:30,Adjusted,105
2022-03-19,2022-03-19 02:30,2022-03-19 07:30,Unbiased,233
2022-03-19,2022-03-19 02:30,2022-03-19 07:30,Adjusted,233
2022-03-20,2022-03-19 13:00,2022-03-19 16:00,Unbiased,0
2022-03-20,2022-03-19 13:00,2022-03-19 16:00,Adjusted,0
2022-03-20,2022-03-19 20:30,2022-03-20 01:30,Unbiased,141
2022-03-20,2022-03-19 20:30,2022-03-20 01:30,Adjusted,141
2022-03-20,2022-03-20 02:30,2022-03-20 07:30,Unbiased,264
2022-03-20,2022-03-20 02:30,2022-03-20 07:30,Adjusted,264
2022-03-21,2022-03-20 13:00,2022-03-20 16:00,Unbiased,0
2022-03-21,2022-03-20 13:00,2022-03-20 16:00,Adjusted,0
2022-03-21,2022-03-20 20:30,2022-03-21 01:30,Unbiased,140
2022-03-21,2022-03-20 20:30,2022-03-21 01:30,Adjusted,140
2022-03-21,2022-03-21 02:30,2022-03-21 07:30,Unbiased,260
2022-03-21,2022-03-21 02:30,2022-03-21 07:30,Adjusted,260
2022-03-22,2022-03-21 13:00,2022-03-21 16:00,Unbiased,0
2022-03-22,2022-03-21 13:00,2022-03-21 16:00,Adjusted,0
2022-03-22,2022-03-21 20:30,2022-03-22 01:30,Unbiased,88
2022-03-22,2022-03-21 20:30,2022-03-22 01:30,Adjusted,88
2022-03-22,2022-03-22 02:30,2022-03-22 07:30,Unbiased,216
2022-03-22,2022-03-22 02:30,2022-03-22 07:30,Adjusted,216
2022-03-23,2022-03-22 13:00,2022-03-22 16:00,Unbiased,0
2022-03-23,2022-03-22 13:00,2022-03-22 16:00,Adjusted,0
2022-03-23,2022-03-22 20:30,2022-03-23 01:30,Unbiased,55
2022-03-23,2022-03-22 20:30,2022-03-23 01:30,Adjusted,55
2022-03-23,2022-03-23 02:30,2022-03-23 07:30,Unbiased,210
2022-03-23,2022-03-23 02:30,2022-03-23 07:30,Adjusted,210
2022-03-24,2022-03-23 13:00,2022-03-23 16:00,Unbiased,0
2022-03-24,2022-03-23 13:00,2022-03-23 16:00,Adjusted,0
2022-03-24,2022-03-23 20:30,2022-03-24 01:30,Unbiased,33
2022-03-24,2022-03-23 20:30,2022-03-24 01:30,Adjusted,33
2022-03-24,2022-03-24 02:30,2022-03-24 07:30,Unbiased,206
2022-03-24,2022-03-24 02:30,2022-03-24 07:30,Adjusted,206
2022-03-25,2022-03-24 13:00,2022-03-24 16:00,Unbiased,0
2022-03-25,2022-03-24 13:00,2022-03-24 16:00,Adjusted,0
2022-03-25,2022-03-24 20:30,2022-03-25 01:30,Unbiased,58
2022-03-25,2022-03-24 20:30,2022-03-25 01:30,Adjusted,58
2022-03-25,2022-03-25 02:30,2022-03-25 07:30,Unbiased,221
2022-03-25,2022-03-25 02:30,2022-03-25 07:30,Adjusted,221
2022-03-26,2022-03-25 13:00,2022-03-25 16:00,Unbiased,0
2022-03-26,2022-03-25 13:00,2022-03-25 16:00,Adjusted,0
2022-03-26,2022-03-25 20:30,2022-03-26 01:30,Unbiased,75
2022-03-26,2022-03-25 20:30,2022-03-26 01:30,Adjusted,75
2022-03-26,2022-03-26 02:30,2022-03-26 07:30,Unbiased,232
2022-03-26,2022-03-26 02:30,2022-03-26 07:30,Adjusted,232
2022-03-27,2022-03-26 13:00,2022-03-26 16:00,Unbiased,0
2022-03-27,2022-03-26 13:00,2022-03-26 16:00,Adjusted,0
2022-03-27,2022-03-26 20:30,2022-03-27 01:30,Unbiased,89
2022-03-27,2022-03-26 20:30,2022-03-27 01:30,Adjusted,89
2022-03-27,2022-03-27 02:30,2022-03-27 07:30,Unbiased,234
2022-03-27,2022-03-27 02:30,2022-03-27 07:30,Adjusted,234
2022-03-28,2022-03-27 13:00,2022-03-27 16:00,Unbiased,7
2022-03-28,2022-03-27 13:00,2022-03-27 16:00,Adjusted,7
2022-03-28,2022-03-27 20:30,2022-03-28 01:30,Unbiased,147
2022-03-28,2022-03-27 20:30,2022-03-28 01:30,Adjusted,147
2022-03-28,2022-03-28 02:30,2022-03-28 07:30,Unbiased,269
2022-03-28,2022-03-28 02:30,2022-03-28 07:30,Adjusted,269
2022-03-29,2022-03-28 13:00,2022-03-28 16:00,Unbiased,0
2022-03-29,2022-03-28 13:00,2022-03-28 16:00,Adjusted,0
2022-03-29,2022-03-28 20:30,2022-03-29 01:30,Unbiased,93
2022-03-29,2022-03-28 20:30,2022-03-29 01:30,Adjusted,93
2022-03-29,2022-03-29 02:30,2022-03-29 07:30,Unbiased,237
2022-03-29,2022-03-29 02:30,2022-03-29 07:30,Adjusted,237
2022-03-30,2022-03-29 13:00,2022-03-29 16:00,Unbiased,12
2022-03-30,2022-03-29 13:00,2022-03-29 16:00,Adjusted,12
2022-03-30,2022-03-29 20:30,2022-03-30 01:30,Unbiased,150
2022-03-30,2022-03-29 20:30,2022-03-30 01:30,Adjusted,150
2022-03-30,2022-03-30 02:30,2022-03-30 07:30,Unbiased,265
2022-03-30,2022-03-30 02:30,2022-03-30 07:30,Adjusted,265
2022-03-31,2022-03-30 13:00,2022-03-30 16:00,Unbiased,0
2022-03-31,2022-03-30 13:00,2022-03-30 16:00,Adjusted,0
2022-03-31,2022-03-30 20:30,2022-03-31 01:30,Unbiased,212
2022-03-31,2022-03-30 20:30,2022-03-31 01:30,Adjusted,212
2022-03-31,2022-03-31 02:30,2022-03-31 07:30,Unbiased,295
2022-03-31,2022-03-31 02:30,2022-03-31 07:30,Adjusted,295
2022-04-01,2022-03-31 13:00,2022-03-31 16:00,Unbiased,83
2022-04-01,2022-03-31 13:00,2022-03-31 16:00,Adjusted,83
2022-04-01,2022-03-31 20:30,2022-04-01 01:30,Unbiased,228
2022-04-01,2022-03-31 20:30,2022-04-01 01:30,Adjusted,228
2022-04-01,2022-04-01 02:30,2022-04-01 07:30,Unbiased,295
2022-04-01,2022-04-01 02:30,2022-04-01 07:30,Adjusted,295
2022-04-02,2022-04-01 13:00,2022-04-01 16:00,Unbiased,85
2022-04-02,2022-04-01 13:00,2022-04-01 16:00,Adjusted,98
2022-04-02,2022-04-01 20:30,2022-04-02 01:30,Unbiased,210
2022-04-02,2022-04-01 20:30,2022-04-02 01:30,Adjusted,219
2022-04-02,2022-04-02 02:30,2022-04-02 07:30,Unbiased,295
2022-04-02,2022-04-02 02:30,2022-04-02 07:30,Adjusted,295
2022-04-03,2022-04-02 13:00,2022-04-02 16:00,Unbiased,45
2022-04-03,2022-04-02 13:00,2022-04-02 16:00,Adjusted,59
2022-04-03,2022-04-02 20:30,2022-04-03 01:30,Unbiased,195
2022-04-03,2022-04-02 20:30,2022-04-03 01:30,Adjusted,205
2022-04-03,2022-04-03 02:30,2022-04-03 07:30,Unbiased,295
2022-04-03,2022-04-03 02:30,2022-04-03 07:30,Adjusted,295
2022-04-04,2022-04-03 13:00,2022-04-03 16:00,Unbiased,1
2022-04-04,2022-04-03 13:00,2022-04-03 16:00,Adjusted,12
2022-04-04,2022-04-03 20:30,2022-04-04 01:30,Unbiased,154
2022-04-04,2022-04-03 20:30,2022-04-04 01:30,Adjusted,171
2022-04-04,2022-04-04 02:30,2022-04-04 07:30,Unbiased,264
2022-04-04,2022-04-04 02:30,2022-04-04 07:30,Adjusted,280
2022-04-05,2022-04-04 13:00,2022-04-04 16:00,Unbiased,0
2022-04-05,2022-04-04 13:00,2022-04-04 16:00,Adjusted,0
2022-04-05,2022-04-04 20:30,2022-04-05 01:30,Unbiased,21
2022-04-05,2022-04-04 20:30,2022-04-05 01:30,Adjusted,43
2022-04-05,2022-04-05 02:30,2022-04-05 07:30,Unbiased,165
2022-04-05,2022-04-05 02:30,2022-04-05 07:30,Adjusted,183
2022-04-06,2022-04-05 13:00,2022-04-05 16:00,Unbiased,0
2022-04-06,2022-04-05 13:00,2022-04-05 16:00,Adjusted,0
2022-04-06,2022-04-05 20:30,2022-04-06 01:30,Unbiased,57
2022-04-06,2022-04-05 20:30,2022-04-06 01:30,Adjusted,76
2022-04-06,2022-04-06 02:30,2022-04-06 07:30,Unbiased,194
2022-04-06,2022-04-06 02:30,2022-04-06 07:30,Adjusted,209
2022-04-07,2022-04-06 13:00,2022-04-06 16:00,Unbiased,0
2022-04-07,2022-04-06 13:00,2022-04-06 16:00,Adjusted,0
2022-04-07,2022-04-06 20:30,2022-04-07 01:30,Unbiased,85
2022-04-07,2022-04-06 20:30,2022-04-07 01:30,Adjusted,106
2022-04-07,2022-04-07 02:30,2022-04-07 07:30,Unbiased,222
2022-04-07,2022-04-07 02:30,2022-04-07 07:30,Adjusted,236
2022-04-08,2022-04-07 13:00,2022-04-07 16:00,Unbiased,0
2022-04-08,2022-04-07 13:00,2022-04-07 16:00,Adjusted,0
2022-04-08,2022-04-07 20:30,2022-04-08 01:30,Unbiased,135
2022-04-08,2022-04-07 20:30,2022-04-08 01:30,Adjusted,156
2022-04-08,2022-04-08 02:30,2022-04-08 07:30,Unbiased,265
2022-04-08,2022-04-08 02:30,2022-04-08 07:30,Adjusted,278
2022-04-09,2022-04-08 13:00,2022-04-08 16:00,Unbiased,0
2022-04-09,2022-04-08 13:00,2022-04-08 16:00,Adjusted,0
2022-04-09,2022-04-08 20:30,2022-04-09 01:30,Unbiased,165
2022-04-09,2022-04-08 20:30,2022-04-09 01:30,Adjusted,172
2022-04-09,2022-04-09 02:30,2022-04-09 07:30,Unbiased,278
2022-04-09,2022-04-09 02:30,2022-04-09 07:30,Adjusted,292
2022-04-10,2022-04-09 13:00,2022-04-09 16:00,Unbiased,0
2022-04-10,2022-04-09 13:00,2022-04-09 16:00,Adjusted,0
2022-04-10,2022-04-09 20:30,2022-04-10 01:30,Unbiased,83
2022-04-10,2022-04-09 20:30,2022-04-10 01:30,Adjusted,109
2022-04-10,2022-04-10 02:30,2022-04-10 07:30,Unbiased,241
2022-04-10,2022-04-10 02:30,2022-04-10 07:30,Adjusted,254
2022-04-11,2022-04-10 13:00,2022-04-10 16:00,Unbiased,0
2022-04-11,2022-04-10 13:00,2022-04-10 16:00,Adjusted,0
2022-04-11,2022-04-10 20:30,2022-04-11 01:30,Unbiased,90
2022-04-11,2022-04-10 20:30,2022-04-11 01:30,Adjusted,110
2022-04-11,2022-04-11 02:30,2022-04-11 07:30,Unbiased,245
2022-04-11,2022-04-11 02:30,2022-04-11 07:30,Adjusted,260
2022-04-12,2022-04-11 13:00,2022-04-11 16:00,Unbiased,0
2022-04-12,2022-04-11 13:00,2022-04-11 16:00,Adjusted,0
2022-04-12,2022-04-11 20:30,2022-04-12 01:30,Unbiased,0
2022-04-12,2022-04-11 20:30,2022-04-12 01:30,Adjusted,21
2022-04-12,2022-04-12 02:30,2022-04-12 07:30,Unbiased,173
2022-04-12,2022-04-12 02:30,2022-04-12 07:30,Adjusted,191
2022-04-13,2022-04-12 13:00,2022-04-12 16:00,Unbiased,0
2022-04-13,2022-04-12 13:00,2022-04-12 16:00,Adjusted,0
2022-04-13,2022-04-12 20:30,2022-04-13 01:30,Unbiased,0
2022-04-13,2022-04-12 20:30,2022-04-13 01:30,Adjusted,0
2022-04-13,2022-04-13 02:30,2022-04-13 07:30,Unbiased,105
2022-04-13,2022-04-13 02:30,2022-04-13 07:30,Adjusted,133
2022-04-14,2022-04-13 13:00,2022-04-13 16:00,Unbiased,0
2022-04-14,2022-04-13 13:00,2022-04-13 16:00,Adjusted,0
2022-04-14,2022-04-13 20:30,2022-04-14 01:30,Unbiased,0
2022-04-14,2022-04-13 20:30,2022-04-14 01:30,Adjusted,0
2022-04-14,2022-04-14 02:30,2022-04-14 07:30,Unbiased,102
2022-04-14,2022-04-14 02:30,2022-04-14 07:30,Adjusted,125
2022-04-15,2022-04-14 13:00,2022-04-14 16:00,Unbiased,0
2022-04-15,2022-04-14 13:00,2022-04-14 16:00,Adjusted,0
2022-04-15,2022-04-14 20:30,2022-04-15 01:30,Unbiased,0
2022-04-15,2022-04-14 20:30,2022-04-15 01:30,Adjusted,0
2022-04-15,2022-04-15 02:30,2022-04-15 07:30,Unbiased,19
2022-04-15,2022-04-15 02:30,2022-04-15 07:30,Adjusted,45
2022-04-16,2022-04-15 13:00,2022-04-15 16:00,Unbiased,0
2022-04-16,2022-04-15 13:00,2022-04-15 16:00,Adjusted,0
2022-04-16,2022-04-15 20:30,2022-04-16 01:30,Unbiased,0
2022-04-16,2022-04-15 20:30,2022-04-16 01:30,Adjusted,0
2022-04-16,2022-04-16 02:30,2022-04-16 07:30,Unbiased,175
2022-04-16,2022-04-16 02:30,2022-04-16 07:30,Adjusted,191
2022-04-17,2022-04-16 13:00,2022-04-16 16:00,Unbiased,0
2022-04-17,2022-04-16 13:00,2022-04-16 16:00,Adjusted,0
2022-04-17,2022-04-16 20:30,2022-04-17 01:30,Unbiased,34
2022-04-17,2022-04-16 20:30,2022-04-17 01:30,Adjusted,54
2022-04-17,2022-04-17 02:30,2022-04-17 07:30,Unbiased,198
2022-04-17,2022-04-17 02:30,2022-04-17 07:30,Adjusted,208
2022-04-18,2022-04-17 13:00,2022-04-17 16:00,Unbiased,0
2022-04-18,2022-04-17 13:00,2022-04-17 16:00,Adjusted,0
2022-04-18,2022-04-17 20:30,2022-04-18 01:30,Unbiased,0
2022-04-18,2022-04-17 20:30,2022-04-18 01:30,Adjusted,0
2022-04-18,2022-04-18 02:30,2022-04-18 07:30,Unbiased,107
2022-04-18,2022-04-18 02:30,2022-04-18 07:30,Adjusted,128
2022-04-19,2022-04-18 13:00,2022-04-18 16:00,Unbiased,0
2022-04-19,2022-04-18 13:00,2022-04-18 16:00,Adjusted,0
2022-04-19,2022-04-18 20:30,2022-04-19 01:30,Unbiased,0
2022-04-19,2022-04-18 20:30,2022-04-19 01:30,Adjusted,0
2022-04-19,2022-04-19 02:30,2022-04-19 07:30,Unbiased,133
2022-04-19,2022-04-19 02:30,2022-04-19 07:30,Adjusted,154
2022-04-20,2022-04-19 13:00,2022-04-19 16:00,Unbiased,0
2022-04-20,2022-04-19 13:00,2022-04-19 16:00,Adjusted,0
2022-04-20,2022-04-19 20:30,2022-04-20 01:30,Unbiased,43
2022-04-20,2022-04-19 20:30,2022-04-20 01:30,Adjusted,70
2022-04-20,2022-04-20 02:30,2022-04-20 07:30,Unbiased,231
2022-04-20,2022-04-20 02:30,2022-04-20 07:30,Adjusted,242
2022-04-21,2022-04-20 13:00,2022-04-20 16:00,Unbiased,0
2022-04-21,2022-04-20 13:00,2022-04-20 16:00,Adjusted,0
2022-04-21,2022-04-20 20:30,2022-04-21 01:30,Unbiased,67
2022-04-21,2022-04-20 20:30,2022-04-21 01:30,Adjusted,88
2022-04-21,2022-04-21 02:30,2022-04-21 07:30,Unbiased,230
2022-04-21,2022-04-21 02:30,2022-04-21 07:30,Adjusted,245
2022-04-22,2022-04-21 13:00,2022-04-21 16:00,Unbiased,0
2022-04-22,2022-04-21 13:00,2022-04-21 16:00,Adjusted,0
2022-04-22,2022-04-21 20:30,2022-04-22 01:30,Unbiased,0
2022-04-22,2022-04-21 20:30,2022-04-22 01:30,Adjusted,0
2022-04-22,2022-04-22 02:30,2022-04-22 07:30,Unbiased,0
2022-04-22,2022-04-22 02:30,2022-04-22 07:30,Adjusted,0
2022-04-23,2022-04-22 13:00,2022-04-22 16:00,Unbiased,0
2022-04-23,2022-04-22 13:00,2022-04-22 16:00,Adjusted,0
2022-04-23,2022-04-22 20:30,2022-04-23 01:30,Unbiased,73
2022-04-23,2022-04-22 20:30,2022-04-23 01:30,Adjusted,92
2022-04-23,2022-04-23 02:30,2022-04-23 07:30,Unbiased,192
2022-04-23,2022-04-23 02:30,2022-04-23 07:30,Adjusted,207
2022-04-24,2022-04-23 13:00,2022-04-23 16:00,Unbiased,0
2022-04-24,2022-04-23 13:00,2022-04-23 16:00,Adjusted,0
2022-04-24,2022-04-23 20:30,2022-04-24 01:30,Unbiased,29
2022-04-24,2022-04-23 20:30,2022-04-24 01:30,Adjusted,52
2022-04-24,2022-04-24 02:30,2022-04-24 07:30,Unbiased,206
2022-04-24,2022-04-24 02:30,2022-04-24 07:30,Adjusted,219
2022-04-25,2022-04-24 13:00,2022-04-24 16:00,Unbiased,0
2022-04-25,2022-04-24 13:00,2022-04-24 16:00,Adjusted,0
2022-04-25,2022-04-24 20:30,2022-04-25 01:30,Unbiased,83
2022-04-25,2022-04-24 20:30,2022-04-25 01:30,Adjusted,104
2022-04-25,2022-04-25 02:30,2022-04-25 07:30,Unbiased,239
2022-04-25,2022-04-25 02:30,2022-04-25 07:30,Adjusted,250
2022-04-26,2022-04-25 13:00,2022-04-25 16:00,Unbiased,0
2022-04-26,2022-04-25 13:00,2022-04-25 16:00,Adjusted,0
2022-04-26,2022-04-25 20:30,2022-04-26 01:30,Unbiased,112
2022-04-26,2022-04-25 20:30,2022-04-26 01:30,Adjusted,132
2022-04-26,2022-04-26 02:30,2022-04-26 07:30,Unbiased,256
2022-04-26,2022-04-26 02:30,2022-04-26 07:30,Adjusted,269
2022-04-27,2022-04-26 13:00,2022-04-26 16:00,Unbiased,0
2022-04-27,2022-04-26 13:00,2022-04-26 16:00,Adjusted,0
2022-04-27,2022-04-26 20:30,2022-04-27 01:30,Unbiased,87
2022-04-27,2022-04-26 20:30,2022-04-27 01:30,Adjusted,111
2022-04-27,2022-04-27 02:30,2022-04-27 07:30,Unbiased,234
2022-04-27,2022-04-27 02:30,2022-04-27 07:30,Adjusted,247
2022-04-28,2022-04-27 13:00,2022-04-27 16:00,Unbiased,0
2022-04-28,2022-04-27 13:00,2022-04-27 16:00,Adjusted,0
2022-04-28,2022-04-27 20:30,2022-04-28 01:30,Unbiased,121
2022-04-28,2022-04-27 20:30,2022-04-28 01:30,Adjusted,143
2022-04-28,2022-04-28 02:30,2022-04-28 07:30,Unbiased,247
2022-04-28,2022-04-28 02:30,2022-04-28 07:30,Adjusted,261
2022-04-29,2022-04-28 13:00,2022-04-28 16:00,Unbiased,0
2022-04-29,2022-04-28 13:00,2022-04-28 16:00,Adjusted,0
2022-04-29,2022-04-28 20:30,2022-04-29 01:30,Unbiased,101
2022-04-29,2022-04-28 20:30,2022-04-29 01:30,Adjusted,124
2022-04-29,2022-04-29 02:30,2022-04-29 07:30,Unbiased,241
2022-04-29,2022-04-29 02:30,2022-04-29 07:30,Adjusted,256
2022-04-30,2022-04-29 13:00,2022-04-29 16:00,Unbiased,0
2022-04-30,2022-04-29 13:00,2022-04-29 16:00,Adjusted,0
2022-04-30,2022-04-29 20:30,2022-04-30 01:30,Unbiased,140
2022-04-30,2022-04-29 20:30,2022-04-30 01:30,Adjusted,161
2022-04-30,2022-04-30 02:30,2022-04-30 07:30,Unbiased,264
2022-04-30,2022-04-30 02:30,2022-04-30 07:30,Adjusted,279
2022-05-01,2022-04-30 13:00,2022-04-30 16:00,Unbiased,0
2022-05-01,2022-04-30 13:00,2022-04-30 16:00,Adjusted,0
2022-05-01,2022-04-30 20:30,2022-05-01 01:30,Unbiased,0
2022-05-01,2022-04-30 20:30,2022-05-01 01:30,Adjusted,0
2022-05-01,2022-05-01 02:30,2022-05-01 07:30,Unbiased,83
2022-05-01,2022-05-01 02:30,2022-05-01 07:30,Adjusted,112
2022-05-02,2022-05-01 13:00,2022-05-01 16:00,Unbiased,0
2022-05-02,2022-05-01 13:00,2022-05-01 16:00,Adjusted,0
2022-05-02,2022-05-01 20:30,2022-05-02 01:30,Unbiased,0
2022-05-02,2022-05-01 20:30,2022-05-02 01:30,Adjusted,0
2022-05-02,2022-05-02 02:30,2022-05-02 07:30,Unbiased,112
2022-05-02,2022-05-02 02:30,2022-05-02 07:30,Adjusted,132
2022-10-01,2022-09-30 13:00,2022-09-30 16:00,Unbiased,0
2022-10-01,2022-09-30 13:00,2022-09-30 16:00,Adjusted,0
2022-10-01,2022-09-30 20:30,2022-10-01 01:30,Unbiased,0
2022-10-01,2022-09-30 20:30,2022-10-01 01:30,Adjusted,0
2022-10-01,2022-10-01 02:30,2022-10-01 07:30,Unbiased,117
2022-10-01,2022-10-01 02:30,2022-10-01 07:30,Adjusted,147
2022-10-02,2022-10-01 13:00,2022-10-01 16:00,Unbiased,0
2022-10-02,2022-10-01 13:00,2022-10-01 16:00,Adjusted,0
2022-10-02,2022-10-01 20:30,2022-10-02 01:30,Unbiased,0
2022-10-02,2022-10-01 20:30,2022-10-02 01:30,Adjusted,0
2022-10-02,2022-10-02 02:30,2022-10-02 07:30,Unbiased,42
2022-10-02,2022-10-02 02:30,2022-10-02 07:30,Adjusted,73
2022-10-03,2022-10-02 13:00,2022-10-02 16:00,Unbiased,0
2022-10-03,2022-10-02 13:00,2022-10-02 16:00,Adjusted,0
2022-10-03,2022-10-02 20:30,2022-10-03 01:30,Unbiased,0
2022-10-03,2022-10-02 20:30,2022-10-03 01:30,Adjusted,0
2022-10-03,2022-10-03 02:30,2022-10-03 07:30,Unbiased,153
2022-10-03,2022-10-03 02:30,2022-10-03 07:30,Adjusted,168
2022-10-04,2022-10-03 13:00,2022-10-03 16:00,Unbiased,0
2022-10-04,2022-10-03 13:00,2022-10-03 16:00,Adjusted,0
2022-10-04,2022-10-03 20:30,2022-10-04 01:30,Unbiased,0
2022-10-04,2022-10-03 20:30,2022-10-04 01:30,Adjusted,0
2022-10-04,2022-10-04 02:30,2022-10-04 07:30,Unbiased,0
2022-10-04,2022-10-04 02:30,2022-10-04 07:30,Adjusted,32
2022-10-05,2022-10-04 13:00,2022-10-04 16:00,Unbiased,0
2022-10-05,2022-10-04 13:00,2022-10-04 16:00,Adjusted,0
2022-10-05,2022-10-04 20:30,2022-10-05 01:30,Unbiased,0
2022-10-05,2022-10-04 20:30,2022-10-05 01:30,Adjusted,0
2022-10-05,2022-10-05 02:30,2022-10-05 07:30,Unbiased,0
2022-10-05,2022-10-05 02:30,2022-10-05 07:30,Adjusted,0
2022-10-06,2022-10-05 13:00,2022-10-05 16:00,Unbiased,0
2022-10-06,2022-10-05 13:00,2022-10-05 16:00,Adjusted,0
2022-10-06,2022-10-05 20:30,2022-10-06 01:30,Unbiased,7
2022-10-06,2022-10-05 20:30,2022-10-06 01:30,Adjusted,27
2022-10-06,2022-10-06 02:30,2022-10-06 07:30,Unbiased,180
2022-10-06,2022-10-06 02:30,2022-10-06 07:30,Adjusted,193
2022-10-07,2022-10-06 13:00,2022-10-06 16:00,Unbiased,0
2022-10-07,2022-10-06 13:00,2022-10-06 16:00,Adjusted,0
2022-10-07,2022-10-06 20:30,2022-10-07 01:30,Unbiased,0
2022-10-07,2022-10-06 20:30,2022-10-07 01:30,Adjusted,0
2022-10-07,2022-10-07 02:30,2022-10-07 07:30,Unbiased,82
2022-10-07,2022-10-07 02:30,2022-10-07 07:30,Adjusted,115
2022-10-08,2022-10-07 13:00,2022-10-07 16:00,Unbiased,0
2022-10-08,2022-10-07 13:00,2022-10-07 16:00,Adjusted,0
2022-10-08,2022-10-07 20:30,2022-10-08 01:30,Unbiased,0
2022-10-08,2022-10-07 20:30,2022-10-08 01:30,Adjusted,13
2022-10-08,2022-10-08 02:30,2022-10-08 07:30,Unbiased,172
2022-10-08,2022-10-08 02:30,2022-10-08 07:30,Adjusted,187
2022-10-09,2022-10-08 13:00,2022-10-08 16:00,Unbiased,0
2022-10-09,2022-10-08 13:00,2022-10-08 16:00,Adjusted,0
2022-10-09,2022-10-08 20:30,2022-10-09 01:30,Unbiased,0
2022-10-09,2022-10-08 20:30,2022-10-09 01:30,Adjusted,24
2022-10-09,2022-10-09 02:30,2022-10-09 07:30,Unbiased,170
2022-10-09,2022-10-09 02:30,2022-10-09 07:30,Adjusted,185
2022-10-10,2022-10-09 13:00,2022-10-09 16:00,Unbiased,0
2022-10-10,2022-10-09 13:00,2022-10-09 16:00,Adjusted,0
2022-10-10,2022-10-09 20:30,2022-10-10 01:30,Unbiased,0
2022-10-10,2022-10-09 20:30,2022-10-10 01:30,Adjusted,3
2022-10-10,2022-10-10 02:30,2022-10-10 07:30,Unbiased,60
2022-10-10,2022-10-10 02:30,2022-10-10 07:30,Adjusted,102
2022-10-11,2022-10-10 13:00,2022-10-10 16:00,Unbiased,0
2022-10-11,2022-10-10 13:00,2022-10-10 16:00,Adjusted,0
2022-10-11,2022-10-10 20:30,2022-10-11 01:30,Unbiased,45
2022-10-11,2022-10-10 20:30,2022-10-11 01:30,Adjusted,65
2022-10-11,2022-10-11 02:30,2022-10-11 07:30,Unbiased,194
2022-10-11,2022-10-11 02:30,2022-10-11 07:30,Adjusted,208
2022-10-12,2022-10-11 13:00,2022-10-11 16:00,Unbiased,0
2022-10-12,2022-10-11 13:00,2022-10-11 16:00,Adjusted,0
2022-10-12,2022-10-11 20:30,2022-10-12 01:30,Unbiased,25
2022-10-12,2022-10-11 20:30,2022-10-12 01:30,Adjusted,46
2022-10-12,2022-10-12 02:30,2022-10-12 07:30,Unbiased,188
2022-10-12,2022-10-12 02:30,2022-10-12 07:30,Adjusted,203
2022-10-13,2022-10-12 13:00,2022-10-12 16:00,Unbiased,0
2022-10-13,2022-10-12 13:00,2022-10-12 16:00,Adjusted,0
2022-10-13,2022-10-12 20:30,2022-10-13 01:30,Unbiased,0
2022-10-13,2022-10-12 20:30,2022-10-13 01:30,Adjusted,0
2022-10-13,2022-10-13 02:30,2022-10-13 07:30,Unbiased,64
2022-10-13,2022-10-13 02:30,2022-10-13 07:30,Adjusted,95
2022-10-14,2022-10-13 13:00,2022-10-13 16:00,Unbiased,0
2022-10-14,2022-10-13 13:00,2022-10-13 16:00,Adjusted,0
2022-10-14,2022-10-13 20:30,2022-10-14 01:30,Unbiased,0
2022-10-14,2022-10-13 20:30,2022-10-14 01:30,Adjusted,0
2022-10-14,2022-10-14 02:30,2022-10-14 07:30,Unbiased,92
2022-10-14,2022-10-14 02:30,2022-10-14 07:30,Adjusted,123
2022-10-15,2022-10-14 13:00,2022-10-14 16:00,Unbiased,0
2022-10-15,2022-10-14 13:00,2022-10-14 16:00,Adjusted,0
2022-10-15,2022-10-14 20:30,2022-10-15 01:30,Unbiased,0
2022-10-15,2022-10-14 20:30,2022-10-15 01:30,Adjusted,22
2022-10-15,2022-10-15 02:30,2022-10-15 07:30,Unbiased,149
2022-10-15,2022-10-15 02:30,2022-10-15 07:30,Adjusted,177
2022-10-16,2022-10-15 13:00,2022-10-15 16:00,Unbiased,0
2022-10-16,2022-10-15 13:00,2022-10-15 16:00,Adjusted,0
2022-10-16,2022-10-15 20:30,2022-10-16 01:30,Unbiased,0
2022-10-16,2022-10-15 20:30,2022-10-16 01:30,Adjusted,13
2022-10-16,2022-10-16 02:30,2022-10-16 07:30,Unbiased,149
2022-10-16,2022-10-16 02:30,2022-10-16 07:30,Adjusted,170
2022-10-17,2022-10-16 13:00,2022-10-16 16:00,Unbiased,0
2022-10-17,2022-10-16 13:00,2022-10-16 16:00,Adjusted,0
2022-10-17,2022-10-16 20:30,2022-10-17 01:30,Unbiased,0
2022-10-17,2022-10-16 20:30,2022-10-17 01:30,Adjusted,0
2022-10-17,2022-10-17 02:30,2022-10-17 07:30,Unbiased,0
2022-10-17,2022-10-17 02:30,2022-10-17 07:30,Adjusted,22
2022-10-18,2022-10-17 13:00,2022-10-17 16:00,Unbiased,0
2022-10-18,2022-10-17 13:00,2022-10-17 16:00,Adjusted,0
2022-10-18,2022-10-17 20:30,2022-10-18 01:30,Unbiased,0
2022-10-18,2022-10-17 20:30,2022-10-18 01:30,Adjusted,0
2022-10-18,2022-10-18 02:30,2022-10-18 07:30,Unbiased,150
2022-10-18,2022-10-18 02:30,2022-10-18 07:30,Adjusted,161
2022-10-19,2022-10-18 13:00,2022-10-18 16:00,Unbiased,0
2022-10-19,2022-10-18 13:00,2022-10-18 16:00,Adjusted,0
2022-10-19,2022-10-18 20:30,2022-10-19 01:30,Unbiased,9
2022-10-19,2022-10-18 20:30,2022-10-19 01:30,Adjusted,30
2022-10-19,2022-10-19 02:30,2022-10-19 07:30,Unbiased,128
2022-10-19,2022-10-19 02:30,2022-10-19 07:30,Adjusted,158
2022-10-20,2022-10-19 13:00,2022-10-19 16:00,Unbiased,0
2022-10-20,2022-10-19 13:00,2022-10-19 16:00,Adjusted,0
2022-10-20,2022-10-19 20:30,2022-10-20 01:30,Unbiased,0
2022-10-20,2022-10-19 20:30,2022-10-20 01:30,Adjusted,0
2022-10-20,2022-10-20 02:30,2022-10-20 07:30,Unbiased,28
2022-10-20,2022-10-20 02:30,2022-10-20 07:30,Adjusted,57
2022-10-21,2022-10-20 13:00,2022-10-20 16:00,Unbiased,0
2022-10-21,2022-10-20 13:00,2022-10-20 16:00,Adjusted,0
2022-10-21,2022-10-20 20:30,2022-10-21 01:30,Unbiased,0
2022-10-21,2022-10-20 20:30,2022-10-21 01:30,Adjusted,9
2022-10-21,2022-10-21 02:30,2022-10-21 07:30,Unbiased,73
2022-10-21,2022-10-21 02:30,2022-10-21 07:30,Adjusted,109
2022-10-22,2022-10-21 13:00,2022-10-21 16:00,Unbiased,0
2022-10-22,2022-10-21 13:00,2022-10-21 16:00,Adjusted,0
2022-10-22,2022-10-21 20:30,2022-10-22 01:30,Unbiased,0
2022-10-22,2022-10-21 20:30,2022-10-22 01:30,Adjusted,0
2022-10-22,2022-10-22 02:30,2022-10-22 07:30,Unbiased,63
2022-10-22,2022-10-22 02:30,2022-10-22 07:30,Adjusted,94
2022-10-23,2022-10-22 13:00,2022-10-22 16:00,Unbiased,0
2022-10-23,2022-10-22 13:00,2022-10-22 16:00,Adjusted,0
2022-10-23,2022-10-22 20:30,2022-10-23 01:30,Unbiased,0
2022-10-23,2022-10-22 20:30,2022-10-23 01:30,Adjusted,0
2022-10-23,2022-10-23 02:30,2022-10-23 07:30,Unbiased,17
2022-10-23,2022-10-23 02:30,2022-10-23 07:30,Adjusted,44
2022-10-24,2022-10-23 13:00,2022-10-23 16:00,Unbiased,0
2022-10-24,2022-10-23 13:00,2022-10-23 16:00,Adjusted,0
2022-10-24,2022-10-23 20:30,2022-10-24 01:30,Unbiased,0
2022-10-24,2022-10-23 20:30,2022-10-24 01:30,Adjusted,0
2022-10-24,2022-10-24 02:30,2022-10-24 07:30,Unbiased,98
2022-10-24,2022-10-24 02:30,2022-10-24 07:30,Adjusted,129
2022-10-25,2022-10-24 13:00,2022-10-24 16:00,Unbiased,0
2022-10-25,2022-10-24 13:00,2022-10-24 16:00,Adjusted,0
2022-10-25,2022-10-24 20:30,2022-10-25 01:30,Unbiased,0
2022-10-25,2022-10-24 20:30,2022-10-25 01:30,Adjusted,2
2022-10-25,2022-10-25 02:30,2022-10-25 07:30,Unbiased,108
2022-10-25,2022-10-25 02:30,2022-10-25 07:30,Adjusted,135
2022-10-26,2022-10-25 13:00,2022-10-25 16:00,Unbiased,0
2022-10-26,2022-10-25 13:00,2022-10-25 16:00,Adjusted,0
2022-10-26,2022-10-25 20:30,2022-10-26 01:30,Unbiased,0
2022-10-26,2022-10-25 20:30,2022-10-26 01:30,Adjusted,0
2022-10-26,2022-10-26 02:30,2022-10-26 07:30,Unbiased,0
2022-10-26,2022-10-26 02:30,2022-10-26 07:30,Adjusted,14
2022-10-27,2022-10-26 13:00,2022-10-26 16:00,Unbiased,0
2022-10-27,2022-10-26 13:00,2022-10-26 16:00,Adjusted,0
2022-10-27,2022-10-26 20:30,2022-10-27 01:30,Unbiased,0
2022-10-27,2022-10-26 20:30,2022-10-27 01:30,Adjusted,0
2022-10-27,2022-10-27 02:30,2022-10-27 07:30,Unbiased,2
2022-10-27,2022-10-27 02:30,2022-10-27 07:30,Adjusted,33
2022-10-28,2022-10-27 13:00,2022-10-27 16:00,Unbiased,0
2022-10-28,2022-10-27 13:00,2022-10-27 16:00,Adjusted,0
2022-10-28,2022-10-27 20:30,2022-10-28 01:30,Unbiased,0
2022-10-28,2022-10-27 20:30,2022-10-28 01:30,Adjusted,0
2022-10-28,2022-10-28 02:30,2022-10-28 07:30,Unbiased,0
2022-10-28,2022-10-28 02:30,2022-10-28 07:30,Adjusted,0
2022-10-29,2022-10-28 13:00,2022-10-28 16:00,Unbiased,0
2022-10-29,2022-10-28 13:00,2022-10-28 16:00,Adjusted,0
2022-10-29,2022-10-28 20:30,2022-10-29 01:30,Unbiased,0
2022-10-29,2022-10-28 20:30,2022-10-29 01:30,Adjusted,0
2022-10-29,2022-10-29 02:30,2022-10-29 07:30,Unbiased,57
2022-10-29,2022-10-29 02:30,2022-10-29 07:30,Adjusted,89
2022-10-30,2022-10-29 13:00,2022-10-29 16:00,Unbiased,0
2022-10-30,2022-10-29 13:00,2022-10-29 16:00,Adjusted,0
2022-10-30,2022-10-29 20:30,2022-10-30 01:30,Unbiased,0
2022-10-30,2022-10-29 20:30,2022-10-30 01:30,Adjusted,0
2022-10-30,2022-10-30 02:30,2022-10-30 07:30,Unbiased,0
2022-10-30,2022-10-30 02:30,2022-10-30 07:30,Adjusted,28
2022-10-31,2022-10-30 13:00,2022-10-30 16:00,Unbiased,0
2022-10-31,2022-10-30 13:00,2022-10-30 16:00,Adjusted,0
2022-10-31,2022-10-30 20:30,2022-10-31 01:30,Unbiased,0
2022-10-31,2022-10-30 20:30,2022-10-31 01:30,Adjusted,4
2022-10-31,2022-10-31 02:30,2022-10-31 07:30,Unbiased,98
2022-10-31,2022-10-31 02:30,2022-10-31 07:30,Adjusted,131
2022-11-01,2022-10-31 13:00,2022-10-31 16:00,Unbiased,0
2022-11-01,2022-10-31 13:00,2022-10-31 16:00,Adjusted,0
2022-11-01,2022-10-31 20:30,2022-11-01 01:30,Unbiased,0
2022-11-01,2022-10-31 20:30,2022-11-01 01:30,Adjusted,0
2022-11-01,2022-11-01 02:30,2022-11-01 07:30,Unbiased,114
2022-11-01,2022-11-01 02:30,2022-11-01 07:30,Adjusted,114
2022-11-02,2022-11-01 13:00,2022-11-01 16:00,Unbiased,0
2022-11-02,2022-11-01 13:00,2022-11-01 16:00,Adjusted,0
2022-11-02,2022-11-01 20:30,2022-11-02 01:30,Unbiased,64
2022-11-02,2022-11-01 20:30,2022-11-02 01:30,Adjusted,64
2022-11-02,2022-11-02 02:30,2022-11-02 07:30,Unbiased,206
2022-11-02,2022-11-02 02:30,2022-11-02 07:30,Adjusted,206
2022-11-03,2022-11-02 13:00,2022-11-02 16:00,Unbiased,0
2022-11-03,2022-11-02 13:00,2022-11-02 16:00,Adjusted,0
2022-11-03,2022-11-02 20:30,2022-11-03 01:30,Unbiased,18
2022-11-03,2022-11-02 20:30,2022-11-03 01:30,Adjusted,18
2022-11-03,2022-11-03 02:30,2022-11-03 07:30,Unbiased,144
2022-11-03,2022-11-03 02:30,2022-11-03 07:30,Adjusted,144
2022-11-04,2022-11-03 13:00,2022-11-03 16:00,Unbiased,0
2022-11-04,2022-11-03 13:00,2022-11-03 16:00,Adjusted,0
2022-11-04,2022-11-03 20:30,2022-11-04 01:30,Unbiased,117
2022-11-04,2022-11-03 20:30,2022-11-04 01:30,Adjusted,117
2022-11-04,2022-11-04 02:30,2022-11-04 07:30,Unbiased,248
2022-11-04,2022-11-04 02:30,2022-11-04 07:30,Adjusted,248
2022-11-05,2022-11-04 13:00,2022-11-04 16:00,Unbiased,0
2022-11-05,2022-11-04 13:00,2022-11-04 16:00,Adjusted,0
2022-11-05,2022-11-04 20:30,2022-11-05 01:30,Unbiased,131
2022-11-05,2022-11-04 20:30,2022-11-05 01:30,Adjusted,131
2022-11-05,2022-11-05 02:30,2022-11-05 07:30,Unbiased,244
2022-11-05,2022-11-05 02:30,2022-11-05 07:30,Adjusted,244
2022-11-06,2022-11-05 13:00,2022-11-05 16:00,Unbiased,0
2022-11-06,2022-11-05 13:00,2022-11-05 16:00,Adjusted,0
2022-11-06,2022-11-05 20:30,2022-11-06 01:30,Unbiased,4
2022-11-06,2022-11-05 20:30,2022-11-06 01:30,Adjusted,4
2022-11-06,2022-11-06 02:30,2022-11-06 07:30,Unbiased,101
2022-11-06,2022-11-06 02:30,2022-11-06 07:30,Adjusted,101
2022-11-07,2022-11-06 13:00,2022-11-06 16:00,Unbiased,0
2022-11-07,2022-11-06 13:00,2022-11-06 16:00,Adjusted,0
2022-11-07,2022-11-06 20:30,2022-11-07 01:30,Unbiased,72
2022-11-07,2022-11-06 20:30,2022-11-07 01:30,Adjusted,72
2022-11-07,2022-11-07 02:30,2022-11-07 07:30,Unbiased,171
2022-11-07,2022-11-07 02:30,2022-11-07 07:30,Adjusted,171
2022-11-08,2022-11-07 13:00,2022-11-07 16:00,Unbiased,0
2022-11-08,2022-11-07 13:00,2022-11-07 16:00,Adjusted,0
2022-11-08,2022-11-07 20:30,2022-11-08 01:30,Unbiased,0
2022-11-08,2022-11-07 20:30,2022-11-08 01:30,Adjusted,0
2022-11-08,2022-11-08 02:30,2022-11-08 07:30,Unbiased,106
2022-11-08,2022-11-08 02:30,2022-11-08 07:30,Adjusted,106
2022-11-09,2022-11-08 13:00,2022-11-08 16:00,Unbiased,0
2022-11-09,2022-11-08 13:00,2022-11-08 16:00,Adjusted,0
2022-11-09,2022-11-08 20:30,2022-11-09 01:30,Unbiased,48
2022-11-09,2022-11-08 20:30,2022-11-09 01:30,Adjusted,48
2022-11-09,2022-11-09 02:30,2022-11-09 07:30,Unbiased,181
2022-11-09,2022-11-09 02:30,2022-11-09 07:30,Adjusted,181
2022-11-10,2022-11-09 13:00,2022-11-09 16:00,Unbiased,0
2022-11-10,2022-11-09 13:00,2022-11-09 16:00,Adjusted,0
2022-11-10,2022-11-09 20:30,2022-11-10 01:30,Unbiased,66
2022-11-10,2022-11-09 20:30,2022-11-10 01:30,Adjusted,66
2022-11-10,2022-11-10 02:30,2022-11-10 07:30,Unbiased,186
2022-11-10,2022-11-10 02:30,2022-11-10 07:30,Adjusted,186
2022-11-11,2022-11-10 13:00,2022-11-10 16:00,Unbiased,0
2022-11-11,2022-11-10 13:00,2022-11-10 16:00,Adjusted,0
2022-11-11,2022-11-10 20:30,2022-11-11 01:30,Unbiased,0
2022-11-11,2022-11-10 20:30,2022-11-11 01:30,Adjusted,0
2022-11-11,2022-11-11 02:30,2022-11-11 07:30,Unbiased,44
2022-11-11,2022-11-11 02:30,2022-11-11 07:30,Adjusted,44
2022-11-12,2022-11-11 13:00,2022-11-11 16:00,Unbiased,0
2022-11-12,2022-11-11 13:00,2022-11-11 16:00,Adjusted,0
2022-11-12,2022-11-11 20:30,2022-11-12 01:30,Unbiased,0
2022-11-12,2022-11-11 20:30,2022-11-12 01:30,Adjusted,0
2022-11-12,2022-11-12 02:30,2022-11-12 07:30,Unbiased,118
2022-11-12,2022-11-12 02:30,2022-11-12 07:30,Adjusted,118
2022-11-13,2022-11-12 13:00,2022-11-12 16:00,Unbiased,0
2022-11-13,2022-11-12 13:00,2022-11-12 16:00,Adjusted,0
2022-11-13,2022-11-12 20:30,2022-11-13 01:30,Unbiased,25
2022-11-13,2022-11-12 20:30,2022-11-13 01:30,Adjusted,25
2022-11-13,2022-11-13 02:30,2022-11-13 07:30,Unbiased,156
2022-11-13,2022-11-13 02:30,2022-11-13 07:30,Adjusted,156
2022-11-14,2022-11-13 13:00,2022-11-13 16:00,Unbiased,0
2022-11-14,2022-11-13 13:00,2022-11-13 16:00,Adjusted,0
2022-11-14,2022-11-13 20:30,2022-11-14 01:30,Unbiased,69
2022-11-14,2022-11-13 20:30,2022-11-14 01:30,Adjusted,69
2022-11-14,2022-11-14 02:30,2022-11-14 07:30,Unbiased,192
2022-11-14,2022-11-14 02:30,2022-11-14 07:30,Adjusted,192
2022-11-15,2022-11-14 13:00,2022-11-14 16:00,Unbiased,0
2022-11-15,2022-11-14 13:00,2022-11-14 16:00,Adjusted,0
2022-11-15,2022-11-14 20:30,2022-11-15 01:30,Unbiased,54
2022-11-15,2022-11-14 20:30,2022-11-15 01:30,Adjusted,54
2022-11-15,2022-11-15 02:30,2022-11-15 07:30,Unbiased,174
2022-11-15,2022-11-15 02:30,2022-11-15 07:30,Adjusted,174
2022-11-16,2022-11-15 13:00,2022-11-15 16:00,Unbiased,0
2022-11-16,2022-11-15 13:00,2022-11-15 16:00,Adjusted,0
2022-11-16,2022-11-15 20:30,2022-11-16 01:30,Unbiased,101
2022-11-16,2022-11-15 20:30,2022-11-16 01:30,Adjusted,101
2022-11-16,2022-11-16 02:30,2022-11-16 07:30,Unbiased,222
2022-11-16,2022-11-16 02:30,2022-11-16 07:30,Adjusted,222
2022-11-17,2022-11-16 13:00,2022-11-16 16:00,Unbiased,0
2022-11-17,2022-11-16 13:00,2022-11-16 16:00,Adjusted,0
2022-11-17,2022-11-16 20:30,2022-11-17 01:30,Unbiased,71
2022-11-17,2022-11-16 20:30,2022-11-17 01:30,Adjusted,71
2022-11-17,2022-11-17 02:30,2022-11-17 07:30,Unbiased,213
2022-11-17,2022-11-17 02:30,2022-11-17 07:30,Adjusted,213
2022-11-18,2022-11-17 13:00,2022-11-17 16:00,Unbiased,0
2022-11-18,2022-11-17 13:00,2022-11-17 16:00,Adjusted,0
2022-11-18,2022-11-17 20:30,2022-11-18 01:30,Unbiased,115
2022-11-18,2022-11-17 20:30,2022-11-18 01:30,Adjusted,115
2022-11-18,2022-11-18 02:30,2022-11-18 07:30,Unbiased,227
2022-11-18,2022-11-18 02:30,2022-11-18 07:30,Adjusted,227
2022-11-19,2022-11-18 13:00,2022-11-18 16:00,Unbiased,0
2022-11-19,2022-11-18 13:00,2022-11-18 16:00,Adjusted,0
2022-11-19,2022-11-18 20:30,2022-11-19 01:30,Unbiased,94
2022-11-19,2022-11-18 20:30,2022-11-19 01:30,Adjusted,94
2022-11-19,2022-11-19 02:30,2022-11-19 07:30,Unbiased,218
2022-11-19,2022-11-19 02:30,2022-11-19 07:30,Adjusted,218
2022-11-20,2022-11-19 13:00,2022-11-19 16:00,Unbiased,0
2022-11-20,2022-11-19 13:00,2022-11-19 16:00,Adjusted,0
2022-11-20,2022-11-19 20:30,2022-11-20 01:30,Unbiased,136
2022-11-20,2022-11-19 20:30,2022-11-20 01:30,Adjusted,136
2022-11-20,2022-11-20 02:30,2022-11-20 07:30,Unbiased,235
2022-11-20,2022-11-20 02:30,2022-11-20 07:30,Adjusted,235
2022-11-21,2022-11-20 13:00,2022-11-20 16:00,Unbiased,6
2022-11-21,2022-11-20 13:00,2022-11-20 16:00,Adjusted,6
2022-11-21,2022-11-20 20:30,2022-11-21 01:30,Unbiased,175
2022-11-21,2022-11-20 20:30,2022-11-21 01:30,Adjusted,175
2022-11-21,2022-11-21 02:30,2022-11-21 07:30,Unbiased,269
2022-11-21,2022-11-21 02:30,2022-11-21 07:30,Adjusted,269
2022-11-22,2022-11-21 13:00,2022-11-21 16:00,Unbiased,54
2022-11-22,2022-11-21 13:00,2022-11-21 16:00,Adjusted,54
2022-11-22,2022-11-21 20:30,2022-11-22 01:30,Unbiased,190
2022-11-22,2022-11-21 20:30,2022-11-22 01:30,Adjusted,190
2022-11-22,2022-11-22 02:30,2022-11-22 07:30,Unbiased,292
2022-11-22,2022-11-22 02:30,2022-11-22 07:30,Adjusted,292
2022-11-23,2022-11-22 13:00,2022-11-22 16:00,Unbiased,25
2022-11-23,2022-11-22 13:00,2022-11-22 16:00,Adjusted,25
2022-11-23,2022-11-22 20:30,2022-11-23 01:30,Unbiased,180
2022-11-23,2022-11-22 20:30,2022-11-23 01:30,Adjusted,180
2022-11-23,2022-11-23 02:30,2022-11-23 07:30,Unbiased,279
2022-11-23,2022-11-23 02:30,2022-11-23 07:30,Adjusted,279
2022-11-24,2022-11-23 13:00,2022-11-23 16:00,Unbiased,0
2022-11-24,2022-11-23 13:00,2022-11-23 16:00,Adjusted,0
2022-11-24,2022-11-23 20:30,2022-11-24 01:30,Unbiased,120
2022-11-24,2022-11-23 20:30,2022-11-24 01:30,Adjusted,120
2022-11-24,2022-11-24 02:30,2022-11-24 07:30,Unbiased,251
2022-11-24,2022-11-24 02:30,2022-11-24 07:30,Adjusted,251
2022-11-25,2022-11-24 13:00,2022-11-24 16:00,Unbiased,0
2022-11-25,2022-11-24 13:00,2022-11-24 16:00,Adjusted,0
2022-11-25,2022-11-24 20:30,2022-11-25 01:30,Unbiased,114
2022-11-25,2022-11-24 20:30,2022-11-25 01:30,Adjusted,114
2022-11-25,2022-11-25 02:30,2022-11-25 07:30,Unbiased,230
2022-11-25,2022-11-25 02:30,2022-11-25 07:30,Adjusted,230
2022-11-26,2022-11-25 13:00,2022-11-25 16:00,Unbiased,0
2022-11-26,2022-11-25 13:00,2022-11-25 16:00,Adjusted,0
2022-11-26,2022-11-25 20:30,2022-11-26 01:30,Unbiased,120
2022-11-26,2022-11-25 20:30,2022-11-26 01:30,Adjusted,120
2022-11-26,2022-11-26 02:30,2022-11-26 07:30,Unbiased,224
2022-11-26,2022-11-26 02:30,2022-11-26 07:30,Adjusted,224
2022-11-27,2022-11-26 13:00,2022-11-26 16:00,Unbiased,0
2022-11-27,2022-11-26 13:00,2022-11-26 16:00,Adjusted,0
2022-11-27,2022-11-26 20:30,2022-11-27 01:30,Unbiased,58
2022-11-27,2022-11-26 20:30,2022-11-27 01:30,Adjusted,58
2022-11-27,2022-11-27 02:30,2022-11-27 07:30,Unbiased,174
2022-11-27,2022-11-27 02:30,2022-11-27 07:30,Adjusted,174
2022-11-28,2022-11-27 13:00,2022-11-27 16:00,Unbiased,0
2022-11-28,2022-11-27 13:00,2022-11-27 16:00,Adjusted,0
2022-11-28,2022-11-27 20:30,2022-11-28 01:30,Unbiased,79
2022-11-28,2022-11-27 20:30,2022-11-28 01:30,Adjusted,79
2022-11-28,2022-11-28 02:30,2022-11-28 07:30,Unbiased,220
2022-11-28,2022-11-28 02:30,2022-11-28 07:30,Adjusted,220
2022-11-29,2022-11-28 13:00,2022-11-28 16:00,Unbiased,0
2022-11-29,2022-11-28 13:00,2022-11-28 16:00,Adjusted,0
2022-11-29,2022-11-28 20:30,2022-11-29 01:30,Unbiased,143
2022-11-29,2022-11-28 20:30,2022-11-29 01:30,Adjusted,143
2022-11-29,2022-11-29 02:30,2022-11-29 07:30,Unbiased,255
2022-11-29,2022-11-29 02:30,2022-11-29 07:30,Adjusted,255
2022-11-30,2022-11-29 13:00,2022-11-29 16:00,Unbiased,68
2022-11-30,2022-11-29 13:00,2022-11-29 16:00,Adjusted,68
2022-11-30,2022-11-29 20:30,2022-11-30 01:30,Unbiased,170
2022-11-30,2022-11-29 20:30,2022-11-30 01:30,Adjusted,170
2022-11-30,2022-11-30 02:30,2022-11-30 07:30,Unbiased,270
2022-11-30,2022-11-30 02:30,2022-11-30 07:30,Adjusted,270
2022-12-01,2022-11-30 13:00,2022-11-30 16:00,Unbiased,37
2022-12-01,2022-11-30 13:00,2022-11-30 16:00,Adjusted,37
2022-12-01,2022-11-30 20:30,2022-12-01 01:30,Unbiased,143
2022-12-01,2022-11-30 20:30,2022-12-01 01:30,Adjusted,143
2022-12-01,2022-12-01 02:30,2022-12-01 07:30,Unbiased,251
2022-12-01,2022-12-01 02:30,2022-12-01 07:30,Adjusted,251
2022-12-02,2022-12-01 13:00,2022-12-01 16:00,Unbiased,30
2022-12-02,2022-12-01 13:00,2022-12-01 16:00,Adjusted,30
2022-12-02,2022-12-01 20:30,2022-12-02 01:30,Unbiased,190
2022-12-02,2022-12-01 20:30,2022-12-02 01:30,Adjusted,190
2022-12-02,2022-12-02 02:30,2022-12-02 07:30,Unbiased,295
2022-12-02,2022-12-02 02:30,2022-12-02 07:30,Adjusted,295
2022-12-03,2022-12-02 13:00,2022-12-02 16:00,Unbiased,74
2022-12-03,2022-12-02 13:00,2022-12-02 16:00,Adjusted,74
2022-12-03,2022-12-02 20:30,2022-12-03 01:30,Unbiased,203
2022-12-03,2022-12-02 20:30,2022-12-03 01:30,Adjusted,203
2022-12-03,2022-12-03 02:30,2022-12-03 07:30,Unbiased,295
2022-12-03,2022-12-03 02:30,2022-12-03 07:30,Adjusted,295
2022-12-04,2022-12-03 13:00,2022-12-03 16:00,Unbiased,76
2022-12-04,2022-12-03 13:00,2022-12-03 16:00,Adjusted,76
2022-12-04,2022-12-03 20:30,2022-12-04 01:30,Unbiased,202
2022-12-04,2022-12-03 20:30,2022-12-04 01:30,Adjusted,202
2022-12-04,2022-12-04 02:30,2022-12-04 07:30,Unbiased,295
2022-12-04,2022-12-04 02:30,2022-12-04 07:30,Adjusted,295
2022-12-05,2022-12-04 13:00,2022-12-04 16:00,Unbiased,109
2022-12-05,2022-12-04 13:00,2022-12-04 16:00,Adjusted,109
2022-12-05,2022-12-04 20:30,2022-12-05 01:30,Unbiased,223
2022-12-05,2022-12-04 20:30,2022-12-05 01:30,Adjusted,223
2022-12-05,2022-12-05 02:30,2022-12-05 07:30,Unbiased,295
2022-12-05,2022-12-05 02:30,2022-12-05 07:30,Adjusted,295
2022-12-06,2022-12-05 13:00,2022-12-05 16:00,Unbiased,65
2022-12-06,2022-12-05 13:00,2022-12-05 16:00,Adjusted,65
2022-12-06,2022-12-05 20:30,2022-12-06 01:30,Unbiased,193
2022-12-06,2022-12-05 20:30,2022-12-06 01:30,Adjusted,193
2022-12-06,2022-12-06 02:30,2022-12-06 07:30,Unbiased,295
2022-12-06,2022-12-06 02:30,2022-12-06 07:30,Adjusted,295
2022-12-07,2022-12-06 13:00,2022-12-06 16:00,Unbiased,83
2022-12-07,2022-12-06 13:00,2022-12-06 16:00,Adjusted,98
2022-12-07,2022-12-06 20:30,2022-12-07 01:30,Unbiased,209
2022-12-07,2022-12-06 20:30,2022-12-07 01:30,Adjusted,218
2022-12-07,2022-12-07 02:30,2022-12-07 07:30,Unbiased,295
2022-12-07,2022-12-07 02:30,2022-12-07 07:30,Adjusted,295
2022-12-08,2022-12-07 13:00,2022-12-07 16:00,Unbiased,99
2022-12-08,2022-12-07 13:00,2022-12-07 16:00,Adjusted,99
2022-12-08,2022-12-07 20:30,2022-12-08 01:30,Unbiased,240
2022-12-08,2022-12-07 20:30,2022-12-08 01:30,Adjusted,240
2022-12-08,2022-12-08 02:30,2022-12-08 07:30,Unbiased,295
2022-12-08,2022-12-08 02:30,2022-12-08 07:30,Adjusted,295
2022-12-09,2022-12-08 13:00,2022-12-08 16:00,Unbiased,129
2022-12-09,2022-12-08 13:00,2022-12-08 16:00,Adjusted,129
2022-12-09,2022-12-08 20:30,2022-12-09 01:30,Unbiased,262
2022-12-09,2022-12-08 20:30,2022-12-09 01:30,Adjusted,262
2022-12-09,2022-12-09 02:30,2022-12-09 07:30,Unbiased,295
2022-12-09,2022-12-09 02:30,2022-12-09 07:30,Adjusted,295
2022-12-10,2022-12-09 13:00,2022-12-09 16:00,Unbiased,131
2022-12-10,2022-12-09 13:00,2022-12-09 16:00,Adjusted,131
2022-12-10,2022-12-09 20:30,2022-12-10 01:30,Unbiased,259
2022-12-10,2022-12-09 20:30,2022-12-10 01:30,Adjusted,259
2022-12-10,2022-12-10 02:30,2022-12-10 07:30,Unbiased,295
2022-12-10,2022-12-10 02:30,2022-12-10 07:30,Adjusted,295
2022-12-11,2022-12-10 13:00,2022-12-10 16:00,Unbiased,136
2022-12-11,2022-12-10 13:00,2022-12-10 16:00,Adjusted,136
2022-12-11,2022-12-10 20:30,2022-12-11 01:30,Unbiased,255
2022-12-11,2022-12-10 20:30,2022-12-11 01:30,Adjusted,255
2022-12-11,2022-12-11 02:30,2022-12-11 07:30,Unbiased,295
2022-12-11,2022-12-11 02:30,2022-12-11 07:30,Adjusted,295
2022-12-12,2022-12-11 13:00,2022-12-11 16:00,Unbiased,167
2022-12-12,2022-12-11 13:00,2022-12-11 16:00,Adjusted,167
2022-12-12,2022-12-11 20:30,2022-12-12 01:30,Unbiased,292
2022-12-12,2022-12-11 20:30,2022-12-12 01:30,Adjusted,292
2022-12-12,2022-12-12 02:30,2022-12-12 07:30,Unbiased,295
2022-12-12,2022-12-12 02:30,2022-12-12 07:30,Adjusted,295
2022-12-13,2022-12-12 13:00,2022-12-12 16:00,Unbiased,153
2022-12-13,2022-12-12 13:00,2022-12-12 16:00,Adjusted,153
2022-12-13,2022-12-12 20:30,2022-12-13 01:30,Unbiased,270
2022-12-13,2022-12-12 20:30,2022-12-13 01:30,Adjusted,270
2022-12-13,2022-12-13 02:30,2022-12-13 07:30,Unbiased,295
2022-12-13,2022-12-13 02:30,2022-12-13 07:30,Adjusted,295
2022-12-14,2022-12-13 13:00,2022-12-13 16:00,Unbiased,150
2022-12-14,2022-12-13 13:00,2022-12-13 16:00,Adjusted,150
2022-12-14,2022-12-13 20:30,2022-12-14 01:30,Unbiased,286
2022-12-14,2022-12-13 20:30,2022-12-14 01:30,Adjusted,286
2022-12-14,2022-12-14 02:30,2022-12-14 07:30,Unbiased,295
2022-12-14,2022-12-14 02:30,2022-12-14 07:30,Adjusted,295
2022-12-15,2022-12-14 13:00,2022-12-14 16:00,Unbiased,170
2022-12-15,2022-12-14 13:00,2022-12-14 16:00,Adjusted,170
2022-12-15,2022-12-14 20:30,2022-12-15 01:30,Unbiased,291
2022-12-15,2022-12-14 20:30,2022-12-15 01:30,Adjusted,291
2022-12-15,2022-12-15 02:30,2022-12-15 07:30,Unbiased,295
2022-12-15,2022-12-15 02:30,2022-12-15 07:30,Adjusted,295
2022-12-16,2022-12-15 13:00,2022-12-15 16:00,Unbiased,159
2022-12-16,2022-12-15 13:00,2022-12-15 16:00,Adjusted,159
2022-12-16,2022-12-15 20:30,2022-12-16 01:30,Unbiased,284
2022-12-16,2022-12-15 20:30,2022-12-16 01:30,Adjusted,284
2022-12-16,2022-12-16 02:30,2022-12-16 07:30,Unbiased,295
2022-12-16,2022-12-16 02:30,2022-12-16 07:30,Adjusted,295
2022-12-17,2022-12-16 13:00,2022-12-16 16:00,Unbiased,147
2022-12-17,2022-12-16 13:00,2022-12-16 16:00,Adjusted,147
2022-12-17,2022-12-16 20:30,2022-12-17 01:30,Unbiased,270
2022-12-17,2022-12-16 20:30,2022-12-17 01:30,Adjusted,270
2022-12-17,2022-12-17 02:30,2022-12-17 07:30,Unbiased,295
2022-12-17,2022-12-17 02:30,2022-12-17 07:30,Adjusted,295
2022-12-18,2022-12-17 13:00,2022-12-17 16:00,Unbiased,123
2022-12-18,2022-12-17 13:00,2022-12-17 16:00,Adjusted,123
2022-12-18,2022-12-17 20:30,2022-12-18 01:30,Unbiased,255
2022-12-18,2022-12-17 20:30,2022-12-18 01:30,Adjusted,255
2022-12-18,2022-12-18 02:30,2022-12-18 07:30,Unbiased,295
2022-12-18,2022-12-18 02:30,2022-12-18 07:30,Adjusted,295
2022-12-19,2022-12-18 13:00,2022-12-18 16:00,Unbiased,139
2022-12-19,2022-12-18 13:00,2022-12-18 16:00,Adjusted,139
2022-12-19,2022-12-18 20:30,2022-12-19 01:30,Unbiased,153
2022-12-19,2022-12-18 20:30,2022-12-19 01:30,Adjusted,153
2022-12-19,2022-12-19 02:30,2022-12-19 07:30,Unbiased,206
2022-12-19,2022-12-19 02:30,2022-12-19 07:30,Adjusted,206
2022-12-20,2022-12-19 13:00,2022-12-19 16:00,Unbiased,0
2022-12-20,2022-12-19 13:00,2022-12-19 16:00,Adjusted,0
2022-12-20,2022-12-19 20:30,2022-12-20 01:30,Unbiased,28
2022-12-20,2022-12-19 20:30,2022-12-20 01:30,Adjusted,28
2022-12-20,2022-12-20 02:30,2022-12-20 07:30,Unbiased,160
2022-12-20,2022-12-20 02:30,2022-12-20 07:30,Adjusted,160
2022-12-21,2022-12-20 13:00,2022-12-20 16:00,Unbiased,0
2022-12-21,2022-12-20 13:00,2022-12-20 16:00,Adjusted,0
2022-12-21,2022-12-20 20:30,2022-12-21 01:30,Unbiased,146
2022-12-21,2022-12-20 20:30,2022-12-21 01:30,Adjusted,146
2022-12-21,2022-12-21 02:30,2022-12-21 07:30,Unbiased,246
2022-12-21,2022-12-21 02:30,2022-12-21 07:30,Adjusted,246
2022-12-22,2022-12-21 13:00,2022-12-21 16:00,Unbiased,4
2022-12-22,2022-12-21 13:00,2022-12-21 16:00,Adjusted,4
2022-12-22,2022-12-21 20:30,2022-12-22 01:30,Unbiased,121
2022-12-22,2022-12-21 20:30,2022-12-22 01:30,Adjusted,121
2022-12-22,2022-12-22 02:30,2022-12-22 07:30,Unbiased,245
2022-12-22,2022-12-22 02:30,2022-12-22 07:30,Adjusted,245
2022-12-23,2022-12-22 13:00,2022-12-22 16:00,Unbiased,3
2022-12-23,2022-12-22 13:00,2022-12-22 16:00,Adjusted,3
2022-12-23,2022-12-22 20:30,2022-12-23 01:30,Unbiased,82
2022-12-23,2022-12-22 20:30,2022-12-23 01:30,Adjusted,82
2022-12-23,2022-12-23 02:30,2022-12-23 07:30,Unbiased,208
2022-12-23,2022-12-23 02:30,2022-12-23 07:30,Adjusted,208
2022-12-24,2022-12-23 13:00,2022-12-23 16:00,Unbiased,0
2022-12-24,2022-12-23 13:00,2022-12-23 16:00,Adjusted,0
2022-12-24,2022-12-23 20:30,2022-12-24 01:30,Unbiased,122
2022-12-24,2022-12-23 20:30,2022-12-24 01:30,Adjusted,122
2022-12-24,2022-12-24 02:30,2022-12-24 07:30,Unbiased,235
2022-12-24,2022-12-24 02:30,2022-12-24 07:30,Adjusted,235
2022-12-25,2022-12-24 13:00,2022-12-24 16:00,Unbiased,19
2022-12-25,2022-12-24 13:00,2022-12-24 16:00,Adjusted,19
2022-12-25,2022-12-24 20:30,2022-12-25 01:30,Unbiased,92
2022-12-25,2022-12-24 20:30,2022-12-25 01:30,Adjusted,92
2022-12-25,2022-12-25 02:30,2022-12-25 07:30,Unbiased,210
2022-12-25,2022-12-25 02:30,2022-12-25 07:30,Adjusted,210
2022-12-26,2022-12-25 13:00,2022-12-25 16:00,Unbiased,0
2022-12-26,2022-12-25 13:00,2022-12-25 16:00,Adjusted,0
2022-12-26,2022-12-25 20:30,2022-12-26 01:30,Unbiased,102
2022-12-26,2022-12-25 20:30,2022-12-26 01:30,Adjusted,102
2022-12-26,2022-12-26 02:30,2022-12-26 07:30,Unbiased,218
2022-12-26,2022-12-26 02:30,2022-12-26 07:30,Adjusted,218
2022-12-27,2022-12-26 13:00,2022-12-26 16:00,Unbiased,55
2022-12-27,2022-12-26 13:00,2022-12-26 16:00,Adjusted,55
2022-12-27,2022-12-26 20:30,2022-12-27 01:30,Unbiased,203
2022-12-27,2022-12-26 20:30,2022-12-27 01:30,Adjusted,203
2022-12-27,2022-12-27 02:30,2022-12-27 07:30,Unbiased,295
2022-12-27,2022-12-27 02:30,2022-12-27 07:30,Adjusted,295
2022-12-28,2022-12-27 13:00,2022-12-27 16:00,Unbiased,23
2022-12-28,2022-12-27 13:00,2022-12-27 16:00,Adjusted,23
2022-12-28,2022-12-27 20:30,2022-12-28 01:30,Unbiased,115
2022-12-28,2022-12-27 20:30,2022-12-28 01:30,Adjusted,115
2022-12-28,2022-12-28 02:30,2022-12-28 07:30,Unbiased,203
2022-12-28,2022-12-28 02:30,2022-12-28 07:30,Adjusted,203
2022-12-29,2022-12-28 13:00,2022-12-28 16:00,Unbiased,4
2022-12-29,2022-12-28 13:00,2022-12-28 16:00,Adjusted,4
2022-12-29,2022-12-28 20:30,2022-12-29 01:30,Unbiased,111
2022-12-29,2022-12-28 20:30,2022-12-29 01:30,Adjusted,111
2022-12-29,2022-12-29 02:30,2022-12-29 07:30,Unbiased,217
2022-12-29,2022-12-29 02:30,2022-12-29 07:30,Adjusted,217
2022-12-30,2022-12-29 13:00,2022-12-29 16:00,Unbiased,27
2022-12-30,2022-12-29 13:00,2022-12-29 16:00,Adjusted,27
2022-12-30,2022-12-29 20:30,2022-12-30 01:30,Unbiased,182
2022-12-30,2022-12-29 20:30,2022-12-30 01:30,Adjusted,182
2022-12-30,2022-12-30 02:30,2022-12-30 07:30,Unbiased,262
2022-12-30,2022-12-30 02:30,2022-12-30 07:30,Adjusted,262
2022-12-31,2022-12-30 13:00,2022-12-30 16:00,Unbiased,0
2022-12-31,2022-12-30 13:00,2022-12-30 16:00,Adjusted,0
2022-12-31,2022-12-30 20:30,2022-12-31 01:30,Unbiased,73
2022-12-31,2022-12-30 20:30,2022-12-31 01:30,Adjusted,73
2022-12-31,2022-12-31 02:30,2022-12-31 07:30,Unbiased,168
2022-12-31,2022-12-31 02:30,2022-12-31 07:30,Adjusted,168
2023-01-01,2022-12-31 13:00,2022-12-31 16:00,Unbiased,0
2023-01-01,2022-12-31 13:00,2022-12-31 16:00,Adjusted,0
2023-01-01,2022-12-31 20:30,2023-01-01 01:30,Unbiased,39
2023-01-01,2022-12-31 20:30,2023-01-01 01:30,Adjusted,28
2023-01-01,2023-01-01 02:30,2023-01-01 07:30,Unbiased,188
2023-01-01,2023-01-01 02:30,2023-01-01 07:30,Adjusted,174
2023-01-02,2023-01-01 13:00,2023-01-01 16:00,Unbiased,0
2023-01-02,2023-01-01 13:00,2023-01-01 16:00,Adjusted,0
2023-01-02,2023-01-01 20:30,2023-01-02 01:30,Unbiased,121
2023-01-02,2023-01-01 20:30,2023-01-02 01:30,Adjusted,99
2023-01-02,2023-01-02 02:30,2023-01-02 07:30,Unbiased,251
2023-01-02,2023-01-02 02:30,2023-01-02 07:30,Adjusted,236
2023-01-03,2023-01-02 13:00,2023-01-02 16:00,Unbiased,46
2023-01-03,2023-01-02 13:00,2023-01-02 16:00,Adjusted,33
2023-01-03,2023-01-02 20:30,2023-01-03 01:30,Unbiased,200
2023-01-03,2023-01-02 20:30,2023-01-03 01:30,Adjusted,189
2023-01-03,2023-01-03 02:30,2023-01-03 07:30,Unbiased,276
2023-01-03,2023-01-03 02:30,2023-01-03 07:30,Adjusted,260
2023-01-04,2023-01-03 13:00,2023-01-03 16:00,Unbiased,18
2023-01-04,2023-01-03 13:00,2023-01-03 16:00,Adjusted,3
2023-01-04,2023-01-03 20:30,2023-01-04 01:30,Unbiased,50
2023-01-04,2023-01-03 20:30,2023-01-04 01:30,Adjusted,29
2023-01-04,2023-01-04 02:30,2023-01-04 07:30,Unbiased,153
2023-01-04,2023-01-04 02:30,2023-01-04 07:30,Adjusted,123
2023-01-05,2023-01-04 13:00,2023-01-04 16:00,Unbiased,0
2023-01-05,2023-01-04 13:00,2023-01-04 16:00,Adjusted,0
2023-01-05,2023-01-04 20:30,2023-01-05 01:30,Unbiased,67
2023-01-05,2023-01-04 20:30,2023-01-05 01:30,Adjusted,44
2023-01-05,2023-01-05 02:30,2023-01-05 07:30,Unbiased,194
2023-01-05,2023-01-05 02:30,2023-01-05 07:30,Adjusted,180
2023-01-06,2023-01-05 13:00,2023-01-05 16:00,Unbiased,0
2023-01-06,2023-01-05 13:00,2023-01-05 16:00,Adjusted,0
2023-01-06,2023-01-05 20:30,2023-01-06 01:30,Unbiased,47
2023-01-06,2023-01-05 20:30,2023-01-06 01:30,Adjusted,23
2023-01-06,2023-01-06 02:30,2023-01-06 07:30,Unbiased,220
2023-01-06,2023-01-06 02:30,2023-01-06 07:30,Adjusted,208
2023-01-07,2023-01-06 13:00,2023-01-06 16:00,Unbiased,0
2023-01-07,2023-01-06 13:00,2023-01-06 16:00,Adjusted,0
2023-01-07,2023-01-06 20:30,2023-01-07 01:30,Unbiased,39
2023-01-07,2023-01-06 20:30,2023-01-07 01:30,Adjusted,17
2023-01-07,2023-01-07 02:30,2023-01-07 07:30,Unbiased,170
2023-01-07,2023-01-07 02:30,2023-01-07 07:30,Adjusted,145
2023-01-08,2023-01-07 13:00,2023-01-07 16:00,Unbiased,0
2023-01-08,2023-01-07 13:00,2023-01-07 16:00,Adjusted,0
2023-01-08,2023-01-07 20:30,2023-01-08 01:30,Unbiased,143
2023-01-08,2023-01-07 20:30,2023-01-08 01:30,Adjusted,123
2023-01-08,2023-01-08 02:30,2023-01-08 07:30,Unbiased,245
2023-01-08,2023-01-08 02:30,2023-01-08 07:30,Adjusted,234
2023-01-09,2023-01-08 13:00,2023-01-08 16:00,Unbiased,49
2023-01-09,2023-01-08 13:00,2023-01-08 16:00,Adjusted,36
2023-01-09,2023-01-08 20:30,2023-01-09 01:30,Unbiased,187
2023-01-09,2023-01-08 20:30,2023-01-09 01:30,Adjusted,170
2023-01-09,2023-01-09 02:30,2023-01-09 07:30,Unbiased,279
2023-01-09,2023-01-09 02:30,2023-01-09 07:30,Adjusted,267
2023-01-10,2023-01-09 13:00,2023-01-09 16:00,Unbiased,46
2023-01-10,2023-01-09 13:00,2023-01-09 16:00,Adjusted,31
2023-01-10,2023-01-09 20:30,2023-01-10 01:30,Unbiased,198
2023-01-10,2023-01-09 20:30,2023-01-10 01:30,Adjusted,188
2023-01-10,2023-01-10 02:30,2023-01-10 07:30,Unbiased,295
2023-01-10,2023-01-10 02:30,2023-01-10 07:30,Adjusted,293
2023-01-11,2023-01-10 13:00,2023-01-10 16:00,Unbiased,0
2023-01-11,2023-01-10 13:00,2023-01-10 16:00,Adjusted,0
2023-01-11,2023-01-10 20:30,2023-01-11 01:30,Unbiased,91
2023-01-11,2023-01-10 20:30,2023-01-11 01:30,Adjusted,72
2023-01-11,2023-01-11 02:30,2023-01-11 07:30,Unbiased,236
2023-01-11,2023-01-11 02:30,2023-01-11 07:30,Adjusted,222
2023-01-12,2023-01-11 13:00,2023-01-11 16:00,Unbiased,24
2023-01-12,2023-01-11 13:00,2023-01-11 16:00,Adjusted,9
2023-01-12,2023-01-11 20:30,2023-01-12 01:30,Unbiased,104
2023-01-12,2023-01-11 20:30,2023-01-12 01:30,Adjusted,81
2023-01-12,2023-01-12 02:30,2023-01-12 07:30,Unbiased,194
2023-01-12,2023-01-12 02:30,2023-01-12 07:30,Adjusted,176
2023-01-13,2023-01-12 13:00,2023-01-12 16:00,Unbiased,0
2023-01-13,2023-01-12 13:00,2023-01-12 16:00,Adjusted,0
2023-01-13,2023-01-12 20:30,2023-01-13 01:30,Unbiased,144
2023-01-13,2023-01-12 20:30,2023-01-13 01:30,Adjusted,123
2023-01-13,2023-01-13 02:30,2023-01-13 07:30,Unbiased,254
2023-01-13,2023-01-13 02:30,2023-01-13 07:30,Adjusted,239
2023-01-14,2023-01-13 13:00,2023-01-13 16:00,Unbiased,16
2023-01-14,2023-01-13 13:00,2023-01-13 16:00,Adjusted,1
2023-01-14,2023-01-13 20:30,2023-01-14 01:30,Unbiased,159
2023-01-14,2023-01-13 20:30,2023-01-14 01:30,Adjusted,138
2023-01-14,2023-01-14 02:30,2023-01-14 07:30,Unbiased,243
2023-01-14,2023-01-14 02:30,2023-01-14 07:30,Adjusted,225
2023-01-15,2023-01-14 13:00,2023-01-14 16:00,Unbiased,9
2023-01-15,2023-01-14 13:00,2023-01-14 16:00,Adjusted,0
2023-01-15,2023-01-14 20:30,2023-01-15 01:30,Unbiased,181
2023-01-15,2023-01-14 20:30,2023-01-15 01:30,Adjusted,171
2023-01-15,2023-01-15 02:30,2023-01-15 07:30,Unbiased,295
2023-01-15,2023-01-15 02:30,2023-01-15 07:30,Adjusted,288
2023-01-16,2023-01-15 13:00,2023-01-15 16:00,Unbiased,69
2023-01-16,2023-01-15 13:00,2023-01-15 16:00,Adjusted,55
2023-01-16,2023-01-15 20:30,2023-01-16 01:30,Unbiased,211
2023-01-16,2023-01-15 20:30,2023-01-16 01:30,Adjusted,200
2023-01-16,2023-01-16 02:30,2023-01-16 07:30,Unbiased,295
2023-01-16,2023-01-16 02:30,2023-01-16 07:30,Adjusted,295
2023-01-17,2023-01-16 13:00,2023-01-16 16:00,Unbiased,115
2023-01-17,2023-01-16 13:00,2023-01-16 16:00,Adjusted,105
2023-01-17,2023-01-16 20:30,2023-01-17 01:30,Unbiased,262
2023-01-17,2023-01-16 20:30,2023-01-17 01:30,Adjusted,253
2023-01-17,2023-01-17 02:30,2023-01-17 07:30,Unbiased,295
2023-01-17,2023-01-17 02:30,2023-01-17 07:30,Adjusted,295
2023-01-18,2023-01-17 13:00,2023-01-17 16:00,Unbiased,148
2023-01-18,2023-01-17 13:00,2023-01-17 16:00,Adjusted,140
2023-01-18,2023-01-17 20:30,2023-01-18 01:30,Unbiased,276
2023-01-18,2023-01-17 20:30,2023-01-18 01:30,Adjusted,265
2023-01-18,2023-01-18 02:30,2023-01-18 07:30,Unbiased,295
2023-01-18,2023-01-18 02:30,2023-01-18 07:30,Adjusted,295
2023-01-19,2023-01-18 13:00,2023-01-18 16:00,Unbiased,126
2023-01-19,2023-01-18 13:00,2023-01-18 16:00,Adjusted,119
2023-01-19,2023-01-18 20:30,2023-01-19 01:30,Unbiased,251
2023-01-19,2023-01-18 20:30,2023-01-19 01:30,Adjusted,241
2023-01-19,2023-01-19 02:30,2023-01-19 07:30,Unbiased,295
2023-01-19,2023-01-19 02:30,2023-01-19 07:30,Adjusted,295
2023-01-20,2023-01-19 13:00,2023-01-19 16:00,Unbiased,126
2023-01-20,2023-01-19 13:00,2023-01-19 16:00,Adjusted,116
2023-01-20,2023-01-19 20:30,2023-01-20 01:30,Unbiased,255
2023-01-20,2023-01-19 20:30,2023-01-20 01:30,Adjusted,245
2023-01-20,2023-01-20 02:30,2023-01-20 07:30,Unbiased,295
2023-01-20,2023-01-20 02:30,2023-01-20 07:30,Adjusted,295
2023-01-21,2023-01-20 13:00,2023-01-20 16:00,Unbiased,101
2023-01-21,2023-01-20 13:00,2023-01-20 16:00,Adjusted,86
2023-01-21,2023-01-20 20:30,2023-01-21 01:30,Unbiased,233
2023-01-21,2023-01-20 20:30,2023-01-21 01:30,Adjusted,224
2023-01-21,2023-01-21 02:30,2023-01-21 07:30,Unbiased,295
2023-01-21,2023-01-21 02:30,2023-01-21 07:30,Adjusted,295
2023-01-22,2023-01-21 13:00,2023-01-21 16:00,Unbiased,111
2023-01-22,2023-01-21 13:00,2023-01-21 16:00,Adjusted,96
2023-01-22,2023-01-21 20:30,2023-01-22 01:30,Unbiased,241
2023-01-22,2023-01-21 20:30,2023-01-22 01:30,Adjusted,232
2023-01-22,2023-01-22 02:30,2023-01-22 07:30,Unbiased,295
2023-01-22,2023-01-22 02:30,2023-01-22 07:30,Adjusted,295
2023-01-23,2023-01-22 13:00,2023-01-22 16:00,Unbiased,123
2023-01-23,2023-01-22 13:00,2023-01-22 16:00,Adjusted,113
2023-01-23,2023-01-22 20:30,2023-01-23 01:30,Unbiased,254
2023-01-23,2023-01-22 20:30,2023-01-23 01:30,Adjusted,243
2023-01-23,2023-01-23 02:30,2023-01-23 07:30,Unbiased,295
2023-01-23,2023-01-23 02:30,2023-01-23 07:30,Adjusted,295
2023-01-24,2023-01-23 13:00,2023-01-23 16:00,Unbiased,128
2023-01-24,2023-01-23 13:00,2023-01-23 16:00,Adjusted,120
2023-01-24,2023-01-23 20:30,2023-01-24 01:30,Unbiased,229
2023-01-24,2023-01-23 20:30,2023-01-24 01:30,Adjusted,218
2023-01-24,2023-01-24 02:30,2023-01-24 07:30,Unbiased,295
2023-01-24,2023-01-24 02:30,2023-01-24 07:30,Adjusted,295
2023-01-25,2023-01-24 13:00,2023-01-24 16:00,Unbiased,121
2023-01-25,2023-01-24 13:00,2023-01-24 16:00,Adjusted,110
2023-01-25,2023-01-24 20:30,2023-01-25 01:30,Unbiased,239
2023-01-25,2023-01-24 20:30,2023-01-25 01:30,Adjusted,228
2023-01-25,2023-01-25 02:30,2023-01-25 07:30,Unbiased,295
2023-01-25,2023-01-25 02:30,2023-01-25 07:30,Adjusted,295
2023-01-26,2023-01-25 13:00,2023-01-25 16:00,Unbiased,127
2023-01-26,2023-01-25 13:00,2023-01-25 16:00,Adjusted,119
2023-01-26,2023-01-25 20:30,2023-01-26 01:30,Unbiased,206
2023-01-26,2023-01-25 20:30,2023-01-26 01:30,Adjusted,196
2023-01-26,2023-01-26 02:30,2023-01-26 07:30,Unbiased,295
2023-01-26,2023-01-26 02:30,2023-01-26 07:30,Adjusted,295
2023-01-27,2023-01-26 13:00,2023-01-26 16:00,Unbiased,94
2023-01-27,2023-01-26 13:00,2023-01-26 16:00,Adjusted,78
2023-01-27,2023-01-26 20:30,2023-01-27 01:30,Unbiased,213
2023-01-27,2023-01-26 20:30,2023-01-27 01:30,Adjusted,202
2023-01-27,2023-01-27 02:30,2023-01-27 07:30,Unbiased,295
2023-01-27,2023-01-27 02:30,2023-01-27 07:30,Adjusted,295
2023-01-28,2023-01-27 13:00,2023-01-27 16:00,Unbiased,76
2023-01-28,2023-01-27 13:00,2023-01-27 16:00,Adjusted,62
2023-01-28,2023-01-27 20:30,2023-01-28 01:30,Unbiased,228
2023-01-28,2023-01-27 20:30,2023-01-28 01:30,Adjusted,218
2023-01-28,2023-01-28 02:30,2023-01-28 07:30,Unbiased,295
2023-01-28,2023-01-28 02:30,2023-01-28 07:30,Adjusted,295
2023-01-29,2023-01-28 13:00,2023-01-28 16:00,Unbiased,70
2023-01-29,2023-01-28 13:00,2023-01-28 16:00,Adjusted,57
2023-01-29,2023-01-28 20:30,2023-01-29 01:30,Unbiased,191
2023-01-29,2023-01-28 20:30,2023-01-29 01:30,Adjusted,181
2023-01-29,2023-01-29 02:30,2023-01-29 07:30,Unbiased,293
2023-01-29,2023-01-29 02:30,2023-01-29 07:30,Adjusted,277
2023-01-30,2023-01-29 13:00,2023-01-29 16:00,Unbiased,50
2023-01-30,2023-01-29 13:00,2023-01-29 16:00,Adjusted,36
2023-01-30,2023-01-29 20:30,2023-01-30 01:30,Unbiased,189
2023-01-30,2023-01-29 20:30,2023-01-30 01:30,Adjusted,176
2023-01-30,2023-01-30 02:30,2023-01-30 07:30,Unbiased,274
2023-01-30,2023-01-30 02:30,2023-01-30 07:30,Adjusted,258
2023-01-31,2023-01-30 13:00,2023-01-30 16:00,Unbiased,34
2023-01-31,2023-01-30 13:00,2023-01-30 16:00,Adjusted,21
2023-01-31,2023-01-30 20:30,2023-01-31 01:30,Unbiased,192
2023-01-31,2023-01-30 20:30,2023-01-31 01:30,Adjusted,182
2023-01-31,2023-01-31 02:30,2023-01-31 07:30,Unbiased,294
2023-01-31,2023-01-31 02:30,2023-01-31 07:30,Adjusted,277
2023-02-01,2023-01-31 13:00,2023-01-31 16:00,Unbiased,5
2023-02-01,2023-01-31 13:00,2023-01-31 16:00,Adjusted,0
2023-02-01,2023-01-31 20:30,2023-02-01 01:30,Unbiased,180
2023-02-01,2023-01-31 20:30,2023-02-01 01:30,Adjusted,170
2023-02-01,2023-02-01 02:30,2023-02-01 07:30,Unbiased,294
2023-02-01,2023-02-01 02:30,2023-02-01 07:30,Adjusted,279
2023-02-02,2023-02-01 13:00,2023-02-01 16:00,Unbiased,9
2023-02-02,2023-02-01 13:00,2023-02-01 16:00,Adjusted,0
2023-02-02,2023-02-01 20:30,2023-02-02 01:30,Unbiased,137
2023-02-02,2023-02-01 20:30,2023-02-02 01:30,Adjusted,115
2023-02-02,2023-02-02 02:30,2023-02-02 07:30,Unbiased,249
2023-02-02,2023-02-02 02:30,2023-02-02 07:30,Adjusted,236
2023-02-03,2023-02-02 13:00,2023-02-02 16:00,Unbiased,0
2023-02-03,2023-02-02 13:00,2023-02-02 16:00,Adjusted,0
2023-02-03,2023-02-02 20:30,2023-02-03 01:30,Unbiased,111
2023-02-03,2023-02-02 20:30,2023-02-03 01:30,Adjusted,91
2023-02-03,2023-02-03 02:30,2023-02-03 07:30,Unbiased,219
2023-02-03,2023-02-03 02:30,2023-02-03 07:30,Adjusted,206
2023-02-04,2023-02-03 13:00,2023-02-03 16:00,Unbiased,0
2023-02-04,2023-02-03 13:00,2023-02-03 16:00,Adjusted,0
2023-02-04,2023-02-03 20:30,2023-02-04 01:30,Unbiased,93
2023-02-04,2023-02-03 20:30,2023-02-04 01:30,Adjusted,71
2023-02-04,2023-02-04 02:30,2023-02-04 07:30,Unbiased,210
2023-02-04,2023-02-04 02:30,2023-02-04 07:30,Adjusted,195
2023-02-05,2023-02-04 13:00,2023-02-04 16:00,Unbiased,8
2023-02-05,2023-02-04 13:00,2023-02-04 16:00,Adjusted,0
2023-02-05,2023-02-04 20:30,2023-02-05 01:30,Unbiased,112
2023-02-05,2023-02-04 20:30,2023-02-05 01:30,Adjusted,90
2023-02-05,2023-02-05 02:30,2023-02-05 07:30,Unbiased,247
2023-02-05,2023-02-05 02:30,2023-02-05 07:30,Adjusted,235
2023-02-06,2023-02-05 13:00,2023-02-05 16:00,Unbiased,52
2023-02-06,2023-02-05 13:00,2023-02-05 16:00,Adjusted,38
2023-02-06,2023-02-05 20:30,2023-02-06 01:30,Unbiased,198
2023-02-06,2023-02-05 20:30,2023-02-06 01:30,Adjusted,190
2023-02-06,2023-02-06 02:30,2023-02-06 07:30,Unbiased,295
2023-02-06,2023-02-06 02:30,2023-02-06 07:30,Adjusted,295
2023-02-07,2023-02-06 13:00,2023-02-06 16:00,Unbiased,27
2023-02-07,2023-02-06 13:00,2023-02-06 16:00,Adjusted,14
2023-02-07,2023-02-06 20:30,2023-02-07 01:30,Unbiased,192
2023-02-07,2023-02-06 20:30,2023-02-07 01:30,Adjusted,183
2023-02-07,2023-02-07 02:30,2023-02-07 07:30,Unbiased,295
2023-02-07,2023-02-07 02:30,2023-02-07 07:30,Adjusted,295
2023-02-08,2023-02-07 13:00,2023-02-07 16:00,Unbiased,61
2023-02-08,2023-02-07 13:00,2023-02-07 16:00,Adjusted,46
2023-02-08,2023-02-07 20:30,2023-02-08 01:30,Unbiased,206
2023-02-08,2023-02-07 20:30,2023-02-08 01:30,Adjusted,195
2023-02-08,2023-02-08 02:30,2023-02-08 07:30,Unbiased,295
2023-02-08,2023-02-08 02:30,2023-02-08 07:30,Adjusted,295
2023-02-09,2023-02-08 13:00,2023-02-08 16:00,Unbiased,74
2023-02-09,2023-02-08 13:00,2023-02-08 16:00,Adjusted,59
2023-02-09,2023-02-08 20:30,2023-02-09 01:30,Unbiased,217
2023-02-09,2023-02-08 20:30,2023-02-09 01:30,Adjusted,207
2023-02-09,2023-02-09 02:30,2023-02-09 07:30,Unbiased,295
2023-02-09,2023-02-09 02:30,2023-02-09 07:30,Adjusted,295
2023-02-10,2023-02-09 13:00,2023-02-09 16:00,Unbiased,33
2023-02-10,2023-02-09 13:00,2023-02-09 16:00,Adjusted,18
2023-02-10,2023-02-09 20:30,2023-02-10 01:30,Unbiased,189
2023-02-10,2023-02-09 20:30,2023-02-10 01:30,Adjusted,179
2023-02-10,2023-02-10 02:30,2023-02-10 07:30,Unbiased,295
2023-02-10,2023-02-10 02:30,2023-02-10 07:30,Adjusted,295
2023-02-11,2023-02-10 13:00,2023-02-10 16:00,Unbiased,41
2023-02-11,2023-02-10 13:00,2023-02-10 16:00,Adjusted,27
2023-02-11,2023-02-10 20:30,2023-02-11 01:30,Unbiased,145
2023-02-11,2023-02-10 20:30,2023-02-11 01:30,Adjusted,123
2023-02-11,2023-02-11 02:30,2023-02-11 07:30,Unbiased,249
2023-02-11,2023-02-11 02:30,2023-02-11 07:30,Adjusted,234
2023-02-12,2023-02-11 13:00,2023-02-11 16:00,Unbiased,7
2023-02-12,2023-02-11 13:00,2023-02-11 16:00,Adjusted,0
2023-02-12,2023-02-11 20:30,2023-02-12 01:30,Unbiased,110
2023-02-12,2023-02-11 20:30,2023-02-12 01:30,Adjusted,89
2023-02-12,2023-02-12 02:30,2023-02-12 07:30,Unbiased,227
2023-02-12,2023-02-12 02:30,2023-02-12 07:30,Adjusted,210
2023-02-13,2023-02-12 13:00,2023-02-12 16:00,Unbiased,23
2023-02-13,2023-02-12 13:00,2023-02-12 16:00,Adjusted,8
2023-02-13,2023-02-12 20:30,2023-02-13 01:30,Unbiased,157
2023-02-13,2023-02-12 20:30,2023-02-13 01:30,Adjusted,135
2023-02-13,2023-02-13 02:30,2023-02-13 07:30,Unbiased,264
2023-02-13,2023-02-13 02:30,2023-02-13 07:30,Adjusted,247
2023-02-14,2023-02-13 13:00,2023-02-13 16:00,Unbiased,0
2023-02-14,2023-02-13 13:00,2023-02-13 16:00,Adjusted,0
2023-02-14,2023-02-13 20:30,2023-02-14 01:30,Unbiased,168
2023-02-14,2023-02-13 20:30,2023-02-14 01:30,Adjusted,146
2023-02-14,2023-02-14 02:30,2023-02-14 07:30,Unbiased,285
2023-02-14,2023-02-14 02:30,2023-02-14 07:30,Adjusted,272
2023-02-15,2023-02-14 13:00,2023-02-14 16:00,Unbiased,0
2023-02-15,2023-02-14 13:00,2023-02-14 16:00,Adjusted,0
2023-02-15,2023-02-14 20:30,2023-02-15 01:30,Unbiased,141
2023-02-15,2023-02-14 20:30,2023-02-15 01:30,Adjusted,121
2023-02-15,2023-02-15 02:30,2023-02-15 07:30,Unbiased,271
2023-02-15,2023-02-15 02:30,2023-02-15 07:30,Adjusted,259
2023-02-16,2023-02-15 13:00,2023-02-15 16:00,Unbiased,0
2023-02-16,2023-02-15 13:00,2023-02-15 16:00,Adjusted,0
2023-02-16,2023-02-15 20:30,2023-02-16 01:30,Unbiased,71
2023-02-16,2023-02-15 20:30,2023-02-16 01:30,Adjusted,50
2023-02-16,2023-02-16 02:30,2023-02-16 07:30,Unbiased,214
2023-02-16,2023-02-16 02:30,2023-02-16 07:30,Adjusted,199
2023-02-17,2023-02-16 13:00,2023-02-16 16:00,Unbiased,0
2023-02-17,2023-02-16 13:00,2023-02-16 16:00,Adjusted,0
2023-02-17,2023-02-16 20:30,2023-02-17 01:30,Unbiased,63
2023-02-17,2023-02-16 20:30,2023-02-17 01:30,Adjusted,41
2023-02-17,2023-02-17 02:30,2023-02-17 07:30,Unbiased,170
2023-02-17,2023-02-17 02:30,2023-02-17 07:30,Adjusted,139
2023-02-18,2023-02-17 13:00,2023-02-17 16:00,Unbiased,0
2023-02-18,2023-02-17 13:00,2023-02-17 16:00,Adjusted,0
2023-02-18,2023-02-17 20:30,2023-02-18 01:30,Unbiased,24
2023-02-18,2023-02-17 20:30,2023-02-18 01:30,Adjusted,0
2023-02-18,2023-02-18 02:30,2023-02-18 07:30,Unbiased,175
2023-02-18,2023-02-18 02:30,2023-02-18 07:30,Adjusted,143
2023-02-19,2023-02-18 13:00,2023-02-18 16:00,Unbiased,0
2023-02-19,2023-02-18 13:00,2023-02-18 16:00,Adjusted,0
2023-02-19,2023-02-18 20:30,2023-02-19 01:30,Unbiased,82
2023-02-19,2023-02-18 20:30,2023-02-19 01:30,Adjusted,61
2023-02-19,2023-02-19 02:30,2023-02-19 07:30,Unbiased,217
2023-02-19,2023-02-19 02:30,2023-02-19 07:30,Adjusted,203
2023-02-20,2023-02-19 13:00,2023-02-19 16:00,Unbiased,0
2023-02-20,2023-02-19 13:00,2023-02-19 16:00,Adjusted,0
2023-02-20,2023-02-19 20:30,2023-02-20 01:30,Unbiased,136
2023-02-20,2023-02-19 20:30,2023-02-20 01:30,Adjusted,117
2023-02-20,2023-02-20 02:30,2023-02-20 07:30,Unbiased,242
2023-02-20,2023-02-20 02:30,2023-02-20 07:30,Adjusted,226
2023-02-21,2023-02-20 13:00,2023-02-20 16:00,Unbiased,0
2023-02-21,2023-02-20 13:00,2023-02-20 16:00,Adjusted,0
2023-02-21,2023-02-20 20:30,2023-02-21 01:30,Unbiased,90
2023-02-21,2023-02-20 20:30,2023-02-21 01:30,Adjusted,69
2023-02-21,2023-02-21 02:30,2023-02-21 07:30,Unbiased,215
2023-02-21,2023-02-21 02:30,2023-02-21 07:30,Adjusted,198
2023-02-22,2023-02-21 13:00,2023-02-21 16:00,Unbiased,0
2023-02-22,2023-02-21 13:00,2023-02-21 16:00,Adjusted,0
2023-02-22,2023-02-21 20:30,2023-02-22 01:30,Unbiased,133
2023-02-22,2023-02-21 20:30,2023-02-22 01:30,Adjusted,113
2023-02-22,2023-02-22 02:30,2023-02-22 07:30,Unbiased,243
2023-02-22,2023-02-22 02:30,2023-02-22 07:30,Adjusted,227
2023-02-23,2023-02-22 13:00,2023-02-22 16:00,Unbiased,23
2023-02-23,2023-02-22 13:00,2023-02-22 16:00,Adjusted,8
2023-02-23,2023-02-22 20:30,2023-02-23 01:30,Unbiased,168
2023-02-23,2023-02-22 20:30,2023-02-23 01:30,Adjusted,151
2023-02-23,2023-02-23 02:30,2023-02-23 07:30,Unbiased,279
2023-02-23,2023-02-23 02:30,2023-02-23 07:30,Adjusted,263
2023-02-25,2023-02-24 13:00,2023-02-24 16:00,Unbiased,34
2023-02-25,2023-02-24 13:00,2023-02-24 16:00,Adjusted,19
2023-02-25,2023-02-24 20:30,2023-02-25 01:30,Unbiased,205
2023-02-25,2023-02-24 20:30,2023-02-25 01:30,Adjusted,196
2023-02-25,2023-02-25 02:30,2023-02-25 07:30,Unbiased,295
2023-02-25,2023-02-25 02:30,2023-02-25 07:30,Adjusted,295
2023-02-26,2023-02-25 13:00,2023-02-25 16:00,Unbiased,71
2023-02-26,2023-02-25 13:00,2023-02-25 16:00,Adjusted,57
2023-02-26,2023-02-25 20:30,2023-02-26 01:30,Unbiased,223
2023-02-26,2023-02-25 20:30,2023-02-26 01:30,Adjusted,213
2023-02-26,2023-02-26 02:30,2023-02-26 07:30,Unbiased,295
2023-02-26,2023-02-26 02:30,2023-02-26 07:30,Adjusted,295
2023-02-27,2023-02-26 13:00,2023-02-26 16:00,Unbiased,89
2023-02-27,2023-02-26 13:00,2023-02-26 16:00,Adjusted,73
2023-02-27,2023-02-26 20:30,2023-02-27 01:30,Unbiased,231
2023-02-27,2023-02-26 20:30,2023-02-27 01:30,Adjusted,222
2023-02-27,2023-02-27 02:30,2023-02-27 07:30,Unbiased,295
2023-02-27,2023-02-27 02:30,2023-02-27 07:30,Adjusted,295
2023-02-28,2023-02-27 13:00,2023-02-27 16:00,Unbiased,70
2023-02-28,2023-02-27 13:00,2023-02-27 16:00,Adjusted,56
2023-02-28,2023-02-27 20:30,2023-02-28 01:30,Unbiased,218
2023-02-28,2023-02-27 20:30,2023-02-28 01:30,Adjusted,209
2023-02-28,2023-02-28 02:30,2023-02-28 07:30,Unbiased,295
2023-02-28,2023-02-28 02:30,2023-02-28 07:30,Adjusted,295
2023-03-01,2023-02-28 13:00,2023-02-28 16:00,Unbiased,84
2023-03-01,2023-02-28 13:00,2023-02-28 16:00,Adjusted,70
2023-03-01,2023-02-28 20:30,2023-03-01 01:30,Unbiased,205
2023-03-01,2023-02-28 20:30,2023-03-01 01:30,Adjusted,194
2023-03-01,2023-03-01 02:30,2023-03-01 07:30,Unbiased,295
2023-03-01,2023-03-01 02:30,2023-03-01 07:30,Adjusted,295
2023-03-02,2023-03-01 13:00,2023-03-01 16:00,Unbiased,68
2023-03-02,2023-03-01 13:00,2023-03-01 16:00,Adjusted,82
2023-03-02,2023-03-01 20:30,2023-03-02 01:30,Unbiased,207
2023-03-02,2023-03-01 20:30,2023-03-02 01:30,Adjusted,216
2023-03-02,2023-03-02 02:30,2023-03-02 07:30,Unbiased,295
2023-03-02,2023-03-02 02:30,2023-03-02 07:30,Adjusted,295
2023-03-03,2023-03-02 13:00,2023-03-02 16:00,Unbiased,53
2023-03-03,2023-03-02 13:00,2023-03-02 16:00,Adjusted,69
2023-03-03,2023-03-02 20:30,2023-03-03 01:30,Unbiased,220
2023-03-03,2023-03-02 20:30,2023-03-03 01:30,Adjusted,231
2023-03-03,2023-03-03 02:30,2023-03-03 07:30,Unbiased,295
2023-03-03,2023-03-03 02:30,2023-03-03 07:30,Adjusted,295
2023-03-04,2023-03-03 13:00,2023-03-03 16:00,Unbiased,83
2023-03-04,2023-03-03 13:00,2023-03-03 16:00,Adjusted,98
2023-03-04,2023-03-03 20:30,2023-03-04 01:30,Unbiased,197
2023-03-04,2023-03-03 20:30,2023-03-04 01:30,Adjusted,207
2023-03-04,2023-03-04 02:30,2023-03-04 07:30,Unbiased,295
2023-03-04,2023-03-04 02:30,2023-03-04 07:30,Adjusted,295
2023-03-05,2023-03-04 13:00,2023-03-04 16:00,Unbiased,73
2023-03-05,2023-03-04 13:00,2023-03-04 16:00,Adjusted,87
2023-03-05,2023-03-04 20:30,2023-03-05 01:30,Unbiased,192
2023-03-05,2023-03-04 20:30,2023-03-05 01:30,Adjusted,203
2023-03-05,2023-03-05 02:30,2023-03-05 07:30,Unbiased,295
2023-03-05,2023-03-05 02:30,2023-03-05 07:30,Adjusted,295
2023-03-06,2023-03-05 13:00,2023-03-05 16:00,Unbiased,88
2023-03-06,2023-03-05 13:00,2023-03-05 16:00,Adjusted,104
2023-03-06,2023-03-05 20:30,2023-03-06 01:30,Unbiased,206
2023-03-06,2023-03-05 20:30,2023-03-06 01:30,Adjusted,206
2023-03-06,2023-03-06 02:30,2023-03-06 07:30,Unbiased,295
2023-03-06,2023-03-06 02:30,2023-03-06 07:30,Adjusted,295
2023-03-07,2023-03-06 13:00,2023-03-06 16:00,Unbiased,38
2023-03-07,2023-03-06 13:00,2023-03-06 16:00,Adjusted,38
2023-03-07,2023-03-06 20:30,2023-03-07 01:30,Unbiased,190
2023-03-07,2023-03-06 20:30,2023-03-07 01:30,Adjusted,190
2023-03-07,2023-03-07 02:30,2023-03-07 07:30,Unbiased,295
2023-03-07,2023-03-07 02:30,2023-03-07 07:30,Adjusted,295
2023-03-08,2023-03-07 13:00,2023-03-07 16:00,Unbiased,109
2023-03-08,2023-03-07 13:00,2023-03-07 16:00,Adjusted,109
2023-03-08,2023-03-07 20:30,2023-03-08 01:30,Unbiased,226
2023-03-08,2023-03-07 20:30,2023-03-08 01:30,Adjusted,226
2023-03-08,2023-03-08 02:30,2023-03-08 07:30,Unbiased,295
2023-03-08,2023-03-08 02:30,2023-03-08 07:30,Adjusted,295
2023-03-09,2023-03-08 13:00,2023-03-08 16:00,Unbiased,150
2023-03-09,2023-03-08 13:00,2023-03-08 16:00,Adjusted,150
2023-03-09,2023-03-08 20:30,2023-03-09 01:30,Unbiased,254
2023-03-09,2023-03-08 20:30,2023-03-09 01:30,Adjusted,254
2023-03-09,2023-03-09 02:30,2023-03-09 07:30,Unbiased,295
2023-03-09,2023-03-09 02:30,2023-03-09 07:30,Adjusted,295
2023-03-10,2023-03-09 13:00,2023-03-09 16:00,Unbiased,62
2023-03-10,2023-03-09 13:00,2023-03-09 16:00,Adjusted,62
2023-03-10,2023-03-09 20:30,2023-03-10 01:30,Unbiased,134
2023-03-10,2023-03-09 20:30,2023-03-10 01:30,Adjusted,134
2023-03-10,2023-03-10 02:30,2023-03-10 07:30,Unbiased,232
2023-03-10,2023-03-10 02:30,2023-03-10 07:30,Adjusted,232
2023-03-11,2023-03-10 13:00,2023-03-10 16:00,Unbiased,104
2023-03-11,2023-03-10 13:00,2023-03-10 16:00,Adjusted,104
2023-03-11,2023-03-10 20:30,2023-03-11 01:30,Unbiased,229
2023-03-11,2023-03-10 20:30,2023-03-11 01:30,Adjusted,229
2023-03-11,2023-03-11 02:30,2023-03-11 07:30,Unbiased,295
2023-03-11,2023-03-11 02:30,2023-03-11 07:30,Adjusted,295
2023-03-12,2023-03-11 13:00,2023-03-11 16:00,Unbiased,33
2023-03-12,2023-03-11 13:00,2023-03-11 16:00,Adjusted,33
2023-03-12,2023-03-11 20:30,2023-03-12 01:30,Unbiased,197
2023-03-12,2023-03-11 20:30,2023-03-12 01:30,Adjusted,197
2023-03-12,2023-03-12 02:30,2023-03-12 07:30,Unbiased,254
2023-03-12,2023-03-12 02:30,2023-03-12 07:30,Adjusted,254
2023-03-14,2023-03-13 13:00,2023-03-13 16:00,Unbiased,0
2023-03-14,2023-03-13 13:00,2023-03-13 16:00,Adjusted,0
2023-03-14,2023-03-13 20:30,2023-03-14 01:30,Unbiased,59
2023-03-14,2023-03-13 20:30,2023-03-14 01:30,Adjusted,59
2023-03-14,2023-03-14 02:30,2023-03-14 07:30,Unbiased,256
2023-03-14,2023-03-14 02:30,2023-03-14 07:30,Adjusted,256
2023-03-15,2023-03-14 13:00,2023-03-14 16:00,Unbiased,28
2023-03-15,2023-03-14 13:00,2023-03-14 16:00,Adjusted,28
2023-03-15,2023-03-14 20:30,2023-03-15 01:30,Unbiased,188
2023-03-15,2023-03-14 20:30,2023-03-15 01:30,Adjusted,188
2023-03-15,2023-03-15 02:30,2023-03-15 07:30,Unbiased,295
2023-03-15,2023-03-15 02:30,2023-03-15 07:30,Adjusted,295
2023-03-16,2023-03-15 13:00,2023-03-15 16:00,Unbiased,11
2023-03-16,2023-03-15 13:00,2023-03-15 16:00,Adjusted,11
2023-03-16,2023-03-15 20:30,2023-03-16 01:30,Unbiased,147
2023-03-16,2023-03-15 20:30,2023-03-16 01:30,Adjusted,147
2023-03-16,2023-03-16 02:30,2023-03-16 07:30,Unbiased,235
2023-03-16,2023-03-16 02:30,2023-03-16 07:30,Adjusted,235
2023-03-17,2023-03-16 13:00,2023-03-16 16:00,Unbiased,0
2023-03-17,2023-03-16 13:00,2023-03-16 16:00,Adjusted,0
2023-03-17,2023-03-16 20:30,2023-03-17 01:30,Unbiased,19
2023-03-17,2023-03-16 20:30,2023-03-17 01:30,Adjusted,19
2023-03-17,2023-03-17 02:30,2023-03-17 07:30,Unbiased,146
2023-03-17,2023-03-17 02:30,2023-03-17 07:30,Adjusted,146
2023-03-18,2023-03-17 13:00,2023-03-17 16:00,Unbiased,0
2023-03-18,2023-03-17 13:00,2023-03-17 16:00,Adjusted,0
2023-03-18,2023-03-17 20:30,2023-03-18 01:30,Unbiased,50
2023-03-18,2023-03-17 20:30,2023-03-18 01:30,Adjusted,50
2023-03-18,2023-03-18 02:30,2023-03-18 07:30,Unbiased,187
2023-03-18,2023-03-18 02:30,2023-03-18 07:30,Adjusted,187
2023-03-19,2023-03-18 13:00,2023-03-18 16:00,Unbiased,0
2023-03-19,2023-03-18 13:00,2023-03-18 16:00,Adjusted,0
2023-03-19,2023-03-18 20:30,2023-03-19 01:30,Unbiased,74
2023-03-19,2023-03-18 20:30,2023-03-19 01:30,Adjusted,74
2023-03-19,2023-03-19 02:30,2023-03-19 07:30,Unbiased,231
2023-03-19,2023-03-19 02:30,2023-03-19 07:30,Adjusted,231
2023-03-20,2023-03-19 13:00,2023-03-19 16:00,Unbiased,0
2023-03-20,2023-03-19 13:00,2023-03-19 16:00,Adjusted,0
2023-03-20,2023-03-19 20:30,2023-03-20 01:30,Unbiased,93
2023-03-20,2023-03-19 20:30,2023-03-20 01:30,Adjusted,93
2023-03-20,2023-03-20 02:30,2023-03-20 07:30,Unbiased,211
2023-03-20,2023-03-20 02:30,2023-03-20 07:30,Adjusted,211
2023-03-21,2023-03-20 13:00,2023-03-20 16:00,Unbiased,0
2023-03-21,2023-03-20 13:00,2023-03-20 16:00,Adjusted,0
2023-03-21,2023-03-20 20:30,2023-03-21 01:30,Unbiased,68
2023-03-21,2023-03-20 20:30,2023-03-21 01:30,Adjusted,68
2023-03-21,2023-03-21 02:30,2023-03-21 07:30,Unbiased,198
2023-03-21,2023-03-21 02:30,2023-03-21 07:30,Adjusted,198
2023-03-22,2023-03-21 13:00,2023-03-21 16:00,Unbiased,0
2023-03-22,2023-03-21 13:00,2023-03-21 16:00,Adjusted,0
2023-03-22,2023-03-21 20:30,2023-03-22 01:30,Unbiased,48
2023-03-22,2023-03-21 20:30,2023-03-22 01:30,Adjusted,48
2023-03-22,2023-03-22 02:30,2023-03-22 07:30,Unbiased,180
2023-03-22,2023-03-22 02:30,2023-03-22 07:30,Adjusted,180
2023-03-23,2023-03-22 13:00,2023-03-22 16:00,Unbiased,0
2023-03-23,2023-03-22 13:00,2023-03-22 16:00,Adjusted,0
2023-03-23,2023-03-22 20:30,2023-03-23 01:30,Unbiased,32
2023-03-23,2023-03-22 20:30,2023-03-23 01:30,Adjusted,32
2023-03-23,2023-03-23 02:30,2023-03-23 07:30,Unbiased,194
2023-03-23,2023-03-23 02:30,2023-03-23 07:30,Adjusted,194
2023-03-24,2023-03-23 13:00,2023-03-23 16:00,Unbiased,0
2023-03-24,2023-03-23 13:00,2023-03-23 16:00,Adjusted,0
2023-03-24,2023-03-23 20:30,2023-03-24 01:30,Unbiased,61
2023-03-24,2023-03-23 20:30,2023-03-24 01:30,Adjusted,61
2023-03-24,2023-03-24 02:30,2023-03-24 07:30,Unbiased,215
2023-03-24,2023-03-24 02:30,2023-03-24 07:30,Adjusted,215
2023-03-25,2023-03-24 13:00,2023-03-24 16:00,Unbiased,0
2023-03-25,2023-03-24 13:00,2023-03-24 16:00,Adjusted,0
2023-03-25,2023-03-24 20:30,2023-03-25 01:30,Unbiased,119
2023-03-25,2023-03-24 20:30,2023-03-25 01:30,Adjusted,119
2023-03-25,2023-03-25 02:30,2023-03-25 07:30,Unbiased,234
2023-03-25,2023-03-25 02:30,2023-03-25 07:30,Adjusted,234
2023-03-26,2023-03-25 13:00,2023-03-25 16:00,Unbiased,0
2023-03-26,2023-03-25 13:00,2023-03-25 16:00,Adjusted,0
2023-03-26,2023-03-25 20:30,2023-03-26 01:30,Unbiased,67
2023-03-26,2023-03-25 20:30,2023-03-26 01:30,Adjusted,67
2023-03-26,2023-03-26 02:30,2023-03-26 07:30,Unbiased,201
2023-03-26,2023-03-26 02:30,2023-03-26 07:30,Adjusted,201
2023-03-27,2023-03-26 13:00,2023-03-26 16:00,Unbiased,44
2023-03-27,2023-03-26 13:00,2023-03-26 16:00,Adjusted,44
2023-03-27,2023-03-26 20:30,2023-03-27 01:30,Unbiased,179
2023-03-27,2023-03-26 20:30,2023-03-27 01:30,Adjusted,179
2023-03-27,2023-03-27 02:30,2023-03-27 07:30,Unbiased,285
2023-03-27,2023-03-27 02:30,2023-03-27 07:30,Adjusted,285
2023-03-28,2023-03-27 13:00,2023-03-27 16:00,Unbiased,0
2023-03-28,2023-03-27 13:00,2023-03-27 16:00,Adjusted,0
2023-03-28,2023-03-27 20:30,2023-03-28 01:30,Unbiased,142
2023-03-28,2023-03-27 20:30,2023-03-28 01:30,Adjusted,142
2023-03-28,2023-03-28 02:30,2023-03-28 07:30,Unbiased,256
2023-03-28,2023-03-28 02:30,2023-03-28 07:30,Adjusted,256
2023-03-29,2023-03-28 13:00,2023-03-28 16:00,Unbiased,28
2023-03-29,2023-03-28 13:00,2023-03-28 16:00,Adjusted,28
2023-03-29,2023-03-28 20:30,2023-03-29 01:30,Unbiased,120
2023-03-29,2023-03-28 20:30,2023-03-29 01:30,Adjusted,120
2023-03-29,2023-03-29 02:30,2023-03-29 07:30,Unbiased,214
2023-03-29,2023-03-29 02:30,2023-03-29 07:30,Adjusted,214
2023-03-30,2023-03-29 13:00,2023-03-29 16:00,Unbiased,0
2023-03-30,2023-03-29 13:00,2023-03-29 16:00,Adjusted,0
2023-03-30,2023-03-29 20:30,2023-03-30 01:30,Unbiased,27
2023-03-30,2023-03-29 20:30,2023-03-30 01:30,Adjusted,27
2023-03-30,2023-03-30 02:30,2023-03-30 07:30,Unbiased,183
2023-03-30,2023-03-30 02:30,2023-03-30 07:30,Adjusted,183
2023-03-31,2023-03-30 13:00,2023-03-30 16:00,Unbiased,0
2023-03-31,2023-03-30 13:00,2023-03-30 16:00,Adjusted,0
2023-03-31,2023-03-30 20:30,2023-03-31 01:30,Unbiased,26
2023-03-31,2023-03-30 20:30,2023-03-31 01:30,Adjusted,26
2023-03-31,2023-03-31 02:30,2023-03-31 07:30,Unbiased,177
2023-03-31,2023-03-31 02:30,2023-03-31 07:30,Adjusted,177
2023-04-01,2023-03-31 13:00,2023-03-31 16:00,Unbiased,0
2023-04-01,2023-03-31 13:00,2023-03-31 16:00,Adjusted,0
2023-04-01,2023-03-31 20:30,2023-04-01 01:30,Unbiased,73
2023-04-01,2023-03-31 20:30,2023-04-01 01:30,Adjusted,73
2023-04-01,2023-04-01 02:30,2023-04-01 07:30,Unbiased,208
2023-04-01,2023-04-01 02:30,2023-04-01 07:30,Adjusted,208
2023-04-02,2023-04-01 13:00,2023-04-01 16:00,Unbiased,0
2023-04-02,2023-04-01 13:00,2023-04-01 16:00,Adjusted,0
2023-04-02,2023-04-01 20:30,2023-04-02 01:30,Unbiased,141
2023-04-02,2023-04-01 20:30,2023-04-02 01:30,Adjusted,162
2023-04-02,2023-04-02 02:30,2023-04-02 07:30,Unbiased,249
2023-04-02,2023-04-02 02:30,2023-04-02 07:30,Adjusted,267
2023-04-03,2023-04-02 13:00,2023-04-02 16:00,Unbiased,9
2023-04-03,2023-04-02 13:00,2023-04-02 16:00,Adjusted,21
2023-04-03,2023-04-02 20:30,2023-04-03 01:30,Unbiased,185
2023-04-03,2023-04-02 20:30,2023-04-03 01:30,Adjusted,193
2023-04-03,2023-04-03 02:30,2023-04-03 07:30,Unbiased,295
2023-04-03,2023-04-03 02:30,2023-04-03 07:30,Adjusted,295
2023-04-04,2023-04-03 13:00,2023-04-03 16:00,Unbiased,8
2023-04-04,2023-04-03 13:00,2023-04-03 16:00,Adjusted,22
2023-04-04,2023-04-03 20:30,2023-04-04 01:30,Unbiased,186
2023-04-04,2023-04-03 20:30,2023-04-04 01:30,Adjusted,196
2023-04-04,2023-04-04 02:30,2023-04-04 07:30,Unbiased,295
2023-04-04,2023-04-04 02:30,2023-04-04 07:30,Adjusted,295
2023-04-05,2023-04-04 13:00,2023-04-04 16:00,Unbiased,0
2023-04-05,2023-04-04 13:00,2023-04-04 16:00,Adjusted,0
2023-04-05,2023-04-04 20:30,2023-04-05 01:30,Unbiased,122
2023-04-05,2023-04-04 20:30,2023-04-05 01:30,Adjusted,147
2023-04-05,2023-04-05 02:30,2023-04-05 07:30,Unbiased,243
2023-04-05,2023-04-05 02:30,2023-04-05 07:30,Adjusted,260
2023-04-06,2023-04-05 13:00,2023-04-05 16:00,Unbiased,0
2023-04-06,2023-04-05 13:00,2023-04-05 16:00,Adjusted,0
2023-04-06,2023-04-05 20:30,2023-04-06 01:30,Unbiased,55
2023-04-06,2023-04-05 20:30,2023-04-06 01:30,Adjusted,75
2023-04-06,2023-04-06 02:30,2023-04-06 07:30,Unbiased,192
2023-04-06,2023-04-06 02:30,2023-04-06 07:30,Adjusted,207
2023-04-07,2023-04-06 13:00,2023-04-06 16:00,Unbiased,0
2023-04-07,2023-04-06 13:00,2023-04-06 16:00,Adjusted,0
2023-04-07,2023-04-06 20:30,2023-04-07 01:30,Unbiased,104
2023-04-07,2023-04-06 20:30,2023-04-07 01:30,Adjusted,126
2023-04-07,2023-04-07 02:30,2023-04-07 07:30,Unbiased,239
2023-04-07,2023-04-07 02:30,2023-04-07 07:30,Adjusted,256
2023-04-08,2023-04-07 13:00,2023-04-07 16:00,Unbiased,0
2023-04-08,2023-04-07 13:00,2023-04-07 16:00,Adjusted,0
2023-04-08,2023-04-07 20:30,2023-04-08 01:30,Unbiased,82
2023-04-08,2023-04-07 20:30,2023-04-08 01:30,Adjusted,103
2023-04-08,2023-04-08 02:30,2023-04-08 07:30,Unbiased,218
2023-04-08,2023-04-08 02:30,2023-04-08 07:30,Adjusted,234
2023-04-09,2023-04-08 13:00,2023-04-08 16:00,Unbiased,0
2023-04-09,2023-04-08 13:00,2023-04-08 16:00,Adjusted,0
2023-04-09,2023-04-08 20:30,2023-04-09 01:30,Unbiased,105
2023-04-09,2023-04-08 20:30,2023-04-09 01:30,Adjusted,124
2023-04-09,2023-04-09 02:30,2023-04-09 07:30,Unbiased,233
2023-04-09,2023-04-09 02:30,2023-04-09 07:30,Adjusted,248
2023-04-10,2023-04-09 13:00,2023-04-09 16:00,Unbiased,0
2023-04-10,2023-04-09 13:00,2023-04-09 16:00,Adjusted,0
2023-04-10,2023-04-09 20:30,2023-04-10 01:30,Unbiased,0
2023-04-10,2023-04-09 20:30,2023-04-10 01:30,Adjusted,0
2023-04-10,2023-04-10 02:30,2023-04-10 07:30,Unbiased,132
2023-04-10,2023-04-10 02:30,2023-04-10 07:30,Adjusted,159
2023-04-11,2023-04-10 13:00,2023-04-10 16:00,Unbiased,0
2023-04-11,2023-04-10 13:00,2023-04-10 16:00,Adjusted,0
2023-04-11,2023-04-10 20:30,2023-04-11 01:30,Unbiased,96
2023-04-11,2023-04-10 20:30,2023-04-11 01:30,Adjusted,119
2023-04-11,2023-04-11 02:30,2023-04-11 07:30,Unbiased,236
2023-04-11,2023-04-11 02:30,2023-04-11 07:30,Adjusted,250
2023-04-12,2023-04-11 13:00,2023-04-11 16:00,Unbiased,0
2023-04-12,2023-04-11 13:00,2023-04-11 16:00,Adjusted,0
2023-04-12,2023-04-11 20:30,2023-04-12 01:30,Unbiased,99
2023-04-12,2023-04-11 20:30,2023-04-12 01:30,Adjusted,121
2023-04-12,2023-04-12 02:30,2023-04-12 07:30,Unbiased,234
2023-04-12,2023-04-12 02:30,2023-04-12 07:30,Adjusted,249
2023-04-13,2023-04-12 13:00,2023-04-12 16:00,Unbiased,0
2023-04-13,2023-04-12 13:00,2023-04-12 16:00,Adjusted,0
2023-04-13,2023-04-12 20:30,2023-04-13 01:30,Unbiased,134
2023-04-13,2023-04-12 20:30,2023-04-13 01:30,Adjusted,154
2023-04-13,2023-04-13 02:30,2023-04-13 07:30,Unbiased,245
2023-04-13,2023-04-13 02:30,2023-04-13 07:30,Adjusted,259
2023-04-14,2023-04-13 13:00,2023-04-13 16:00,Unbiased,0
2023-04-14,2023-04-13 13:00,2023-04-13 16:00,Adjusted,0
2023-04-14,2023-04-13 20:30,2023-04-14 01:30,Unbiased,100
2023-04-14,2023-04-13 20:30,2023-04-14 01:30,Adjusted,122
2023-04-14,2023-04-14 02:30,2023-04-14 07:30,Unbiased,229
2023-04-14,2023-04-14 02:30,2023-04-14 07:30,Adjusted,243
2023-04-15,2023-04-14 13:00,2023-04-14 16:00,Unbiased,0
2023-04-15,2023-04-14 13:00,2023-04-14 16:00,Adjusted,0
2023-04-15,2023-04-14 20:30,2023-04-15 01:30,Unbiased,148
2023-04-15,2023-04-14 20:30,2023-04-15 01:30,Adjusted,171
2023-04-15,2023-04-15 02:30,2023-04-15 07:30,Unbiased,259
2023-04-15,2023-04-15 02:30,2023-04-15 07:30,Adjusted,273
2023-04-16,2023-04-15 13:00,2023-04-15 16:00,Unbiased,0
2023-04-16,2023-04-15 13:00,2023-04-15 16:00,Adjusted,0
2023-04-16,2023-04-15 20:30,2023-04-16 01:30,Unbiased,48
2023-04-16,2023-04-15 20:30,2023-04-16 01:30,Adjusted,67
2023-04-16,2023-04-16 02:30,2023-04-16 07:30,Unbiased,186
2023-04-16,2023-04-16 02:30,2023-04-16 07:30,Adjusted,203
2023-04-17,2023-04-16 13:00,2023-04-16 16:00,Unbiased,0
2023-04-17,2023-04-16 13:00,2023-04-16 16:00,Adjusted,0
2023-04-17,2023-04-16 20:30,2023-04-17 01:30,Unbiased,0
2023-04-17,2023-04-16 20:30,2023-04-17 01:30,Adjusted,0
2023-04-17,2023-04-17 02:30,2023-04-17 07:30,Unbiased,148
2023-04-17,2023-04-17 02:30,2023-04-17 07:30,Adjusted,176
2023-04-18,2023-04-17 13:00,2023-04-17 16:00,Unbiased,0
2023-04-18,2023-04-17 13:00,2023-04-17 16:00,Adjusted,0
2023-04-18,2023-04-17 20:30,2023-04-18 01:30,Unbiased,93
2023-04-18,2023-04-17 20:30,2023-04-18 01:30,Adjusted,117
2023-04-18,2023-04-18 02:30,2023-04-18 07:30,Unbiased,224
2023-04-18,2023-04-18 02:30,2023-04-18 07:30,Adjusted,237
2023-04-19,2023-04-18 13:00,2023-04-18 16:00,Unbiased,2
2023-04-19,2023-04-18 13:00,2023-04-18 16:00,Adjusted,15
2023-04-19,2023-04-18 20:30,2023-04-19 01:30,Unbiased,109
2023-04-19,2023-04-18 20:30,2023-04-19 01:30,Adjusted,131
2023-04-19,2023-04-19 02:30,2023-04-19 07:30,Unbiased,231
2023-04-19,2023-04-19 02:30,2023-04-19 07:30,Adjusted,245
2023-04-20,2023-04-19 13:00,2023-04-19 16:00,Unbiased,0
2023-04-20,2023-04-19 13:00,2023-04-19 16:00,Adjusted,0
2023-04-20,2023-04-19 20:30,2023-04-20 01:30,Unbiased,155
2023-04-20,2023-04-19 20:30,2023-04-20 01:30,Adjusted,166
2023-04-20,2023-04-20 02:30,2023-04-20 07:30,Unbiased,278
2023-04-20,2023-04-20 02:30,2023-04-20 07:30,Adjusted,292
2023-04-21,2023-04-20 13:00,2023-04-20 16:00,Unbiased,0
2023-04-21,2023-04-20 13:00,2023-04-20 16:00,Adjusted,0
2023-04-21,2023-04-20 20:30,2023-04-21 01:30,Unbiased,161
2023-04-21,2023-04-20 20:30,2023-04-21 01:30,Adjusted,182
2023-04-21,2023-04-21 02:30,2023-04-21 07:30,Unbiased,259
2023-04-21,2023-04-21 02:30,2023-04-21 07:30,Adjusted,273
2023-04-22,2023-04-21 13:00,2023-04-21 16:00,Unbiased,16
2023-04-22,2023-04-21 13:00,2023-04-21 16:00,Adjusted,29
2023-04-22,2023-04-21 20:30,2023-04-22 01:30,Unbiased,111
2023-04-22,2023-04-21 20:30,2023-04-22 01:30,Adjusted,134
2023-04-22,2023-04-22 02:30,2023-04-22 07:30,Unbiased,240
2023-04-22,2023-04-22 02:30,2023-04-22 07:30,Adjusted,255
2023-04-23,2023-04-22 13:00,2023-04-22 16:00,Unbiased,0
2023-04-23,2023-04-22 13:00,2023-04-22 16:00,Adjusted,0
2023-04-23,2023-04-22 20:30,2023-04-23 01:30,Unbiased,15
2023-04-23,2023-04-22 20:30,2023-04-23 01:30,Adjusted,36
2023-04-23,2023-04-23 02:30,2023-04-23 07:30,Unbiased,154
2023-04-23,2023-04-23 02:30,2023-04-23 07:30,Adjusted,180
2023-04-24,2023-04-23 13:00,2023-04-23 16:00,Unbiased,0
2023-04-24,2023-04-23 13:00,2023-04-23 16:00,Adjusted,0
2023-04-24,2023-04-23 20:30,2023-04-24 01:30,Unbiased,61
2023-04-24,2023-04-23 20:30,2023-04-24 01:30,Adjusted,82
2023-04-24,2023-04-24 02:30,2023-04-24 07:30,Unbiased,192
2023-04-24,2023-04-24 02:30,2023-04-24 07:30,Adjusted,207
2023-04-25,2023-04-24 13:00,2023-04-24 16:00,Unbiased,0
2023-04-25,2023-04-24 13:00,2023-04-24 16:00,Adjusted,0
2023-04-25,2023-04-24 20:30,2023-04-25 01:30,Unbiased,184
2023-04-25,2023-04-24 20:30,2023-04-25 01:30,Adjusted,195
2023-04-25,2023-04-25 02:30,2023-04-25 07:30,Unbiased,295
2023-04-25,2023-04-25 02:30,2023-04-25 07:30,Adjusted,295
2023-04-26,2023-04-25 13:00,2023-04-25 16:00,Unbiased,0
2023-04-26,2023-04-25 13:00,2023-04-25 16:00,Adjusted,0
2023-04-26,2023-04-25 20:30,2023-04-26 01:30,Unbiased,131
2023-04-26,2023-04-25 20:30,2023-04-26 01:30,Adjusted,154
2023-04-26,2023-04-26 02:30,2023-04-26 07:30,Unbiased,261
2023-04-26,2023-04-26 02:30,2023-04-26 07:30,Adjusted,276
2023-04-27,2023-04-26 13:00,2023-04-26 16:00,Unbiased,0
2023-04-27,2023-04-26 13:00,2023-04-26 16:00,Adjusted,0
2023-04-27,2023-04-26 20:30,2023-04-27 01:30,Unbiased,116
2023-04-27,2023-04-26 20:30,2023-04-27 01:30,Adjusted,137
2023-04-27,2023-04-27 02:30,2023-04-27 07:30,Unbiased,249
2023-04-27,2023-04-27 02:30,2023-04-27 07:30,Adjusted,264
2023-04-28,2023-04-27 13:00,2023-04-27 16:00,Unbiased,0
2023-04-28,2023-04-27 13:00,2023-04-27 16:00,Adjusted,0
2023-04-28,2023-04-27 20:30,2023-04-28 01:30,Unbiased,73
2023-04-28,2023-04-27 20:30,2023-04-28 01:30,Adjusted,95
2023-04-28,2023-04-28 02:30,2023-04-28 07:30,Unbiased,155
2023-04-28,2023-04-28 02:30,2023-04-28 07:30,Adjusted,182
2023-04-29,2023-04-28 13:00,2023-04-28 16:00,Unbiased,0
2023-04-29,2023-04-28 13:00,2023-04-28 16:00,Adjusted,0
2023-04-29,2023-04-28 20:30,2023-04-29 01:30,Unbiased,32
2023-04-29,2023-04-28 20:30,2023-04-29 01:30,Adjusted,56
2023-04-29,2023-04-29 02:30,2023-04-29 07:30,Unbiased,202
2023-04-29,2023-04-29 02:30,2023-04-29 07:30,Adjusted,216
2023-04-30,2023-04-29 13:00,2023-04-29 16:00,Unbiased,0
2023-04-30,2023-04-29 13:00,2023-04-29 16:00,Adjusted,0
2023-04-30,2023-04-29 20:30,2023-04-30 01:30,Unbiased,0
2023-04-30,2023-04-29 20:30,2023-04-30 01:30,Adjusted,19
2023-04-30,2023-04-30 02:30,2023-04-30 07:30,Unbiased,152
2023-04-30,2023-04-30 02:30,2023-04-30 07:30,Adjusted,172
2023-05-01,2023-04-30 13:00,2023-04-30 16:00,Unbiased,0
2023-05-01,2023-04-30 13:00,2023-04-30 16:00,Adjusted,0
2023-05-01,2023-04-30 20:30,2023-05-01 01:30,Unbiased,0
2023-05-01,2023-04-30 20:30,2023-05-01 01:30,Adjusted,0
2023-05-01,2023-05-01 02:30,2023-05-01 07:30,Unbiased,68
2023-05-01,2023-05-01 02:30,2023-05-01 07:30,Adjusted,97
2023-05-02,2023-05-01 13:00,2023-05-01 16:00,Unbiased,0
2023-05-02,2023-05-01 13:00,2023-05-01 16:00,Adjusted,0
2023-05-02,2023-05-01 20:30,2023-05-02 01:30,Unbiased,0
2023-05-02,2023-05-01 20:30,2023-05-02 01:30,Adjusted,0
2023-05-02,2023-05-02 02:30,2023-05-02 07:30,Unbiased,158
2023-05-02,2023-05-02 02:30,2023-05-02 07:30,Adjusted,173
2023-05-03,2023-05-02 13:00,2023-05-02 16:00,Unbiased,0
2023-05-03,2023-05-02 13:00,2023-05-02 16:00,Adjusted,0
2023-05-03,2023-05-02 20:30,2023-05-03 01:30,Unbiased,88
2023-05-03,2023-05-02 20:30,2023-05-03 01:30,Adjusted,107
2023-05-03,2023-05-03 02:30,2023-05-03 07:30,Unbiased,230
2023-05-03,2023-05-03 02:30,2023-05-03 07:30,Adjusted,247
2023-10-05,2023-10-04 13:00,2023-10-04 16:00,Unbiased,0
2023-10-05,2023-10-04 13:00,2023-10-04 16:00,Adjusted,0
2023-10-05,2023-10-04 20:30,2023-10-05 01:30,Unbiased,0
2023-10-05,2023-10-04 20:30,2023-10-05 01:30,Adjusted,0
2023-10-05,2023-10-05 02:30,2023-10-05 07:30,Unbiased,38
2023-10-05,2023-10-05 02:30,2023-10-05 07:30,Adjusted,71
2023-10-06,2023-10-05 13:00,2023-10-05 16:00,Unbiased,0
2023-10-06,2023-10-05 13:00,2023-10-05 16:00,Adjusted,0
2023-10-06,2023-10-05 20:30,2023-10-06 01:30,Unbiased,0
2023-10-06,2023-10-05 20:30,2023-10-06 01:30,Adjusted,0
2023-10-06,2023-10-06 02:30,2023-10-06 07:30,Unbiased,25
2023-10-06,2023-10-06 02:30,2023-10-06 07:30,Adjusted,55
2023-10-07,2023-10-06 13:00,2023-10-06 16:00,Unbiased,0
2023-10-07,2023-10-06 13:00,2023-10-06 16:00,Adjusted,0
2023-10-07,2023-10-06 20:30,2023-10-07 01:30,Unbiased,0
2023-10-07,2023-10-06 20:30,2023-10-07 01:30,Adjusted,0
2023-10-07,2023-10-07 02:30,2023-10-07 07:30,Unbiased,0
2023-10-07,2023-10-07 02:30,2023-10-07 07:30,Adjusted,3
2023-10-08,2023-10-07 13:00,2023-10-07 16:00,Unbiased,0
2023-10-08,2023-10-07 13:00,2023-10-07 16:00,Adjusted,0
2023-10-08,2023-10-07 20:30,2023-10-08 01:30,Unbiased,0
2023-10-08,2023-10-07 20:30,2023-10-08 01:30,Adjusted,0
2023-10-08,2023-10-08 02:30,2023-10-08 07:30,Unbiased,0
2023-10-08,2023-10-08 02:30,2023-10-08 07:30,Adjusted,0
2023-10-09,2023-10-08 13:00,2023-10-08 16:00,Unbiased,0
2023-10-09,2023-10-08 13:00,2023-10-08 16:00,Adjusted,0
2023-10-09,2023-10-08 20:30,2023-10-09 01:30,Unbiased,0
2023-10-09,2023-10-08 20:30,2023-10-09 01:30,Adjusted,0
2023-10-09,2023-10-09 02:30,2023-10-09 07:30,Unbiased,0
2023-10-09,2023-10-09 02:30,2023-10-09 07:30,Adjusted,0
2023-10-10,2023-10-09 13:00,2023-10-09 16:00,Unbiased,0
2023-10-10,2023-10-09 13:00,2023-10-09 16:00,Adjusted,0
2023-10-10,2023-10-09 20:30,2023-10-10 01:30,Unbiased,0
2023-10-10,2023-10-09 20:30,2023-10-10 01:30,Adjusted,0
2023-10-10,2023-10-10 02:30,2023-10-10 07:30,Unbiased,0
2023-10-10,2023-10-10 02:30,2023-10-10 07:30,Adjusted,0
2023-10-11,2023-10-10 13:00,2023-10-10 16:00,Unbiased,0
2023-10-11,2023-10-10 13:00,2023-10-10 16:00,Adjusted,0
2023-10-11,2023-10-10 20:30,2023-10-11 01:30,Unbiased,0
2023-10-11,2023-10-10 20:30,2023-10-11 01:30,Adjusted,0
2023-10-11,2023-10-11 02:30,2023-10-11 07:30,Unbiased,0
2023-10-11,2023-10-11 02:30,2023-10-11 07:30,Adjusted,0
2023-10-12,2023-10-11 13:00,2023-10-11 16:00,Unbiased,0
2023-10-12,2023-10-11 13:00,2023-10-11 16:00,Adjusted,0
2023-10-12,2023-10-11 20:30,2023-10-12 01:30,Unbiased,0
2023-10-12,2023-10-11 20:30,2023-10-12 01:30,Adjusted,0
2023-10-12,2023-10-12 02:30,2023-10-12 07:30,Unbiased,75
2023-10-12,2023-10-12 02:30,2023-10-12 07:30,Adjusted,106
2023-10-13,2023-10-12 13:00,2023-10-12 16:00,Unbiased,0
2023-10-13,2023-10-12 13:00,2023-10-12 16:00,Adjusted,0
2023-10-13,2023-10-12 20:30,2023-10-13 01:30,Unbiased,0
2023-10-13,2023-10-12 20:30,2023-10-13 01:30,Adjusted,0
2023-10-13,2023-10-13 02:30,2023-10-13 07:30,Unbiased,0
2023-10-13,2023-10-13 02:30,2023-10-13 07:30,Adjusted,0
2023-10-14,2023-10-13 13:00,2023-10-13 16:00,Unbiased,0
2023-10-14,2023-10-13 13:00,2023-10-13 16:00,Adjusted,0
2023-10-14,2023-10-13 20:30,2023-10-14 01:30,Unbiased,41
2023-10-14,2023-10-13 20:30,2023-10-14 01:30,Adjusted,63
2023-10-14,2023-10-14 02:30,2023-10-14 07:30,Unbiased,194
2023-10-14,2023-10-14 02:30,2023-10-14 07:30,Adjusted,207
2023-10-15,2023-10-14 13:00,2023-10-14 16:00,Unbiased,0
2023-10-15,2023-10-14 13:00,2023-10-14 16:00,Adjusted,0
2023-10-15,2023-10-14 20:30,2023-10-15 01:30,Unbiased,99
2023-10-15,2023-10-14 20:30,2023-10-15 01:30,Adjusted,120
2023-10-15,2023-10-15 02:30,2023-10-15 07:30,Unbiased,243
2023-10-15,2023-10-15 02:30,2023-10-15 07:30,Adjusted,256
2023-10-16,2023-10-15 13:00,2023-10-15 16:00,Unbiased,0
2023-10-16,2023-10-15 13:00,2023-10-15 16:00,Adjusted,12
2023-10-16,2023-10-15 20:30,2023-10-16 01:30,Unbiased,139
2023-10-16,2023-10-15 20:30,2023-10-16 01:30,Adjusted,161
2023-10-16,2023-10-16 02:30,2023-10-16 07:30,Unbiased,276
2023-10-16,2023-10-16 02:30,2023-10-16 07:30,Adjusted,288
2023-10-17,2023-10-16 13:00,2023-10-16 16:00,Unbiased,0
2023-10-17,2023-10-16 13:00,2023-10-16 16:00,Adjusted,0
2023-10-17,2023-10-16 20:30,2023-10-17 01:30,Unbiased,87
2023-10-17,2023-10-16 20:30,2023-10-17 01:30,Adjusted,107
2023-10-17,2023-10-17 02:30,2023-10-17 07:30,Unbiased,182
2023-10-17,2023-10-17 02:30,2023-10-17 07:30,Adjusted,197
2023-10-18,2023-10-17 13:00,2023-10-17 16:00,Unbiased,0
2023-10-18,2023-10-17 13:00,2023-10-17 16:00,Adjusted,0
2023-10-18,2023-10-17 20:30,2023-10-18 01:30,Unbiased,33
2023-10-18,2023-10-17 20:30,2023-10-18 01:30,Adjusted,56
2023-10-18,2023-10-18 02:30,2023-10-18 07:30,Unbiased,157
2023-10-18,2023-10-18 02:30,2023-10-18 07:30,Adjusted,181
2023-10-19,2023-10-18 13:00,2023-10-18 16:00,Unbiased,0
2023-10-19,2023-10-18 13:00,2023-10-18 16:00,Adjusted,0
2023-10-19,2023-10-18 20:30,2023-10-19 01:30,Unbiased,0
2023-10-19,2023-10-18 20:30,2023-10-19 01:30,Adjusted,0
2023-10-19,2023-10-19 02:30,2023-10-19 07:30,Unbiased,25
2023-10-19,2023-10-19 02:30,2023-10-19 07:30,Adjusted,53
2023-10-20,2023-10-19 13:00,2023-10-19 16:00,Unbiased,0
2023-10-20,2023-10-19 13:00,2023-10-19 16:00,Adjusted,0
2023-10-20,2023-10-19 20:30,2023-10-20 01:30,Unbiased,0
2023-10-20,2023-10-19 20:30,2023-10-20 01:30,Adjusted,0
2023-10-20,2023-10-20 02:30,2023-10-20 07:30,Unbiased,36
2023-10-20,2023-10-20 02:30,2023-10-20 07:30,Adjusted,62
2023-10-21,2023-10-20 13:00,2023-10-20 16:00,Unbiased,0
2023-10-21,2023-10-20 13:00,2023-10-20 16:00,Adjusted,0
2023-10-21,2023-10-20 20:30,2023-10-21 01:30,Unbiased,0
2023-10-21,2023-10-20 20:30,2023-10-21 01:30,Adjusted,0
2023-10-21,2023-10-21 02:30,2023-10-21 07:30,Unbiased,67
2023-10-21,2023-10-21 02:30,2023-10-21 07:30,Adjusted,97
2023-10-22,2023-10-21 13:00,2023-10-21 16:00,Unbiased,0
2023-10-22,2023-10-21 13:00,2023-10-21 16:00,Adjusted,0
2023-10-22,2023-10-21 20:30,2023-10-22 01:30,Unbiased,69
2023-10-22,2023-10-21 20:30,2023-10-22 01:30,Adjusted,90
2023-10-22,2023-10-22 02:30,2023-10-22 07:30,Unbiased,202
2023-10-22,2023-10-22 02:30,2023-10-22 07:30,Adjusted,216
2023-10-23,2023-10-22 13:00,2023-10-22 16:00,Unbiased,0
2023-10-23,2023-10-22 13:00,2023-10-22 16:00,Adjusted,0
2023-10-23,2023-10-22 20:30,2023-10-23 01:30,Unbiased,33
2023-10-23,2023-10-22 20:30,2023-10-23 01:30,Adjusted,55
2023-10-23,2023-10-23 02:30,2023-10-23 07:30,Unbiased,203
2023-10-23,2023-10-23 02:30,2023-10-23 07:30,Adjusted,213
2023-10-24,2023-10-23 13:00,2023-10-23 16:00,Unbiased,0
2023-10-24,2023-10-23 13:00,2023-10-23 16:00,Adjusted,0
2023-10-24,2023-10-23 20:30,2023-10-24 01:30,Unbiased,43
2023-10-24,2023-10-23 20:30,2023-10-24 01:30,Adjusted,64
2023-10-24,2023-10-24 02:30,2023-10-24 07:30,Unbiased,199
2023-10-24,2023-10-24 02:30,2023-10-24 07:30,Adjusted,212
2023-10-25,2023-10-24 13:00,2023-10-24 16:00,Unbiased,0
2023-10-25,2023-10-24 13:00,2023-10-24 16:00,Adjusted,0
2023-10-25,2023-10-24 20:30,2023-10-25 01:30,Unbiased,68
2023-10-25,2023-10-24 20:30,2023-10-25 01:30,Adjusted,86
2023-10-25,2023-10-25 02:30,2023-10-25 07:30,Unbiased,201
2023-10-25,2023-10-25 02:30,2023-10-25 07:30,Adjusted,217
2023-10-26,2023-10-25 13:00,2023-10-25 16:00,Unbiased,0
2023-10-26,2023-10-25 13:00,2023-10-25 16:00,Adjusted,0
2023-10-26,2023-10-25 20:30,2023-10-26 01:30,Unbiased,78
2023-10-26,2023-10-25 20:30,2023-10-26 01:30,Adjusted,97
2023-10-26,2023-10-26 02:30,2023-10-26 07:30,Unbiased,182
2023-10-26,2023-10-26 02:30,2023-10-26 07:30,Adjusted,200
2023-10-27,2023-10-26 13:00,2023-10-26 16:00,Unbiased,0
2023-10-27,2023-10-26 13:00,2023-10-26 16:00,Adjusted,0
2023-10-27,2023-10-26 20:30,2023-10-27 01:30,Unbiased,44
2023-10-27,2023-10-26 20:30,2023-10-27 01:30,Adjusted,65
2023-10-27,2023-10-27 02:30,2023-10-27 07:30,Unbiased,185
2023-10-27,2023-10-27 02:30,2023-10-27 07:30,Adjusted,201
2023-10-28,2023-10-27 13:00,2023-10-27 16:00,Unbiased,0
2023-10-28,2023-10-27 13:00,2023-10-27 16:00,Adjusted,0
2023-10-28,2023-10-27 20:30,2023-10-28 01:30,Unbiased,55
2023-10-28,2023-10-27 20:30,2023-10-28 01:30,Adjusted,78
2023-10-28,2023-10-28 02:30,2023-10-28 07:30,Unbiased,188
2023-10-28,2023-10-28 02:30,2023-10-28 07:30,Adjusted,205
2023-10-29,2023-10-28 13:00,2023-10-28 16:00,Unbiased,0
2023-10-29,2023-10-28 13:00,2023-10-28 16:00,Adjusted,0
2023-10-29,2023-10-28 20:30,2023-10-29 01:30,Unbiased,12
2023-10-29,2023-10-28 20:30,2023-10-29 01:30,Adjusted,34
2023-10-29,2023-10-29 02:30,2023-10-29 07:30,Unbiased,193
2023-10-29,2023-10-29 02:30,2023-10-29 07:30,Adjusted,205
2023-10-30,2023-10-29 13:00,2023-10-29 16:00,Unbiased,0
2023-10-30,2023-10-29 13:00,2023-10-29 16:00,Adjusted,0
2023-10-30,2023-10-29 20:30,2023-10-30 01:30,Unbiased,81
2023-10-30,2023-10-29 20:30,2023-10-30 01:30,Adjusted,105
2023-10-30,2023-10-30 02:30,2023-10-30 07:30,Unbiased,197
2023-10-30,2023-10-30 02:30,2023-10-30 07:30,Adjusted,211
2023-10-31,2023-10-30 13:00,2023-10-30 16:00,Unbiased,0
2023-10-31,2023-10-30 13:00,2023-10-30 16:00,Adjusted,0
2023-10-31,2023-10-30 20:30,2023-10-31 01:30,Unbiased,81
2023-10-31,2023-10-30 20:30,2023-10-31 01:30,Adjusted,101
2023-10-31,2023-10-31 02:30,2023-10-31 07:30,Unbiased,206
2023-10-31,2023-10-31 02:30,2023-10-31 07:30,Adjusted,226
2023-11-01,2023-10-31 13:00,2023-10-31 16:00,Unbiased,0
2023-11-01,2023-10-31 13:00,2023-10-31 16:00,Adjusted,0
2023-11-01,2023-10-31 20:30,2023-11-01 01:30,Unbiased,26
2023-11-01,2023-10-31 20:30,2023-11-01 01:30,Adjusted,47
2023-11-01,2023-11-01 02:30,2023-11-01 07:30,Unbiased,108
2023-11-01,2023-11-01 02:30,2023-11-01 07:30,Adjusted,135
2023-11-02,2023-11-01 13:00,2023-11-01 16:00,Unbiased,0
2023-11-02,2023-11-01 13:00,2023-11-01 16:00,Adjusted,0
2023-11-02,2023-11-01 20:30,2023-11-02 01:30,Unbiased,80
2023-11-02,2023-11-01 20:30,2023-11-02 01:30,Adjusted,99
2023-11-02,2023-11-02 02:30,2023-11-02 07:30,Unbiased,205
2023-11-02,2023-11-02 02:30,2023-11-02 07:30,Adjusted,222
2023-11-03,2023-11-02 13:00,2023-11-02 16:00,Unbiased,9
2023-11-03,2023-11-02 13:00,2023-11-02 16:00,Adjusted,23
2023-11-03,2023-11-02 20:30,2023-11-03 01:30,Unbiased,109
2023-11-03,2023-11-02 20:30,2023-11-03 01:30,Adjusted,132
2023-11-03,2023-11-03 02:30,2023-11-03 07:30,Unbiased,227
2023-11-03,2023-11-03 02:30,2023-11-03 07:30,Adjusted,241
2023-11-04,2023-11-03 13:00,2023-11-03 16:00,Unbiased,0
2023-11-04,2023-11-03 13:00,2023-11-03 16:00,Adjusted,0
2023-11-04,2023-11-03 20:30,2023-11-04 01:30,Unbiased,142
2023-11-04,2023-11-03 20:30,2023-11-04 01:30,Adjusted,164
2023-11-04,2023-11-04 02:30,2023-11-04 07:30,Unbiased,252
2023-11-04,2023-11-04 02:30,2023-11-04 07:30,Adjusted,266
2023-11-05,2023-11-04 13:00,2023-11-04 16:00,Unbiased,0
2023-11-05,2023-11-04 13:00,2023-11-04 16:00,Adjusted,4
2023-11-05,2023-11-04 20:30,2023-11-05 01:30,Unbiased,98
2023-11-05,2023-11-04 20:30,2023-11-05 01:30,Adjusted,121
2023-11-05,2023-11-05 02:30,2023-11-05 07:30,Unbiased,220
2023-11-05,2023-11-05 02:30,2023-11-05 07:30,Adjusted,235
2023-11-06,2023-11-05 13:00,2023-11-05 16:00,Unbiased,0
2023-11-06,2023-11-05 13:00,2023-11-05 16:00,Adjusted,0
2023-11-06,2023-11-05 20:30,2023-11-06 01:30,Unbiased,113
2023-11-06,2023-11-05 20:30,2023-11-06 01:30,Adjusted,135
2023-11-06,2023-11-06 02:30,2023-11-06 07:30,Unbiased,223
2023-11-06,2023-11-06 02:30,2023-11-06 07:30,Adjusted,241
2023-11-07,2023-11-06 13:00,2023-11-06 16:00,Unbiased,0
2023-11-07,2023-11-06 13:00,2023-11-06 16:00,Adjusted,0
2023-11-07,2023-11-06 20:30,2023-11-07 01:30,Unbiased,129
2023-11-07,2023-11-06 20:30,2023-11-07 01:30,Adjusted,150
2023-11-07,2023-11-07 02:30,2023-11-07 07:30,Unbiased,253
2023-11-07,2023-11-07 02:30,2023-11-07 07:30,Adjusted,268
2023-11-08,2023-11-07 13:00,2023-11-07 16:00,Unbiased,0
2023-11-08,2023-11-07 13:00,2023-11-07 16:00,Adjusted,0
2023-11-08,2023-11-07 20:30,2023-11-08 01:30,Unbiased,134
2023-11-08,2023-11-07 20:30,2023-11-08 01:30,Adjusted,155
2023-11-08,2023-11-08 02:30,2023-11-08 07:30,Unbiased,234
2023-11-08,2023-11-08 02:30,2023-11-08 07:30,Adjusted,251
2023-11-09,2023-11-08 13:00,2023-11-08 16:00,Unbiased,0
2023-11-09,2023-11-08 13:00,2023-11-08 16:00,Adjusted,0
2023-11-09,2023-11-08 20:30,2023-11-09 01:30,Unbiased,142
2023-11-09,2023-11-08 20:30,2023-11-09 01:30,Adjusted,142
2023-11-09,2023-11-09 02:30,2023-11-09 07:30,Unbiased,243
2023-11-09,2023-11-09 02:30,2023-11-09 07:30,Adjusted,243
2023-11-10,2023-11-09 13:00,2023-11-09 16:00,Unbiased,9
2023-11-10,2023-11-09 13:00,2023-11-09 16:00,Adjusted,9
2023-11-10,2023-11-09 20:30,2023-11-10 01:30,Unbiased,163
2023-11-10,2023-11-09 20:30,2023-11-10 01:30,Adjusted,163
2023-11-10,2023-11-10 02:30,2023-11-10 07:30,Unbiased,254
2023-11-10,2023-11-10 02:30,2023-11-10 07:30,Adjusted,254
2023-11-11,2023-11-10 13:00,2023-11-10 16:00,Unbiased,26
2023-11-11,2023-11-10 13:00,2023-11-10 16:00,Adjusted,26
2023-11-11,2023-11-10 20:30,2023-11-11 01:30,Unbiased,186
2023-11-11,2023-11-10 20:30,2023-11-11 01:30,Adjusted,186
2023-11-11,2023-11-11 02:30,2023-11-11 07:30,Unbiased,295
2023-11-11,2023-11-11 02:30,2023-11-11 07:30,Adjusted,295
2023-11-12,2023-11-11 13:00,2023-11-11 16:00,Unbiased,24
2023-11-12,2023-11-11 13:00,2023-11-11 16:00,Adjusted,24
2023-11-12,2023-11-11 20:30,2023-11-12 01:30,Unbiased,180
2023-11-12,2023-11-11 20:30,2023-11-12 01:30,Adjusted,180
2023-11-12,2023-11-12 02:30,2023-11-12 07:30,Unbiased,295
2023-11-12,2023-11-12 02:30,2023-11-12 07:30,Adjusted,295
2023-11-13,2023-11-12 13:00,2023-11-12 16:00,Unbiased,26
2023-11-13,2023-11-12 13:00,2023-11-12 16:00,Adjusted,26
2023-11-13,2023-11-12 20:30,2023-11-13 01:30,Unbiased,110
2023-11-13,2023-11-12 20:30,2023-11-13 01:30,Adjusted,110
2023-11-13,2023-11-13 02:30,2023-11-13 07:30,Unbiased,209
2023-11-13,2023-11-13 02:30,2023-11-13 07:30,Adjusted,209
2023-11-14,2023-11-13 13:00,2023-11-13 16:00,Unbiased,0
2023-11-14,2023-11-13 13:00,2023-11-13 16:00,Adjusted,0
2023-11-14,2023-11-13 20:30,2023-11-14 01:30,Unbiased,44
2023-11-14,2023-11-13 20:30,2023-11-14 01:30,Adjusted,44
2023-11-14,2023-11-14 02:30,2023-11-14 07:30,Unbiased,181
2023-11-14,2023-11-14 02:30,2023-11-14 07:30,Adjusted,181
2023-11-15,2023-11-14 13:00,2023-11-14 16:00,Unbiased,0
2023-11-15,2023-11-14 13:00,2023-11-14 16:00,Adjusted,0
2023-11-15,2023-11-14 20:30,2023-11-15 01:30,Unbiased,0
2023-11-15,2023-11-14 20:30,2023-11-15 01:30,Adjusted,0
2023-11-15,2023-11-15 02:30,2023-11-15 07:30,Unbiased,234
2023-11-15,2023-11-15 02:30,2023-11-15 07:30,Adjusted,249
2023-11-16,2023-11-15 13:00,2023-11-15 16:00,Unbiased,0
2023-11-16,2023-11-15 13:00,2023-11-15 16:00,Adjusted,0
2023-11-16,2023-11-15 20:30,2023-11-16 01:30,Unbiased,150
2023-11-16,2023-11-15 20:30,2023-11-16 01:30,Adjusted,150
2023-11-16,2023-11-16 02:30,2023-11-16 07:30,Unbiased,247
2023-11-16,2023-11-16 02:30,2023-11-16 07:30,Adjusted,247
2023-11-17,2023-11-16 13:00,2023-11-16 16:00,Unbiased,47
2023-11-17,2023-11-16 13:00,2023-11-16 16:00,Adjusted,46
2023-11-17,2023-11-16 20:30,2023-11-17 01:30,Unbiased,174
2023-11-17,2023-11-16 20:30,2023-11-17 01:30,Adjusted,174
2023-11-17,2023-11-17 02:30,2023-11-17 07:30,Unbiased,271
2023-11-17,2023-11-17 02:30,2023-11-17 07:30,Adjusted,271
2023-11-18,2023-11-17 13:00,2023-11-17 16:00,Unbiased,14
2023-11-18,2023-11-17 13:00,2023-11-17 16:00,Adjusted,14
2023-11-18,2023-11-17 20:30,2023-11-18 01:30,Unbiased,116
2023-11-18,2023-11-17 20:30,2023-11-18 01:30,Adjusted,116
2023-11-18,2023-11-18 02:30,2023-11-18 07:30,Unbiased,220
2023-11-18,2023-11-18 02:30,2023-11-18 07:30,Adjusted,220
2023-11-19,2023-11-18 13:00,2023-11-18 16:00,Unbiased,0
2023-11-19,2023-11-18 13:00,2023-11-18 16:00,Adjusted,0
2023-11-19,2023-11-18 20:30,2023-11-19 01:30,Unbiased,40
2023-11-19,2023-11-18 20:30,2023-11-19 01:30,Adjusted,40
2023-11-19,2023-11-19 02:30,2023-11-19 07:30,Unbiased,182
2023-11-19,2023-11-19 02:30,2023-11-19 07:30,Adjusted,182
2023-11-20,2023-11-19 13:00,2023-11-19 16:00,Unbiased,0
2023-11-20,2023-11-19 13:00,2023-11-19 16:00,Adjusted,0
2023-11-20,2023-11-19 20:30,2023-11-20 01:30,Unbiased,55
2023-11-20,2023-11-19 20:30,2023-11-20 01:30,Adjusted,55
2023-11-20,2023-11-20 02:30,2023-11-20 07:30,Unbiased,211
2023-11-20,2023-11-20 02:30,2023-11-20 07:30,Adjusted,211
2023-11-21,2023-11-20 13:00,2023-11-20 16:00,Unbiased,0
2023-11-21,2023-11-20 13:00,2023-11-20 16:00,Adjusted,0
2023-11-21,2023-11-20 20:30,2023-11-21 01:30,Unbiased,59
2023-11-21,2023-11-20 20:30,2023-11-21 01:30,Adjusted,59
2023-11-21,2023-11-21 02:30,2023-11-21 07:30,Unbiased,189
2023-11-21,2023-11-21 02:30,2023-11-21 07:30,Adjusted,189
2023-11-22,2023-11-21 13:00,2023-11-21 16:00,Unbiased,13
2023-11-22,2023-11-21 13:00,2023-11-21 16:00,Adjusted,13
2023-11-22,2023-11-21 20:30,2023-11-22 01:30,Unbiased,149
2023-11-22,2023-11-21 20:30,2023-11-22 01:30,Adjusted,149
2023-11-22,2023-11-22 02:30,2023-11-22 07:30,Unbiased,254
2023-11-22,2023-11-22 02:30,2023-11-22 07:30,Adjusted,254
2023-11-23,2023-11-22 13:00,2023-11-22 16:00,Unbiased,14
2023-11-23,2023-11-22 13:00,2023-11-22 16:00,Adjusted,14
2023-11-23,2023-11-22 20:30,2023-11-23 01:30,Unbiased,127
2023-11-23,2023-11-22 20:30,2023-11-23 01:30,Adjusted,127
2023-11-23,2023-11-23 02:30,2023-11-23 07:30,Unbiased,215
2023-11-23,2023-11-23 02:30,2023-11-23 07:30,Adjusted,215
2023-11-24,2023-11-23 13:00,2023-11-23 16:00,Unbiased,0
2023-11-24,2023-11-23 13:00,2023-11-23 16:00,Adjusted,0
2023-11-24,2023-11-23 20:30,2023-11-24 01:30,Unbiased,67
2023-11-24,2023-11-23 20:30,2023-11-24 01:30,Adjusted,67
2023-11-24,2023-11-24 02:30,2023-11-24 07:30,Unbiased,197
2023-11-24,2023-11-24 02:30,2023-11-24 07:30,Adjusted,197
2023-11-25,2023-11-24 13:00,2023-11-24 16:00,Unbiased,57
2023-11-25,2023-11-24 13:00,2023-11-24 16:00,Adjusted,57
2023-11-25,2023-11-24 20:30,2023-11-25 01:30,Unbiased,207
2023-11-25,2023-11-24 20:30,2023-11-25 01:30,Adjusted,207
2023-11-25,2023-11-25 02:30,2023-11-25 07:30,Unbiased,295
2023-11-25,2023-11-25 02:30,2023-11-25 07:30,Adjusted,295
2023-11-26,2023-11-25 13:00,2023-11-25 16:00,Unbiased,94
2023-11-26,2023-11-25 13:00,2023-11-25 16:00,Adjusted,94
2023-11-26,2023-11-25 20:30,2023-11-26 01:30,Unbiased,223
2023-11-26,2023-11-25 20:30,2023-11-26 01:30,Adjusted,223
2023-11-26,2023-11-26 02:30,2023-11-26 07:30,Unbiased,295
2023-11-26,2023-11-26 02:30,2023-11-26 07:30,Adjusted,295
2023-11-27,2023-11-26 13:00,2023-11-26 16:00,Unbiased,93
2023-11-27,2023-11-26 13:00,2023-11-26 16:00,Adjusted,93
2023-11-27,2023-11-26 20:30,2023-11-27 01:30,Unbiased,147
2023-11-27,2023-11-26 20:30,2023-11-27 01:30,Adjusted,147
2023-11-27,2023-11-27 02:30,2023-11-27 07:30,Unbiased,232
2023-11-27,2023-11-27 02:30,2023-11-27 07:30,Adjusted,232
2023-11-28,2023-11-27 13:00,2023-11-27 16:00,Unbiased,84
2023-11-28,2023-11-27 13:00,2023-11-27 16:00,Adjusted,84
2023-11-28,2023-11-27 20:30,2023-11-28 01:30,Unbiased,195
2023-11-28,2023-11-27 20:30,2023-11-28 01:30,Adjusted,195
2023-11-28,2023-11-28 02:30,2023-11-28 07:30,Unbiased,295
2023-11-28,2023-11-28 02:30,2023-11-28 07:30,Adjusted,295
2023-11-29,2023-11-28 13:00,2023-11-28 16:00,Unbiased,78
2023-11-29,2023-11-28 13:00,2023-11-28 16:00,Adjusted,78
2023-11-29,2023-11-28 20:30,2023-11-29 01:30,Unbiased,216
2023-11-29,2023-11-28 20:30,2023-11-29 01:30,Adjusted,216
2023-11-29,2023-11-29 02:30,2023-11-29 07:30,Unbiased,295
2023-11-29,2023-11-29 02:30,2023-11-29 07:30,Adjusted,295
2023-11-30,2023-11-29 13:00,2023-11-29 16:00,Unbiased,106
2023-11-30,2023-11-29 13:00,2023-11-29 16:00,Adjusted,106
2023-11-30,2023-11-29 20:30,2023-11-30 01:30,Unbiased,245
2023-11-30,2023-11-29 20:30,2023-11-30 01:30,Adjusted,245
2023-11-30,2023-11-30 02:30,2023-11-30 07:30,Unbiased,295
2023-11-30,2023-11-30 02:30,2023-11-30 07:30,Adjusted,295
2023-12-01,2023-11-30 13:00,2023-11-30 16:00,Unbiased,129
2023-12-01,2023-11-30 13:00,2023-11-30 16:00,Adjusted,129
2023-12-01,2023-11-30 20:30,2023-12-01 01:30,Unbiased,266
2023-12-01,2023-11-30 20:30,2023-12-01 01:30,Adjusted,266
2023-12-01,2023-12-01 02:30,2023-12-01 07:30,Unbiased,295
2023-12-01,2023-12-01 02:30,2023-12-01 07:30,Adjusted,295
2023-12-02,2023-12-01 13:00,2023-12-01 16:00,Unbiased,144
2023-12-02,2023-12-01 13:00,2023-12-01 16:00,Adjusted,144
2023-12-02,2023-12-01 20:30,2023-12-02 01:30,Unbiased,271
2023-12-02,2023-12-01 20:30,2023-12-02 01:30,Adjusted,271
2023-12-02,2023-12-02 02:30,2023-12-02 07:30,Unbiased,295
2023-12-02,2023-12-02 02:30,2023-12-02 07:30,Adjusted,295
2023-12-03,2023-12-02 13:00,2023-12-02 16:00,Unbiased,146
2023-12-03,2023-12-02 13:00,2023-12-02 16:00,Adjusted,146
2023-12-03,2023-12-02 20:30,2023-12-03 01:30,Unbiased,283
2023-12-03,2023-12-02 20:30,2023-12-03 01:30,Adjusted,283
2023-12-03,2023-12-03 02:30,2023-12-03 07:30,Unbiased,295
2023-12-03,2023-12-03 02:30,2023-12-03 07:30,Adjusted,295
2023-12-04,2023-12-03 13:00,2023-12-03 16:00,Unbiased,81
2023-12-04,2023-12-03 13:00,2023-12-03 16:00,Adjusted,81
2023-12-04,2023-12-03 20:30,2023-12-04 01:30,Unbiased,177
2023-12-04,2023-12-03 20:30,2023-12-04 01:30,Adjusted,177
2023-12-04,2023-12-04 02:30,2023-12-04 07:30,Unbiased,294
2023-12-04,2023-12-04 02:30,2023-12-04 07:30,Adjusted,294
2023-12-05,2023-12-04 13:00,2023-12-04 16:00,Unbiased,84
2023-12-05,2023-12-04 13:00,2023-12-04 16:00,Adjusted,84
2023-12-05,2023-12-04 20:30,2023-12-05 01:30,Unbiased,201
2023-12-05,2023-12-04 20:30,2023-12-05 01:30,Adjusted,201
2023-12-05,2023-12-05 02:30,2023-12-05 07:30,Unbiased,295
2023-12-05,2023-12-05 02:30,2023-12-05 07:30,Adjusted,295
2023-12-06,2023-12-05 13:00,2023-12-05 16:00,Unbiased,86
2023-12-06,2023-12-05 13:00,2023-12-05 16:00,Adjusted,86
2023-12-06,2023-12-05 20:30,2023-12-06 01:30,Unbiased,206
2023-12-06,2023-12-05 20:30,2023-12-06 01:30,Adjusted,206
2023-12-06,2023-12-06 02:30,2023-12-06 07:30,Unbiased,295
2023-12-06,2023-12-06 02:30,2023-12-06 07:30,Adjusted,295
2023-12-07,2023-12-06 13:00,2023-12-06 16:00,Unbiased,99
2023-12-07,2023-12-06 13:00,2023-12-06 16:00,Adjusted,99
2023-12-07,2023-12-06 20:30,2023-12-07 01:30,Unbiased,213
2023-12-07,2023-12-06 20:30,2023-12-07 01:30,Adjusted,213
2023-12-07,2023-12-07 02:30,2023-12-07 07:30,Unbiased,292
2023-12-07,2023-12-07 02:30,2023-12-07 07:30,Adjusted,292
2023-12-08,2023-12-07 13:00,2023-12-07 16:00,Unbiased,64
2023-12-08,2023-12-07 13:00,2023-12-07 16:00,Adjusted,64
2023-12-08,2023-12-07 20:30,2023-12-08 01:30,Unbiased,158
2023-12-08,2023-12-07 20:30,2023-12-08 01:30,Adjusted,158
2023-12-08,2023-12-08 02:30,2023-12-08 07:30,Unbiased,253
2023-12-08,2023-12-08 02:30,2023-12-08 07:30,Adjusted,253
2023-12-09,2023-12-08 13:00,2023-12-08 16:00,Unbiased,10
2023-12-09,2023-12-08 13:00,2023-12-08 16:00,Adjusted,10
2023-12-09,2023-12-08 20:30,2023-12-09 01:30,Unbiased,132
2023-12-09,2023-12-08 20:30,2023-12-09 01:30,Adjusted,132
2023-12-09,2023-12-09 02:30,2023-12-09 07:30,Unbiased,234
2023-12-09,2023-12-09 02:30,2023-12-09 07:30,Adjusted,234
2023-12-10,2023-12-09 13:00,2023-12-09 16:00,Unbiased,1
2023-12-10,2023-12-09 13:00,2023-12-09 16:00,Adjusted,1
2023-12-10,2023-12-09 20:30,2023-12-10 01:30,Unbiased,126
2023-12-10,2023-12-09 20:30,2023-12-10 01:30,Adjusted,126
2023-12-10,2023-12-10 02:30,2023-12-10 07:30,Unbiased,241
2023-12-10,2023-12-10 02:30,2023-12-10 07:30,Adjusted,241
2023-12-11,2023-12-10 13:00,2023-12-10 16:00,Unbiased,5
2023-12-11,2023-12-10 13:00,2023-12-10 16:00,Adjusted,5
2023-12-11,2023-12-10 20:30,2023-12-11 01:30,Unbiased,96
2023-12-11,2023-12-10 20:30,2023-12-11 01:30,Adjusted,96
2023-12-11,2023-12-11 02:30,2023-12-11 07:30,Unbiased,213
2023-12-11,2023-12-11 02:30,2023-12-11 07:30,Adjusted,213
2023-12-12,2023-12-11 13:00,2023-12-11 16:00,Unbiased,0
2023-12-12,2023-12-11 13:00,2023-12-11 16:00,Adjusted,0
2023-12-12,2023-12-11 20:30,2023-12-12 01:30,Unbiased,102
2023-12-12,2023-12-11 20:30,2023-12-12 01:30,Adjusted,102
2023-12-12,2023-12-12 02:30,2023-12-12 07:30,Unbiased,200
2023-12-12,2023-12-12 02:30,2023-12-12 07:30,Adjusted,200
2023-12-13,2023-12-12 13:00,2023-12-12 16:00,Unbiased,0
2023-12-13,2023-12-12 13:00,2023-12-12 16:00,Adjusted,0
2023-12-13,2023-12-12 20:30,2023-12-13 01:30,Unbiased,114
2023-12-13,2023-12-12 20:30,2023-12-13 01:30,Adjusted,125
2023-12-13,2023-12-13 02:30,2023-12-13 07:30,Unbiased,234
2023-12-13,2023-12-13 02:30,2023-12-13 07:30,Adjusted,250
2023-12-14,2023-12-13 13:00,2023-12-13 16:00,Unbiased,65
2023-12-14,2023-12-13 13:00,2023-12-13 16:00,Adjusted,65
2023-12-14,2023-12-13 20:30,2023-12-14 01:30,Unbiased,188
2023-12-14,2023-12-13 20:30,2023-12-14 01:30,Adjusted,188
2023-12-14,2023-12-14 02:30,2023-12-14 07:30,Unbiased,284
2023-12-14,2023-12-14 02:30,2023-12-14 07:30,Adjusted,284
2023-12-15,2023-12-14 13:00,2023-12-14 16:00,Unbiased,60
2023-12-15,2023-12-14 13:00,2023-12-14 16:00,Adjusted,60
2023-12-15,2023-12-14 20:30,2023-12-15 01:30,Unbiased,159
2023-12-15,2023-12-14 20:30,2023-12-15 01:30,Adjusted,159
2023-12-15,2023-12-15 02:30,2023-12-15 07:30,Unbiased,254
2023-12-15,2023-12-15 02:30,2023-12-15 07:30,Adjusted,254
2023-12-16,2023-12-15 13:00,2023-12-15 16:00,Unbiased,30
2023-12-16,2023-12-15 13:00,2023-12-15 16:00,Adjusted,30
2023-12-16,2023-12-15 20:30,2023-12-16 01:30,Unbiased,158
2023-12-16,2023-12-15 20:30,2023-12-16 01:30,Adjusted,158
2023-12-16,2023-12-16 02:30,2023-12-16 07:30,Unbiased,240
2023-12-16,2023-12-16 02:30,2023-12-16 07:30,Adjusted,240
2023-12-17,2023-12-16 13:00,2023-12-16 16:00,Unbiased,0
2023-12-17,2023-12-16 13:00,2023-12-16 16:00,Adjusted,0
2023-12-17,2023-12-16 20:30,2023-12-17 01:30,Unbiased,80
2023-12-17,2023-12-16 20:30,2023-12-17 01:30,Adjusted,80
2023-12-17,2023-12-17 02:30,2023-12-17 07:30,Unbiased,202
2023-12-17,2023-12-17 02:30,2023-12-17 07:30,Adjusted,202
2023-12-18,2023-12-17 13:00,2023-12-17 16:00,Unbiased,1
2023-12-18,2023-12-17 13:00,2023-12-17 16:00,Adjusted,1
2023-12-18,2023-12-17 20:30,2023-12-18 01:30,Unbiased,86
2023-12-18,2023-12-17 20:30,2023-12-18 01:30,Adjusted,86
2023-12-18,2023-12-18 02:30,2023-12-18 07:30,Unbiased,203
2023-12-18,2023-12-18 02:30,2023-12-18 07:30,Adjusted,203
2023-12-19,2023-12-18 13:00,2023-12-18 16:00,Unbiased,0
2023-12-19,2023-12-18 13:00,2023-12-18 16:00,Adjusted,0
2023-12-19,2023-12-18 20:30,2023-12-19 01:30,Unbiased,32
2023-12-19,2023-12-18 20:30,2023-12-19 01:30,Adjusted,32
2023-12-19,2023-12-19 02:30,2023-12-19 07:30,Unbiased,145
2023-12-19,2023-12-19 02:30,2023-12-19 07:30,Adjusted,145
2023-12-20,2023-12-19 13:00,2023-12-19 16:00,Unbiased,15
2023-12-20,2023-12-19 13:00,2023-12-19 16:00,Adjusted,15
2023-12-20,2023-12-19 20:30,2023-12-20 01:30,Unbiased,186
2023-12-20,2023-12-19 20:30,2023-12-20 01:30,Adjusted,186
2023-12-20,2023-12-20 02:30,2023-12-20 07:30,Unbiased,295
2023-12-20,2023-12-20 02:30,2023-12-20 07:30,Adjusted,295
2023-12-21,2023-12-20 13:00,2023-12-20 16:00,Unbiased,20
2023-12-21,2023-12-20 13:00,2023-12-20 16:00,Adjusted,20
2023-12-21,2023-12-20 20:30,2023-12-21 01:30,Unbiased,95
2023-12-21,2023-12-20 20:30,2023-12-21 01:30,Adjusted,95
2023-12-21,2023-12-21 02:30,2023-12-21 07:30,Unbiased,189
2023-12-21,2023-12-21 02:30,2023-12-21 07:30,Adjusted,189
2023-12-22,2023-12-21 13:00,2023-12-21 16:00,Unbiased,0
2023-12-22,2023-12-21 13:00,2023-12-21 16:00,Adjusted,0
2023-12-22,2023-12-21 20:30,2023-12-22 01:30,Unbiased,86
2023-12-22,2023-12-21 20:30,2023-12-22 01:30,Adjusted,86
2023-12-22,2023-12-22 02:30,2023-12-22 07:30,Unbiased,208
2023-12-22,2023-12-22 02:30,2023-12-22 07:30,Adjusted,208
2023-12-23,2023-12-22 13:00,2023-12-22 16:00,Unbiased,0
2023-12-23,2023-12-22 13:00,2023-12-22 16:00,Adjusted,0
2023-12-23,2023-12-22 20:30,2023-12-23 01:30,Unbiased,98
2023-12-23,2023-12-22 20:30,2023-12-23 01:30,Adjusted,98
2023-12-23,2023-12-23 02:30,2023-12-23 07:30,Unbiased,218
2023-12-23,2023-12-23 02:30,2023-12-23 07:30,Adjusted,218
2023-12-24,2023-12-23 13:00,2023-12-23 16:00,Unbiased,0
2023-12-24,2023-12-23 13:00,2023-12-23 16:00,Adjusted,0
2023-12-24,2023-12-23 20:30,2023-12-24 01:30,Unbiased,63
2023-12-24,2023-12-23 20:30,2023-12-24 01:30,Adjusted,63
2023-12-24,2023-12-24 02:30,2023-12-24 07:30,Unbiased,154
2023-12-24,2023-12-24 02:30,2023-12-24 07:30,Adjusted,154
2023-12-25,2023-12-24 13:00,2023-12-24 16:00,Unbiased,0
2023-12-25,2023-12-24 13:00,2023-12-24 16:00,Adjusted,0
2023-12-25,2023-12-24 20:30,2023-12-25 01:30,Unbiased,0
2023-12-25,2023-12-24 20:30,2023-12-25 01:30,Adjusted,0
2023-12-25,2023-12-25 02:30,2023-12-25 07:30,Unbiased,117
2023-12-25,2023-12-25 02:30,2023-12-25 07:30,Adjusted,117
2023-12-26,2023-12-25 13:00,2023-12-25 16:00,Unbiased,0
2023-12-26,2023-12-25 13:00,2023-12-25 16:00,Adjusted,0
2023-12-26,2023-12-25 20:30,2023-12-26 01:30,Unbiased,70
2023-12-26,2023-12-25 20:30,2023-12-26 01:30,Adjusted,70
2023-12-26,2023-12-26 02:30,2023-12-26 07:30,Unbiased,222
2023-12-26,2023-12-26 02:30,2023-12-26 07:30,Adjusted,222
2023-12-27,2023-12-26 13:00,2023-12-26 16:00,Unbiased,32
2023-12-27,2023-12-26 13:00,2023-12-26 16:00,Adjusted,32
2023-12-27,2023-12-26 20:30,2023-12-27 01:30,Unbiased,164
2023-12-27,2023-12-26 20:30,2023-12-27 01:30,Adjusted,164
2023-12-27,2023-12-27 02:30,2023-12-27 07:30,Unbiased,260
2023-12-27,2023-12-27 02:30,2023-12-27 07:30,Adjusted,260
2023-12-28,2023-12-27 13:00,2023-12-27 16:00,Unbiased,0
2023-12-28,2023-12-27 13:00,2023-12-27 16:00,Adjusted,0
2023-12-28,2023-12-27 20:30,2023-12-28 01:30,Unbiased,73
2023-12-28,2023-12-27 20:30,2023-12-28 01:30,Adjusted,73
2023-12-28,2023-12-28 02:30,2023-12-28 07:30,Unbiased,190
2023-12-28,2023-12-28 02:30,2023-12-28 07:30,Adjusted,190
2023-12-29,2023-12-28 13:00,2023-12-28 16:00,Unbiased,0
2023-12-29,2023-12-28 13:00,2023-12-28 16:00,Adjusted,0
2023-12-29,2023-12-28 20:30,2023-12-29 01:30,Unbiased,88
2023-12-29,2023-12-28 20:30,2023-12-29 01:30,Adjusted,88
2023-12-29,2023-12-29 02:30,2023-12-29 07:30,Unbiased,208
2023-12-29,2023-12-29 02:30,2023-12-29 07:30,Adjusted,208
2023-12-30,2023-12-29 13:00,2023-12-29 16:00,Unbiased,8
2023-12-30,2023-12-29 13:00,2023-12-29 16:00,Adjusted,8
2023-12-30,2023-12-29 20:30,2023-12-30 01:30,Unbiased,163
2023-12-30,2023-12-29 20:30,2023-12-30 01:30,Adjusted,163
2023-12-30,2023-12-30 02:30,2023-12-30 07:30,Unbiased,269
2023-12-30,2023-12-30 02:30,2023-12-30 07:30,Adjusted,269
2023-12-31,2023-12-30 13:00,2023-12-30 16:00,Unbiased,0
2023-12-31,2023-12-30 13:00,2023-12-30 16:00,Adjusted,0
2023-12-31,2023-12-30 20:30,2023-12-31 01:30,Unbiased,74
2023-12-31,2023-12-30 20:30,2023-12-31 01:30,Adjusted,74
2023-12-31,2023-12-31 02:30,2023-12-31 07:30,Unbiased,229
2023-12-31,2023-12-31 02:30,2023-12-31 07:30,Adjusted,229
2024-01-01,2023-12-31 13:00,2023-12-31 16:00,Unbiased,20
2024-01-01,2023-12-31 13:00,2023-12-31 16:00,Adjusted,20
2024-01-01,2023-12-31 20:30,2024-01-01 01:30,Unbiased,154
2024-01-01,2023-12-31 20:30,2024-01-01 01:30,Adjusted,142
2024-01-01,2024-01-01 02:30,2024-01-01 07:30,Unbiased,247
2024-01-01,2024-01-01 02:30,2024-01-01 07:30,Adjusted,231
2024-01-02,2024-01-01 13:00,2024-01-01 16:00,Unbiased,35
2024-01-02,2024-01-01 13:00,2024-01-01 16:00,Adjusted,21
2024-01-02,2024-01-01 20:30,2024-01-02 01:30,Unbiased,90
2024-01-02,2024-01-01 20:30,2024-01-02 01:30,Adjusted,69
2024-01-02,2024-01-02 02:30,2024-01-02 07:30,Unbiased,201
2024-01-02,2024-01-02 02:30,2024-01-02 07:30,Adjusted,185
2024-01-03,2024-01-02 13:00,2024-01-02 16:00,Unbiased,0
2024-01-03,2024-01-02 13:00,2024-01-02 16:00,Adjusted,0
2024-01-03,2024-01-02 20:30,2024-01-03 01:30,Unbiased,97
2024-01-03,2024-01-02 20:30,2024-01-03 01:30,Adjusted,72
2024-01-03,2024-01-03 02:30,2024-01-03 07:30,Unbiased,216
2024-01-03,2024-01-03 02:30,2024-01-03 07:30,Adjusted,197
2024-01-04,2024-01-03 13:00,2024-01-03 16:00,Unbiased,3
2024-01-04,2024-01-03 13:00,2024-01-03 16:00,Adjusted,0
2024-01-04,2024-01-03 20:30,2024-01-04 01:30,Unbiased,126
2024-01-04,2024-01-03 20:30,2024-01-04 01:30,Adjusted,105
2024-01-04,2024-01-04 02:30,2024-01-04 07:30,Unbiased,231
2024-01-04,2024-01-04 02:30,2024-01-04 07:30,Adjusted,216
2024-01-05,2024-01-04 13:00,2024-01-04 16:00,Unbiased,38
2024-01-05,2024-01-04 13:00,2024-01-04 16:00,Adjusted,24
2024-01-05,2024-01-04 20:30,2024-01-05 01:30,Unbiased,172
2024-01-05,2024-01-04 20:30,2024-01-05 01:30,Adjusted,163
2024-01-05,2024-01-05 02:30,2024-01-05 07:30,Unbiased,295
2024-01-05,2024-01-05 02:30,2024-01-05 07:30,Adjusted,283
2024-01-06,2024-01-05 13:00,2024-01-05 16:00,Unbiased,66
2024-01-06,2024-01-05 13:00,2024-01-05 16:00,Adjusted,51
2024-01-06,2024-01-05 20:30,2024-01-06 01:30,Unbiased,196
2024-01-06,2024-01-05 20:30,2024-01-06 01:30,Adjusted,183
2024-01-06,2024-01-06 02:30,2024-01-06 07:30,Unbiased,287
2024-01-06,2024-01-06 02:30,2024-01-06 07:30,Adjusted,272
2024-01-07,2024-01-06 13:00,2024-01-06 16:00,Unbiased,84
2024-01-07,2024-01-06 13:00,2024-01-06 16:00,Adjusted,71
2024-01-07,2024-01-06 20:30,2024-01-07 01:30,Unbiased,213
2024-01-07,2024-01-06 20:30,2024-01-07 01:30,Adjusted,203
2024-01-07,2024-01-07 02:30,2024-01-07 07:30,Unbiased,295
2024-01-07,2024-01-07 02:30,2024-01-07 07:30,Adjusted,295
2024-01-08,2024-01-07 13:00,2024-01-07 16:00,Unbiased,122
2024-01-08,2024-01-07 13:00,2024-01-07 16:00,Adjusted,114
2024-01-08,2024-01-07 20:30,2024-01-08 01:30,Unbiased,240
2024-01-08,2024-01-07 20:30,2024-01-08 01:30,Adjusted,231
2024-01-08,2024-01-08 02:30,2024-01-08 07:30,Unbiased,295
2024-01-08,2024-01-08 02:30,2024-01-08 07:30,Adjusted,295
2024-01-09,2024-01-08 13:00,2024-01-08 16:00,Unbiased,142
2024-01-09,2024-01-08 13:00,2024-01-08 16:00,Adjusted,137
2024-01-09,2024-01-08 20:30,2024-01-09 01:30,Unbiased,259
2024-01-09,2024-01-08 20:30,2024-01-09 01:30,Adjusted,248
2024-01-09,2024-01-09 02:30,2024-01-09 07:30,Unbiased,295
2024-01-09,2024-01-09 02:30,2024-01-09 07:30,Adjusted,295
2024-01-10,2024-01-09 13:00,2024-01-09 16:00,Unbiased,0
2024-01-10,2024-01-09 13:00,2024-01-09 16:00,Adjusted,0
2024-01-10,2024-01-09 20:30,2024-01-10 01:30,Unbiased,100
2024-01-10,2024-01-09 20:30,2024-01-10 01:30,Adjusted,100
2024-01-10,2024-01-10 02:30,2024-01-10 07:30,Unbiased,295
2024-01-10,2024-01-10 02:30,2024-01-10 07:30,Adjusted,295
2024-01-11,2024-01-10 13:00,2024-01-10 16:00,Unbiased,124
2024-01-11,2024-01-10 13:00,2024-01-10 16:00,Adjusted,117
2024-01-11,2024-01-10 20:30,2024-01-11 01:30,Unbiased,251
2024-01-11,2024-01-10 20:30,2024-01-11 01:30,Adjusted,241
2024-01-11,2024-01-11 02:30,2024-01-11 07:30,Unbiased,295
2024-01-11,2024-01-11 02:30,2024-01-11 07:30,Adjusted,295
2024-01-12,2024-01-11 13:00,2024-01-11 16:00,Unbiased,135
2024-01-12,2024-01-11 13:00,2024-01-11 16:00,Adjusted,127
2024-01-12,2024-01-11 20:30,2024-01-12 01:30,Unbiased,224
2024-01-12,2024-01-11 20:30,2024-01-12 01:30,Adjusted,214
2024-01-12,2024-01-12 02:30,2024-01-12 07:30,Unbiased,295
2024-01-12,2024-01-12 02:30,2024-01-12 07:30,Adjusted,295
2024-01-13,2024-01-12 13:00,2024-01-12 16:00,Unbiased,108
2024-01-13,2024-01-12 13:00,2024-01-12 16:00,Adjusted,94
2024-01-13,2024-01-12 20:30,2024-01-13 01:30,Unbiased,215
2024-01-13,2024-01-12 20:30,2024-01-13 01:30,Adjusted,203
2024-01-13,2024-01-13 02:30,2024-01-13 07:30,Unbiased,295
2024-01-13,2024-01-13 02:30,2024-01-13 07:30,Adjusted,295
2024-01-14,2024-01-13 13:00,2024-01-13 16:00,Unbiased,115
2024-01-14,2024-01-13 13:00,2024-01-13 16:00,Adjusted,101
2024-01-14,2024-01-13 20:30,2024-01-14 01:30,Unbiased,215
2024-01-14,2024-01-13 20:30,2024-01-14 01:30,Adjusted,205
2024-01-14,2024-01-14 02:30,2024-01-14 07:30,Unbiased,295
2024-01-14,2024-01-14 02:30,2024-01-14 07:30,Adjusted,295
2024-01-15,2024-01-14 13:00,2024-01-14 16:00,Unbiased,85
2024-01-15,2024-01-14 13:00,2024-01-14 16:00,Adjusted,72
2024-01-15,2024-01-14 20:30,2024-01-15 01:30,Unbiased,212
2024-01-15,2024-01-14 20:30,2024-01-15 01:30,Adjusted,201
2024-01-15,2024-01-15 02:30,2024-01-15 07:30,Unbiased,295
2024-01-15,2024-01-15 02:30,2024-01-15 07:30,Adjusted,295
2024-01-16,2024-01-15 13:00,2024-01-15 16:00,Unbiased,135
2024-01-16,2024-01-15 13:00,2024-01-15 16:00,Adjusted,127
2024-01-16,2024-01-15 20:30,2024-01-16 01:30,Unbiased,271
2024-01-16,2024-01-15 20:30,2024-01-16 01:30,Adjusted,260
2024-01-16,2024-01-16 02:30,2024-01-16 07:30,Unbiased,295
2024-01-16,2024-01-16 02:30,2024-01-16 07:30,Adjusted,295
2024-01-17,2024-01-16 13:00,2024-01-16 16:00,Unbiased,133
2024-01-17,2024-01-16 13:00,2024-01-16 16:00,Adjusted,125
2024-01-17,2024-01-16 20:30,2024-01-17 01:30,Unbiased,257
2024-01-17,2024-01-16 20:30,2024-01-17 01:30,Adjusted,246
2024-01-17,2024-01-17 02:30,2024-01-17 07:30,Unbiased,295
2024-01-17,2024-01-17 02:30,2024-01-17 07:30,Adjusted,295
2024-01-18,2024-01-17 13:00,2024-01-17 16:00,Unbiased,138
2024-01-18,2024-01-17 13:00,2024-01-17 16:00,Adjusted,130
2024-01-18,2024-01-17 20:30,2024-01-18 01:30,Unbiased,279
2024-01-18,2024-01-17 20:30,2024-01-18 01:30,Adjusted,271
2024-01-18,2024-01-18 02:30,2024-01-18 07:30,Unbiased,295
2024-01-18,2024-01-18 02:30,2024-01-18 07:30,Adjusted,295
2024-01-19,2024-01-18 13:00,2024-01-18 16:00,Unbiased,146
2024-01-19,2024-01-18 13:00,2024-01-18 16:00,Adjusted,138
2024-01-19,2024-01-18 20:30,2024-01-19 01:30,Unbiased,273
2024-01-19,2024-01-18 20:30,2024-01-19 01:30,Adjusted,262
2024-01-19,2024-01-19 02:30,2024-01-19 07:30,Unbiased,295
2024-01-19,2024-01-19 02:30,2024-01-19 07:30,Adjusted,295
2024-01-20,2024-01-19 13:00,2024-01-19 16:00,Unbiased,129
2024-01-20,2024-01-19 13:00,2024-01-19 16:00,Adjusted,120
2024-01-20,2024-01-19 20:30,2024-01-20 01:30,Unbiased,247
2024-01-20,2024-01-19 20:30,2024-01-20 01:30,Adjusted,237
2024-01-20,2024-01-20 02:30,2024-01-20 07:30,Unbiased,295
2024-01-20,2024-01-20 02:30,2024-01-20 07:30,Adjusted,295
2024-01-21,2024-01-20 13:00,2024-01-20 16:00,Unbiased,94
2024-01-21,2024-01-20 13:00,2024-01-20 16:00,Adjusted,79
2024-01-21,2024-01-20 20:30,2024-01-21 01:30,Unbiased,206
2024-01-21,2024-01-20 20:30,2024-01-21 01:30,Adjusted,194
2024-01-21,2024-01-21 02:30,2024-01-21 07:30,Unbiased,295
2024-01-21,2024-01-21 02:30,2024-01-21 07:30,Adjusted,294
2024-01-22,2024-01-21 13:00,2024-01-21 16:00,Unbiased,0
2024-01-22,2024-01-21 13:00,2024-01-21 16:00,Adjusted,0
2024-01-22,2024-01-21 20:30,2024-01-22 01:30,Unbiased,49
2024-01-22,2024-01-21 20:30,2024-01-22 01:30,Adjusted,28
2024-01-22,2024-01-22 02:30,2024-01-22 07:30,Unbiased,171
2024-01-22,2024-01-22 02:30,2024-01-22 07:30,Adjusted,163
2024-01-23,2024-01-22 13:00,2024-01-22 16:00,Unbiased,1
2024-01-23,2024-01-22 13:00,2024-01-22 16:00,Adjusted,0
2024-01-23,2024-01-22 20:30,2024-01-23 01:30,Unbiased,159
2024-01-23,2024-01-22 20:30,2024-01-23 01:30,Adjusted,138
2024-01-23,2024-01-23 02:30,2024-01-23 07:30,Unbiased,271
2024-01-23,2024-01-23 02:30,2024-01-23 07:30,Adjusted,258
2024-01-24,2024-01-23 13:00,2024-01-23 16:00,Unbiased,2
2024-01-24,2024-01-23 13:00,2024-01-23 16:00,Adjusted,0
2024-01-24,2024-01-23 20:30,2024-01-24 01:30,Unbiased,29
2024-01-24,2024-01-23 20:30,2024-01-24 01:30,Adjusted,6
2024-01-24,2024-01-24 02:30,2024-01-24 07:30,Unbiased,180
2024-01-24,2024-01-24 02:30,2024-01-24 07:30,Adjusted,165
2024-01-25,2024-01-24 13:00,2024-01-24 16:00,Unbiased,0
2024-01-25,2024-01-24 13:00,2024-01-24 16:00,Adjusted,0
2024-01-25,2024-01-24 20:30,2024-01-25 01:30,Unbiased,116
2024-01-25,2024-01-24 20:30,2024-01-25 01:30,Adjusted,94
2024-01-25,2024-01-25 02:30,2024-01-25 07:30,Unbiased,234
2024-01-25,2024-01-25 02:30,2024-01-25 07:30,Adjusted,217
2024-01-26,2024-01-25 13:00,2024-01-25 16:00,Unbiased,0
2024-01-26,2024-01-25 13:00,2024-01-25 16:00,Adjusted,0
2024-01-26,2024-01-25 20:30,2024-01-26 01:30,Unbiased,28
2024-01-26,2024-01-25 20:30,2024-01-26 01:30,Adjusted,6
2024-01-26,2024-01-26 02:30,2024-01-26 07:30,Unbiased,156
2024-01-26,2024-01-26 02:30,2024-01-26 07:30,Adjusted,140
2024-01-27,2024-01-26 13:00,2024-01-26 16:00,Unbiased,12
2024-01-27,2024-01-26 13:00,2024-01-26 16:00,Adjusted,0
2024-01-27,2024-01-26 20:30,2024-01-27 01:30,Unbiased,181
2024-01-27,2024-01-26 20:30,2024-01-27 01:30,Adjusted,171
2024-01-27,2024-01-27 02:30,2024-01-27 07:30,Unbiased,295
2024-01-27,2024-01-27 02:30,2024-01-27 07:30,Adjusted,280
2024-01-28,2024-01-27 13:00,2024-01-27 16:00,Unbiased,42
2024-01-28,2024-01-27 13:00,2024-01-27 16:00,Adjusted,27
2024-01-28,2024-01-27 20:30,2024-01-28 01:30,Unbiased,191
2024-01-28,2024-01-27 20:30,2024-01-28 01:30,Adjusted,180
2024-01-28,2024-01-28 02:30,2024-01-28 07:30,Unbiased,295
2024-01-28,2024-01-28 02:30,2024-01-28 07:30,Adjusted,285
2024-01-29,2024-01-28 13:00,2024-01-28 16:00,Unbiased,1
2024-01-29,2024-01-28 13:00,2024-01-28 16:00,Adjusted,0
2024-01-29,2024-01-28 20:30,2024-01-29 01:30,Unbiased,118
2024-01-29,2024-01-28 20:30,2024-01-29 01:30,Adjusted,97
2024-01-29,2024-01-29 02:30,2024-01-29 07:30,Unbiased,208
2024-01-29,2024-01-29 02:30,2024-01-29 07:30,Adjusted,191
2024-01-30,2024-01-29 13:00,2024-01-29 16:00,Unbiased,0
2024-01-30,2024-01-29 13:00,2024-01-29 16:00,Adjusted,0
2024-01-30,2024-01-29 20:30,2024-01-30 01:30,Unbiased,37
2024-01-30,2024-01-29 20:30,2024-01-30 01:30,Adjusted,17
2024-01-30,2024-01-30 02:30,2024-01-30 07:30,Unbiased,191
2024-01-30,2024-01-30 02:30,2024-01-30 07:30,Adjusted,176
2024-01-31,2024-01-30 13:00,2024-01-30 16:00,Unbiased,18
2024-01-31,2024-01-30 13:00,2024-01-30 16:00,Adjusted,5
2024-01-31,2024-01-30 20:30,2024-01-31 01:30,Unbiased,132
2024-01-31,2024-01-30 20:30,2024-01-31 01:30,Adjusted,112
2024-01-31,2024-01-31 02:30,2024-01-31 07:30,Unbiased,242
2024-01-31,2024-01-31 02:30,2024-01-31 07:30,Adjusted,228
2024-02-01,2024-01-31 13:00,2024-01-31 16:00,Unbiased,10
2024-02-01,2024-01-31 13:00,2024-01-31 16:00,Adjusted,0
2024-02-01,2024-01-31 20:30,2024-02-01 01:30,Unbiased,78
2024-02-01,2024-01-31 20:30,2024-02-01 01:30,Adjusted,56
2024-02-01,2024-02-01 02:30,2024-02-01 07:30,Unbiased,240
2024-02-01,2024-02-01 02:30,2024-02-01 07:30,Adjusted,228
2024-02-02,2024-02-01 13:00,2024-02-01 16:00,Unbiased,18
2024-02-02,2024-02-01 13:00,2024-02-01 16:00,Adjusted,3
2024-02-02,2024-02-01 20:30,2024-02-02 01:30,Unbiased,182
2024-02-02,2024-02-01 20:30,2024-02-02 01:30,Adjusted,173
2024-02-02,2024-02-02 02:30,2024-02-02 07:30,Unbiased,285
2024-02-02,2024-02-02 02:30,2024-02-02 07:30,Adjusted,268
2024-02-03,2024-02-02 13:00,2024-02-02 16:00,Unbiased,0
2024-02-03,2024-02-02 13:00,2024-02-02 16:00,Adjusted,0
2024-02-03,2024-02-02 20:30,2024-02-03 01:30,Unbiased,67
2024-02-03,2024-02-02 20:30,2024-02-03 01:30,Adjusted,45
2024-02-03,2024-02-03 02:30,2024-02-03 07:30,Unbiased,186
2024-02-03,2024-02-03 02:30,2024-02-03 07:30,Adjusted,159
2024-02-04,2024-02-03 13:00,2024-02-03 16:00,Unbiased,0
2024-02-04,2024-02-03 13:00,2024-02-03 16:00,Adjusted,0
2024-02-04,2024-02-03 20:30,2024-02-04 01:30,Unbiased,40
2024-02-04,2024-02-03 20:30,2024-02-04 01:30,Adjusted,18
2024-02-04,2024-02-04 02:30,2024-02-04 07:30,Unbiased,175
2024-02-04,2024-02-04 02:30,2024-02-04 07:30,Adjusted,147
2024-02-05,2024-02-04 13:00,2024-02-04 16:00,Unbiased,0
2024-02-05,2024-02-04 13:00,2024-02-04 16:00,Adjusted,0
2024-02-05,2024-02-04 20:30,2024-02-05 01:30,Unbiased,75
2024-02-05,2024-02-04 20:30,2024-02-05 01:30,Adjusted,53
2024-02-05,2024-02-05 02:30,2024-02-05 07:30,Unbiased,204
2024-02-05,2024-02-05 02:30,2024-02-05 07:30,Adjusted,189
2024-02-06,2024-02-05 13:00,2024-02-05 16:00,Unbiased,0
2024-02-06,2024-02-05 13:00,2024-02-05 16:00,Adjusted,0
2024-02-06,2024-02-05 20:30,2024-02-06 01:30,Unbiased,62
2024-02-06,2024-02-05 20:30,2024-02-06 01:30,Adjusted,40
2024-02-06,2024-02-06 02:30,2024-02-06 07:30,Unbiased,167
2024-02-06,2024-02-06 02:30,2024-02-06 07:30,Adjusted,135
2024-02-07,2024-02-06 13:00,2024-02-06 16:00,Unbiased,0
2024-02-07,2024-02-06 13:00,2024-02-06 16:00,Adjusted,0
2024-02-07,2024-02-06 20:30,2024-02-07 01:30,Unbiased,150
2024-02-07,2024-02-06 20:30,2024-02-07 01:30,Adjusted,147
2024-02-07,2024-02-07 02:30,2024-02-07 07:30,Unbiased,295
2024-02-07,2024-02-07 02:30,2024-02-07 07:30,Adjusted,295
2024-02-08,2024-02-07 13:00,2024-02-07 16:00,Unbiased,86
2024-02-08,2024-02-07 13:00,2024-02-07 16:00,Adjusted,71
2024-02-08,2024-02-07 20:30,2024-02-08 01:30,Unbiased,192
2024-02-08,2024-02-07 20:30,2024-02-08 01:30,Adjusted,183
2024-02-08,2024-02-08 02:30,2024-02-08 07:30,Unbiased,294
2024-02-08,2024-02-08 02:30,2024-02-08 07:30,Adjusted,278
2024-02-09,2024-02-08 13:00,2024-02-08 16:00,Unbiased,39
2024-02-09,2024-02-08 13:00,2024-02-08 16:00,Adjusted,23
2024-02-09,2024-02-08 20:30,2024-02-09 01:30,Unbiased,99
2024-02-09,2024-02-08 20:30,2024-02-09 01:30,Adjusted,79
2024-02-09,2024-02-09 02:30,2024-02-09 07:30,Unbiased,204
2024-02-09,2024-02-09 02:30,2024-02-09 07:30,Adjusted,191
2024-02-10,2024-02-09 13:00,2024-02-09 16:00,Unbiased,0
2024-02-10,2024-02-09 13:00,2024-02-09 16:00,Adjusted,0
2024-02-10,2024-02-09 20:30,2024-02-10 01:30,Unbiased,83
2024-02-10,2024-02-09 20:30,2024-02-10 01:30,Adjusted,62
2024-02-10,2024-02-10 02:30,2024-02-10 07:30,Unbiased,205
2024-02-10,2024-02-10 02:30,2024-02-10 07:30,Adjusted,190
2024-02-11,2024-02-10 13:00,2024-02-10 16:00,Unbiased,0
2024-02-11,2024-02-10 13:00,2024-02-10 16:00,Adjusted,0
2024-02-11,2024-02-10 20:30,2024-02-11 01:30,Unbiased,119
2024-02-11,2024-02-10 20:30,2024-02-11 01:30,Adjusted,95
2024-02-11,2024-02-11 02:30,2024-02-11 07:30,Unbiased,247
2024-02-11,2024-02-11 02:30,2024-02-11 07:30,Adjusted,229
2024-02-12,2024-02-11 13:00,2024-02-11 16:00,Unbiased,0
2024-02-12,2024-02-11 13:00,2024-02-11 16:00,Adjusted,0
2024-02-12,2024-02-11 20:30,2024-02-12 01:30,Unbiased,170
2024-02-12,2024-02-11 20:30,2024-02-12 01:30,Adjusted,155
2024-02-12,2024-02-12 02:30,2024-02-12 07:30,Unbiased,286
2024-02-12,2024-02-12 02:30,2024-02-12 07:30,Adjusted,270
2024-02-13,2024-02-12 13:00,2024-02-12 16:00,Unbiased,24
2024-02-13,2024-02-12 13:00,2024-02-12 16:00,Adjusted,8
2024-02-13,2024-02-12 20:30,2024-02-13 01:30,Unbiased,181
2024-02-13,2024-02-12 20:30,2024-02-13 01:30,Adjusted,167
2024-02-13,2024-02-13 02:30,2024-02-13 07:30,Unbiased,281
2024-02-13,2024-02-13 02:30,2024-02-13 07:30,Adjusted,267
2024-02-14,2024-02-13 13:00,2024-02-13 16:00,Unbiased,31
2024-02-14,2024-02-13 13:00,2024-02-13 16:00,Adjusted,16
2024-02-14,2024-02-13 20:30,2024-02-14 01:30,Unbiased,73
2024-02-14,2024-02-13 20:30,2024-02-14 01:30,Adjusted,51
2024-02-14,2024-02-14 02:30,2024-02-14 07:30,Unbiased,177
2024-02-14,2024-02-14 02:30,2024-02-14 07:30,Adjusted,147
2024-02-15,2024-02-14 13:00,2024-02-14 16:00,Unbiased,0
2024-02-15,2024-02-14 13:00,2024-02-14 16:00,Adjusted,0
2024-02-15,2024-02-14 20:30,2024-02-15 01:30,Unbiased,19
2024-02-15,2024-02-14 20:30,2024-02-15 01:30,Adjusted,0
2024-02-15,2024-02-15 02:30,2024-02-15 07:30,Unbiased,117
2024-02-15,2024-02-15 02:30,2024-02-15 07:30,Adjusted,84
2024-02-16,2024-02-15 13:00,2024-02-15 16:00,Unbiased,0
2024-02-16,2024-02-15 13:00,2024-02-15 16:00,Adjusted,0
2024-02-16,2024-02-15 20:30,2024-02-16 01:30,Unbiased,0
2024-02-16,2024-02-15 20:30,2024-02-16 01:30,Adjusted,0
2024-02-16,2024-02-16 02:30,2024-02-16 07:30,Unbiased,142
2024-02-16,2024-02-16 02:30,2024-02-16 07:30,Adjusted,110
2024-02-17,2024-02-16 13:00,2024-02-16 16:00,Unbiased,0
2024-02-17,2024-02-16 13:00,2024-02-16 16:00,Adjusted,0
2024-02-17,2024-02-16 20:30,2024-02-17 01:30,Unbiased,38
2024-02-17,2024-02-16 20:30,2024-02-17 01:30,Adjusted,17
2024-02-17,2024-02-17 02:30,2024-02-17 07:30,Unbiased,173
2024-02-17,2024-02-17 02:30,2024-02-17 07:30,Adjusted,147
2024-02-18,2024-02-17 13:00,2024-02-17 16:00,Unbiased,0
2024-02-18,2024-02-17 13:00,2024-02-17 16:00,Adjusted,0
2024-02-18,2024-02-17 20:30,2024-02-18 01:30,Unbiased,51
2024-02-18,2024-02-17 20:30,2024-02-18 01:30,Adjusted,31
2024-02-18,2024-02-18 02:30,2024-02-18 07:30,Unbiased,184
2024-02-18,2024-02-18 02:30,2024-02-18 07:30,Adjusted,164
2024-02-19,2024-02-18 13:00,2024-02-18 16:00,Unbiased,0
2024-02-19,2024-02-18 13:00,2024-02-18 16:00,Adjusted,0
2024-02-19,2024-02-18 20:30,2024-02-19 01:30,Unbiased,51
2024-02-19,2024-02-18 20:30,2024-02-19 01:30,Adjusted,24
2024-02-19,2024-02-19 02:30,2024-02-19 07:30,Unbiased,216
2024-02-19,2024-02-19 02:30,2024-02-19 07:30,Adjusted,204
2024-02-20,2024-02-19 13:00,2024-02-19 16:00,Unbiased,0
2024-02-20,2024-02-19 13:00,2024-02-19 16:00,Adjusted,0
2024-02-20,2024-02-19 20:30,2024-02-20 01:30,Unbiased,97
2024-02-20,2024-02-19 20:30,2024-02-20 01:30,Adjusted,76
2024-02-20,2024-02-20 02:30,2024-02-20 07:30,Unbiased,232
2024-02-20,2024-02-20 02:30,2024-02-20 07:30,Adjusted,218
2024-02-21,2024-02-20 13:00,2024-02-20 16:00,Unbiased,0
2024-02-21,2024-02-20 13:00,2024-02-20 16:00,Adjusted,0
2024-02-21,2024-02-20 20:30,2024-02-21 01:30,Unbiased,91
2024-02-21,2024-02-20 20:30,2024-02-21 01:30,Adjusted,71
2024-02-21,2024-02-21 02:30,2024-02-21 07:30,Unbiased,204
2024-02-21,2024-02-21 02:30,2024-02-21 07:30,Adjusted,189
2024-02-22,2024-02-21 13:00,2024-02-21 16:00,Unbiased,3
2024-02-22,2024-02-21 13:00,2024-02-21 16:00,Adjusted,0
2024-02-22,2024-02-21 20:30,2024-02-22 01:30,Unbiased,87
2024-02-22,2024-02-21 20:30,2024-02-22 01:30,Adjusted,68
2024-02-22,2024-02-22 02:30,2024-02-22 07:30,Unbiased,211
2024-02-22,2024-02-22 02:30,2024-02-22 07:30,Adjusted,193
2024-02-23,2024-02-22 13:00,2024-02-22 16:00,Unbiased,43
2024-02-23,2024-02-22 13:00,2024-02-22 16:00,Adjusted,30
2024-02-23,2024-02-22 20:30,2024-02-23 01:30,Unbiased,210
2024-02-23,2024-02-22 20:30,2024-02-23 01:30,Adjusted,200
2024-02-23,2024-02-23 02:30,2024-02-23 07:30,Unbiased,295
2024-02-23,2024-02-23 02:30,2024-02-23 07:30,Adjusted,295
2024-02-24,2024-02-23 13:00,2024-02-23 16:00,Unbiased,0
2024-02-24,2024-02-23 13:00,2024-02-23 16:00,Adjusted,0
2024-02-24,2024-02-23 20:30,2024-02-24 01:30,Unbiased,203
2024-02-24,2024-02-23 20:30,2024-02-24 01:30,Adjusted,194
2024-02-24,2024-02-24 02:30,2024-02-24 07:30,Unbiased,295
2024-02-24,2024-02-24 02:30,2024-02-24 07:30,Adjusted,295
2024-02-25,2024-02-24 13:00,2024-02-24 16:00,Unbiased,30
2024-02-25,2024-02-24 13:00,2024-02-24 16:00,Adjusted,16
2024-02-25,2024-02-24 20:30,2024-02-25 01:30,Unbiased,189
2024-02-25,2024-02-24 20:30,2024-02-25 01:30,Adjusted,180
2024-02-25,2024-02-25 02:30,2024-02-25 07:30,Unbiased,295
2024-02-25,2024-02-25 02:30,2024-02-25 07:30,Adjusted,291
2024-02-26,2024-02-25 13:00,2024-02-25 16:00,Unbiased,73
2024-02-26,2024-02-25 13:00,2024-02-25 16:00,Adjusted,59
2024-02-26,2024-02-25 20:30,2024-02-26 01:30,Unbiased,207
2024-02-26,2024-02-25 20:30,2024-02-26 01:30,Adjusted,197
2024-02-26,2024-02-26 02:30,2024-02-26 07:30,Unbiased,295
2024-02-26,2024-02-26 02:30,2024-02-26 07:30,Adjusted,284
2024-02-27,2024-02-26 13:00,2024-02-26 16:00,Unbiased,52
2024-02-27,2024-02-26 13:00,2024-02-26 16:00,Adjusted,38
2024-02-27,2024-02-26 20:30,2024-02-27 01:30,Unbiased,209
2024-02-27,2024-02-26 20:30,2024-02-27 01:30,Adjusted,200
2024-02-27,2024-02-27 02:30,2024-02-27 07:30,Unbiased,295
2024-02-27,2024-02-27 02:30,2024-02-27 07:30,Adjusted,295
2024-02-28,2024-02-27 13:00,2024-02-27 16:00,Unbiased,33
2024-02-28,2024-02-27 13:00,2024-02-27 16:00,Adjusted,16
2024-02-28,2024-02-27 20:30,2024-02-28 01:30,Unbiased,149
2024-02-28,2024-02-27 20:30,2024-02-28 01:30,Adjusted,126
2024-02-28,2024-02-28 02:30,2024-02-28 07:30,Unbiased,256
2024-02-28,2024-02-28 02:30,2024-02-28 07:30,Adjusted,238
2024-02-29,2024-02-28 13:00,2024-02-28 16:00,Unbiased,0
2024-02-29,2024-02-28 13:00,2024-02-28 16:00,Adjusted,0
2024-02-29,2024-02-28 20:30,2024-02-29 01:30,Unbiased,61
2024-02-29,2024-02-28 20:30,2024-02-29 01:30,Adjusted,39
2024-02-29,2024-02-29 02:30,2024-02-29 07:30,Unbiased,187
2024-02-29,2024-02-29 02:30,2024-02-29 07:30,Adjusted,171
2024-03-01,2024-02-29 13:00,2024-02-29 16:00,Unbiased,13
2024-03-01,2024-02-29 13:00,2024-02-29 16:00,Adjusted,0
2024-03-01,2024-02-29 20:30,2024-03-01 01:30,Unbiased,180
2024-03-01,2024-02-29 20:30,2024-03-01 01:30,Adjusted,170
2024-03-01,2024-03-01 02:30,2024-03-01 07:30,Unbiased,295
2024-03-01,2024-03-01 02:30,2024-03-01 07:30,Adjusted,295
2024-03-02,2024-03-01 13:00,2024-03-01 16:00,Unbiased,42
2024-03-02,2024-03-01 13:00,2024-03-01 16:00,Adjusted,42
2024-03-02,2024-03-01 20:30,2024-03-02 01:30,Unbiased,210
2024-03-02,2024-03-01 20:30,2024-03-02 01:30,Adjusted,210
2024-03-02,2024-03-02 02:30,2024-03-02 07:30,Unbiased,295
2024-03-02,2024-03-02 02:30,2024-03-02 07:30,Adjusted,295
2024-03-03,2024-03-02 13:00,2024-03-02 16:00,Unbiased,43
2024-03-03,2024-03-02 13:00,2024-03-02 16:00,Adjusted,43
2024-03-03,2024-03-02 20:30,2024-03-03 01:30,Unbiased,196
2024-03-03,2024-03-02 20:30,2024-03-03 01:30,Adjusted,196
2024-03-03,2024-03-03 02:30,2024-03-03 07:30,Unbiased,295
2024-03-03,2024-03-03 02:30,2024-03-03 07:30,Adjusted,295
2024-03-04,2024-03-03 13:00,2024-03-03 16:00,Unbiased,4
2024-03-04,2024-03-03 13:00,2024-03-03 16:00,Adjusted,4
2024-03-04,2024-03-03 20:30,2024-03-04 01:30,Unbiased,175
2024-03-04,2024-03-03 20:30,2024-03-04 01:30,Adjusted,175
2024-03-04,2024-03-04 02:30,2024-03-04 07:30,Unbiased,291
2024-03-04,2024-03-04 02:30,2024-03-04 07:30,Adjusted,291
2024-03-05,2024-03-04 13:00,2024-03-04 16:00,Unbiased,0
2024-03-05,2024-03-04 13:00,2024-03-04 16:00,Adjusted,0
2024-03-05,2024-03-04 20:30,2024-03-05 01:30,Unbiased,146
2024-03-05,2024-03-04 20:30,2024-03-05 01:30,Adjusted,146
2024-03-05,2024-03-05 02:30,2024-03-05 07:30,Unbiased,258
2024-03-05,2024-03-05 02:30,2024-03-05 07:30,Adjusted,258
2024-03-06,2024-03-05 13:00,2024-03-05 16:00,Unbiased,10
2024-03-06,2024-03-05 13:00,2024-03-05 16:00,Adjusted,10
2024-03-06,2024-03-05 20:30,2024-03-06 01:30,Unbiased,167
2024-03-06,2024-03-05 20:30,2024-03-06 01:30,Adjusted,167
2024-03-06,2024-03-06 02:30,2024-03-06 07:30,Unbiased,265
2024-03-06,2024-03-06 02:30,2024-03-06 07:30,Adjusted,265
2024-03-07,2024-03-06 13:00,2024-03-06 16:00,Unbiased,0
2024-03-07,2024-03-06 13:00,2024-03-06 16:00,Adjusted,0
2024-03-07,2024-03-06 20:30,2024-03-07 01:30,Unbiased,172
2024-03-07,2024-03-06 20:30,2024-03-07 01:30,Adjusted,172
2024-03-07,2024-03-07 02:30,2024-03-07 07:30,Unbiased,275
2024-03-07,2024-03-07 02:30,2024-03-07 07:30,Adjusted,275
2024-03-08,2024-03-07 13:00,2024-03-07 16:00,Unbiased,22
2024-03-08,2024-03-07 13:00,2024-03-07 16:00,Adjusted,22
2024-03-08,2024-03-07 20:30,2024-03-08 01:30,Unbiased,196
2024-03-08,2024-03-07 20:30,2024-03-08 01:30,Adjusted,196
2024-03-08,2024-03-08 02:30,2024-03-08 07:30,Unbiased,295
2024-03-08,2024-03-08 02:30,2024-03-08 07:30,Adjusted,295
2024-03-09,2024-03-08 13:00,2024-03-08 16:00,Unbiased,40
2024-03-09,2024-03-08 13:00,2024-03-08 16:00,Adjusted,40
2024-03-09,2024-03-08 20:30,2024-03-09 01:30,Unbiased,185
2024-03-09,2024-03-08 20:30,2024-03-09 01:30,Adjusted,185
2024-03-09,2024-03-09 02:30,2024-03-09 07:30,Unbiased,269
2024-03-09,2024-03-09 02:30,2024-03-09 07:30,Adjusted,269
2024-03-10,2024-03-09 13:00,2024-03-09 16:00,Unbiased,0
2024-03-10,2024-03-09 13:00,2024-03-09 16:00,Adjusted,0
2024-03-10,2024-03-09 20:30,2024-03-10 01:30,Unbiased,116
2024-03-10,2024-03-09 20:30,2024-03-10 01:30,Adjusted,116
2024-03-10,2024-03-10 02:30,2024-03-10 07:30,Unbiased,228
2024-03-10,2024-03-10 02:30,2024-03-10 07:30,Adjusted,228
2024-03-11,2024-03-10 13:00,2024-03-10 16:00,Unbiased,47
2024-03-11,2024-03-10 13:00,2024-03-10 16:00,Adjusted,47
2024-03-11,2024-03-10 20:30,2024-03-11 01:30,Unbiased,170
2024-03-11,2024-03-10 20:30,2024-03-11 01:30,Adjusted,170
2024-03-11,2024-03-11 02:30,2024-03-11 07:30,Unbiased,263
2024-03-11,2024-03-11 02:30,2024-03-11 07:30,Adjusted,263
2024-03-12,2024-03-11 13:00,2024-03-11 16:00,Unbiased,44
2024-03-12,2024-03-11 13:00,2024-03-11 16:00,Adjusted,44
2024-03-12,2024-03-11 20:30,2024-03-12 01:30,Unbiased,142
2024-03-12,2024-03-11 20:30,2024-03-12 01:30,Adjusted,142
2024-03-12,2024-03-12 02:30,2024-03-12 07:30,Unbiased,246
2024-03-12,2024-03-12 02:30,2024-03-12 07:30,Adjusted,246
2024-03-13,2024-03-12 13:00,2024-03-12 16:00,Unbiased,0
2024-03-13,2024-03-12 13:00,2024-03-12 16:00,Adjusted,0
2024-03-13,2024-03-12 20:30,2024-03-13 01:30,Unbiased,0
2024-03-13,2024-03-12 20:30,2024-03-13 01:30,Adjusted,0
2024-03-13,2024-03-13 02:30,2024-03-13 07:30,Unbiased,180
2024-03-13,2024-03-13 02:30,2024-03-13 07:30,Adjusted,180
2024-03-14,2024-03-13 13:00,2024-03-13 16:00,Unbiased,0
2024-03-14,2024-03-13 13:00,2024-03-13 16:00,Adjusted,0
2024-03-14,2024-03-13 20:30,2024-03-14 01:30,Unbiased,55
2024-03-14,2024-03-13 20:30,2024-03-14 01:30,Adjusted,55
2024-03-14,2024-03-14 02:30,2024-03-14 07:30,Unbiased,200
2024-03-14,2024-03-14 02:30,2024-03-14 07:30,Adjusted,200
2024-03-15,2024-03-14 13:00,2024-03-14 16:00,Unbiased,0
2024-03-15,2024-03-14 13:00,2024-03-14 16:00,Adjusted,0
2024-03-15,2024-03-14 20:30,2024-03-15 01:30,Unbiased,2
2024-03-15,2024-03-14 20:30,2024-03-15 01:30,Adjusted,2
2024-03-15,2024-03-15 02:30,2024-03-15 07:30,Unbiased,134
2024-03-15,2024-03-15 02:30,2024-03-15 07:30,Adjusted,134
2024-03-16,2024-03-15 13:00,2024-03-15 16:00,Unbiased,0
2024-03-16,2024-03-15 13:00,2024-03-15 16:00,Adjusted,0
2024-03-16,2024-03-15 20:30,2024-03-16 01:30,Unbiased,70
2024-03-16,2024-03-15 20:30,2024-03-16 01:30,Adjusted,70
2024-03-16,2024-03-16 02:30,2024-03-16 07:30,Unbiased,195
2024-03-16,2024-03-16 02:30,2024-03-16 07:30,Adjusted,195
2024-03-17,2024-03-16 13:00,2024-03-16 16:00,Unbiased,0
2024-03-17,2024-03-16 13:00,2024-03-16 16:00,Adjusted,0
2024-03-17,2024-03-16 20:30,2024-03-17 01:30,Unbiased,50
2024-03-17,2024-03-16 20:30,2024-03-17 01:30,Adjusted,50
2024-03-17,2024-03-17 02:30,2024-03-17 07:30,Unbiased,155
2024-03-17,2024-03-17 02:30,2024-03-17 07:30,Adjusted,155
2024-03-18,2024-03-17 13:00,2024-03-17 16:00,Unbiased,0
2024-03-18,2024-03-17 13:00,2024-03-17 16:00,Adjusted,0
2024-03-18,2024-03-17 20:30,2024-03-18 01:30,Unbiased,32
2024-03-18,2024-03-17 20:30,2024-03-18 01:30,Adjusted,32
2024-03-18,2024-03-18 02:30,2024-03-18 07:30,Unbiased,181
2024-03-18,2024-03-18 02:30,2024-03-18 07:30,Adjusted,181
2024-03-19,2024-03-18 13:00,2024-03-18 16:00,Unbiased,0
2024-03-19,2024-03-18 13:00,2024-03-18 16:00,Adjusted,0
2024-03-19,2024-03-18 20:30,2024-03-19 01:30,Unbiased,21
2024-03-19,2024-03-18 20:30,2024-03-19 01:30,Adjusted,21
2024-03-19,2024-03-19 02:30,2024-03-19 07:30,Unbiased,155
2024-03-19,2024-03-19 02:30,2024-03-19 07:30,Adjusted,155
2024-03-20,2024-03-19 13:00,2024-03-19 16:00,Unbiased,0
2024-03-20,2024-03-19 13:00,2024-03-19 16:00,Adjusted,0
2024-03-20,2024-03-19 20:30,2024-03-20 01:30,Unbiased,21
2024-03-20,2024-03-19 20:30,2024-03-20 01:30,Adjusted,21
2024-03-20,2024-03-20 02:30,2024-03-20 07:30,Unbiased,155
2024-03-20,2024-03-20 02:30,2024-03-20 07:30,Adjusted,155
2024-03-21,2024-03-20 13:00,2024-03-20 16:00,Unbiased,0
2024-03-21,2024-03-20 13:00,2024-03-20 16:00,Adjusted,0
2024-03-21,2024-03-20 20:30,2024-03-21 01:30,Unbiased,14
2024-03-21,2024-03-20 20:30,2024-03-21 01:30,Adjusted,14
2024-03-21,2024-03-21 02:30,2024-03-21 07:30,Unbiased,182
2024-03-21,2024-03-21 02:30,2024-03-21 07:30,Adjusted,182
2024-03-22,2024-03-21 13:00,2024-03-21 16:00,Unbiased,0
2024-03-22,2024-03-21 13:00,2024-03-21 16:00,Adjusted,0
2024-03-22,2024-03-21 20:30,2024-03-22 01:30,Unbiased,10
2024-03-22,2024-03-21 20:30,2024-03-22 01:30,Adjusted,10
2024-03-22,2024-03-22 02:30,2024-03-22 07:30,Unbiased,162
2024-03-22,2024-03-22 02:30,2024-03-22 07:30,Adjusted,162
2024-03-23,2024-03-22 13:00,2024-03-22 16:00,Unbiased,0
2024-03-23,2024-03-22 13:00,2024-03-22 16:00,Adjusted,0
2024-03-23,2024-03-22 20:30,2024-03-23 01:30,Unbiased,142
2024-03-23,2024-03-22 20:30,2024-03-23 01:30,Adjusted,142
2024-03-23,2024-03-23 02:30,2024-03-23 07:30,Unbiased,269
2024-03-23,2024-03-23 02:30,2024-03-23 07:30,Adjusted,269
2024-03-24,2024-03-23 13:00,2024-03-23 16:00,Unbiased,0
2024-03-24,2024-03-23 13:00,2024-03-23 16:00,Adjusted,0
2024-03-24,2024-03-23 20:30,2024-03-24 01:30,Unbiased,156
2024-03-24,2024-03-23 20:30,2024-03-24 01:30,Adjusted,156
2024-03-24,2024-03-24 02:30,2024-03-24 07:30,Unbiased,266
2024-03-24,2024-03-24 02:30,2024-03-24 07:30,Adjusted,266
2024-03-25,2024-03-24 13:00,2024-03-24 16:00,Unbiased,0
2024-03-25,2024-03-24 13:00,2024-03-24 16:00,Adjusted,0
2024-03-25,2024-03-24 20:30,2024-03-25 01:30,Unbiased,109
2024-03-25,2024-03-24 20:30,2024-03-25 01:30,Adjusted,109
2024-03-25,2024-03-25 02:30,2024-03-25 07:30,Unbiased,232
2024-03-25,2024-03-25 02:30,2024-03-25 07:30,Adjusted,232
2024-03-26,2024-03-25 13:00,2024-03-25 16:00,Unbiased,0
2024-03-26,2024-03-25 13:00,2024-03-25 16:00,Adjusted,0
2024-03-26,2024-03-25 20:30,2024-03-26 01:30,Unbiased,113
2024-03-26,2024-03-25 20:30,2024-03-26 01:30,Adjusted,113
2024-03-26,2024-03-26 02:30,2024-03-26 07:30,Unbiased,229
2024-03-26,2024-03-26 02:30,2024-03-26 07:30,Adjusted,229
2024-03-27,2024-03-26 13:00,2024-03-26 16:00,Unbiased,0
2024-03-27,2024-03-26 13:00,2024-03-26 16:00,Adjusted,0
2024-03-27,2024-03-26 20:30,2024-03-27 01:30,Unbiased,152
2024-03-27,2024-03-26 20:30,2024-03-27 01:30,Adjusted,152
2024-03-27,2024-03-27 02:30,2024-03-27 07:30,Unbiased,269
2024-03-27,2024-03-27 02:30,2024-03-27 07:30,Adjusted,269
2024-03-28,2024-03-27 13:00,2024-03-27 16:00,Unbiased,0
2024-03-28,2024-03-27 13:00,2024-03-27 16:00,Adjusted,0
2024-03-28,2024-03-27 20:30,2024-03-28 01:30,Unbiased,131
2024-03-28,2024-03-27 20:30,2024-03-28 01:30,Adjusted,131
2024-03-28,2024-03-28 02:30,2024-03-28 07:30,Unbiased,253
2024-03-28,2024-03-28 02:30,2024-03-28 07:30,Adjusted,253
2024-03-29,2024-03-28 13:00,2024-03-28 16:00,Unbiased,5
2024-03-29,2024-03-28 13:00,2024-03-28 16:00,Adjusted,5
2024-03-29,2024-03-28 20:30,2024-03-29 01:30,Unbiased,108
2024-03-29,2024-03-28 20:30,2024-03-29 01:30,Adjusted,108
2024-03-29,2024-03-29 02:30,2024-03-29 07:30,Unbiased,229
2024-03-29,2024-03-29 02:30,2024-03-29 07:30,Adjusted,229
2024-03-30,2024-03-29 13:00,2024-03-29 16:00,Unbiased,0
2024-03-30,2024-03-29 13:00,2024-03-29 16:00,Adjusted,0
2024-03-30,2024-03-29 20:30,2024-03-30 01:30,Unbiased,94
2024-03-30,2024-03-29 20:30,2024-03-30 01:30,Adjusted,94
2024-03-30,2024-03-30 02:30,2024-03-30 07:30,Unbiased,225
2024-03-30,2024-03-30 02:30,2024-03-30 07:30,Adjusted,225
2024-03-31,2024-03-30 13:00,2024-03-30 16:00,Unbiased,0
2024-03-31,2024-03-30 13:00,2024-03-30 16:00,Adjusted,0
2024-03-31,2024-03-30 20:30,2024-03-31 01:30,Unbiased,89
2024-03-31,2024-03-30 20:30,2024-03-31 01:30,Adjusted,89
2024-03-31,2024-03-31 02:30,2024-03-31 07:30,Unbiased,231
2024-03-31,2024-03-31 02:30,2024-03-31 07:30,Adjusted,231
2024-04-01,2024-03-31 13:00,2024-03-31 16:00,Unbiased,0
2024-04-01,2024-03-31 13:00,2024-03-31 16:00,Adjusted,0
2024-04-01,2024-03-31 20:30,2024-04-01 01:30,Unbiased,83
2024-04-01,2024-03-31 20:30,2024-04-01 01:30,Adjusted,95
2024-04-01,2024-04-01 02:30,2024-04-01 07:30,Unbiased,200
2024-04-01,2024-04-01 02:30,2024-04-01 07:30,Adjusted,213
2024-04-02,2024-04-01 13:00,2024-04-01 16:00,Unbiased,0
2024-04-02,2024-04-01 13:00,2024-04-01 16:00,Adjusted,0
2024-04-02,2024-04-01 20:30,2024-04-02 01:30,Unbiased,34
2024-04-02,2024-04-01 20:30,2024-04-02 01:30,Adjusted,56
2024-04-02,2024-04-02 02:30,2024-04-02 07:30,Unbiased,180
2024-04-02,2024-04-02 02:30,2024-04-02 07:30,Adjusted,195
2024-04-03,2024-04-02 13:00,2024-04-02 16:00,Unbiased,0
2024-04-03,2024-04-02 13:00,2024-04-02 16:00,Adjusted,0
2024-04-03,2024-04-02 20:30,2024-04-03 01:30,Unbiased,58
2024-04-03,2024-04-02 20:30,2024-04-03 01:30,Adjusted,79
2024-04-03,2024-04-03 02:30,2024-04-03 07:30,Unbiased,172
2024-04-03,2024-04-03 02:30,2024-04-03 07:30,Adjusted,193
2024-04-04,2024-04-03 13:00,2024-04-03 16:00,Unbiased,0
2024-04-04,2024-04-03 13:00,2024-04-03 16:00,Adjusted,0
2024-04-04,2024-04-03 20:30,2024-04-04 01:30,Unbiased,39
2024-04-04,2024-04-03 20:30,2024-04-04 01:30,Adjusted,63
2024-04-04,2024-04-04 02:30,2024-04-04 07:30,Unbiased,150
2024-04-04,2024-04-04 02:30,2024-04-04 07:30,Adjusted,173
2024-04-05,2024-04-04 13:00,2024-04-04 16:00,Unbiased,0
2024-04-05,2024-04-04 13:00,2024-04-04 16:00,Adjusted,0
2024-04-05,2024-04-04 20:30,2024-04-05 01:30,Unbiased,0
2024-04-05,2024-04-04 20:30,2024-04-05 01:30,Adjusted,11
2024-04-05,2024-04-05 02:30,2024-04-05 07:30,Unbiased,97
2024-04-05,2024-04-05 02:30,2024-04-05 07:30,Adjusted,130
2024-04-06,2024-04-05 13:00,2024-04-05 16:00,Unbiased,0
2024-04-06,2024-04-05 13:00,2024-04-05 16:00,Adjusted,0
2024-04-06,2024-04-05 20:30,2024-04-06 01:30,Unbiased,0
2024-04-06,2024-04-05 20:30,2024-04-06 01:30,Adjusted,0
2024-04-06,2024-04-06 02:30,2024-04-06 07:30,Unbiased,22
2024-04-06,2024-04-06 02:30,2024-04-06 07:30,Adjusted,51
2024-04-07,2024-04-06 13:00,2024-04-06 16:00,Unbiased,0
2024-04-07,2024-04-06 13:00,2024-04-06 16:00,Adjusted,0
2024-04-07,2024-04-06 20:30,2024-04-07 01:30,Unbiased,0
2024-04-07,2024-04-06 20:30,2024-04-07 01:30,Adjusted,0
2024-04-07,2024-04-07 02:30,2024-04-07 07:30,Unbiased,100
2024-04-07,2024-04-07 02:30,2024-04-07 07:30,Adjusted,126
2024-04-08,2024-04-07 13:00,2024-04-07 16:00,Unbiased,0
2024-04-08,2024-04-07 13:00,2024-04-07 16:00,Adjusted,0
2024-04-08,2024-04-07 20:30,2024-04-08 01:30,Unbiased,0
2024-04-08,2024-04-07 20:30,2024-04-08 01:30,Adjusted,14
2024-04-08,2024-04-08 02:30,2024-04-08 07:30,Unbiased,151
2024-04-08,2024-04-08 02:30,2024-04-08 07:30,Adjusted,177
2024-04-09,2024-04-08 13:00,2024-04-08 16:00,Unbiased,0
2024-04-09,2024-04-08 13:00,2024-04-08 16:00,Adjusted,0
2024-04-09,2024-04-08 20:30,2024-04-09 01:30,Unbiased,0
2024-04-09,2024-04-08 20:30,2024-04-09 01:30,Adjusted,24
2024-04-09,2024-04-09 02:30,2024-04-09 07:30,Unbiased,178
2024-04-09,2024-04-09 02:30,2024-04-09 07:30,Adjusted,196
2024-04-10,2024-04-09 13:00,2024-04-09 16:00,Unbiased,0
2024-04-10,2024-04-09 13:00,2024-04-09 16:00,Adjusted,0
2024-04-10,2024-04-09 20:30,2024-04-10 01:30,Unbiased,74
2024-04-10,2024-04-09 20:30,2024-04-10 01:30,Adjusted,85
2024-04-10,2024-04-10 02:30,2024-04-10 07:30,Unbiased,238
2024-04-10,2024-04-10 02:30,2024-04-10 07:30,Adjusted,252
2024-04-11,2024-04-10 13:00,2024-04-10 16:00,Unbiased,0
2024-04-11,2024-04-10 13:00,2024-04-10 16:00,Adjusted,0
2024-04-11,2024-04-10 20:30,2024-04-11 01:30,Unbiased,0
2024-04-11,2024-04-10 20:30,2024-04-11 01:30,Adjusted,21
2024-04-11,2024-04-11 02:30,2024-04-11 07:30,Unbiased,97
2024-04-11,2024-04-11 02:30,2024-04-11 07:30,Adjusted,128
2024-04-12,2024-04-11 13:00,2024-04-11 16:00,Unbiased,0
2024-04-12,2024-04-11 13:00,2024-04-11 16:00,Adjusted,0
2024-04-12,2024-04-11 20:30,2024-04-12 01:30,Unbiased,0
2024-04-12,2024-04-11 20:30,2024-04-12 01:30,Adjusted,0
2024-04-12,2024-04-12 02:30,2024-04-12 07:30,Unbiased,125
2024-04-12,2024-04-12 02:30,2024-04-12 07:30,Adjusted,152
2024-04-13,2024-04-12 13:00,2024-04-12 16:00,Unbiased,0
2024-04-13,2024-04-12 13:00,2024-04-12 16:00,Adjusted,0
2024-04-13,2024-04-12 20:30,2024-04-13 01:30,Unbiased,0
2024-04-13,2024-04-12 20:30,2024-04-13 01:30,Adjusted,0
2024-04-13,2024-04-13 02:30,2024-04-13 07:30,Unbiased,57
2024-04-13,2024-04-13 02:30,2024-04-13 07:30,Adjusted,85
2024-04-14,2024-04-13 13:00,2024-04-13 16:00,Unbiased,0
2024-04-14,2024-04-13 13:00,2024-04-13 16:00,Adjusted,0
2024-04-14,2024-04-13 20:30,2024-04-14 01:30,Unbiased,0
2024-04-14,2024-04-13 20:30,2024-04-14 01:30,Adjusted,0
2024-04-14,2024-04-14 02:30,2024-04-14 07:30,Unbiased,118
2024-04-14,2024-04-14 02:30,2024-04-14 07:30,Adjusted,146
2024-04-15,2024-04-14 13:00,2024-04-14 16:00,Unbiased,0
2024-04-15,2024-04-14 13:00,2024-04-14 16:00,Adjusted,0
2024-04-15,2024-04-14 20:30,2024-04-15 01:30,Unbiased,36
2024-04-15,2024-04-14 20:30,2024-04-15 01:30,Adjusted,55
2024-04-15,2024-04-15 02:30,2024-04-15 07:30,Unbiased,192
2024-04-15,2024-04-15 02:30,2024-04-15 07:30,Adjusted,209
2024-04-16,2024-04-15 13:00,2024-04-15 16:00,Unbiased,0
2024-04-16,2024-04-15 13:00,2024-04-15 16:00,Adjusted,0
2024-04-16,2024-04-15 20:30,2024-04-16 01:30,Unbiased,114
2024-04-16,2024-04-15 20:30,2024-04-16 01:30,Adjusted,135
2024-04-16,2024-04-16 02:30,2024-04-16 07:30,Unbiased,225
2024-04-16,2024-04-16 02:30,2024-04-16 07:30,Adjusted,243
2024-04-17,2024-04-16 13:00,2024-04-16 16:00,Unbiased,0
2024-04-17,2024-04-16 13:00,2024-04-16 16:00,Adjusted,0
2024-04-17,2024-04-16 20:30,2024-04-17 01:30,Unbiased,103
2024-04-17,2024-04-16 20:30,2024-04-17 01:30,Adjusted,124
2024-04-17,2024-04-17 02:30,2024-04-17 07:30,Unbiased,246
2024-04-17,2024-04-17 02:30,2024-04-17 07:30,Adjusted,259
2024-04-18,2024-04-17 13:00,2024-04-17 16:00,Unbiased,0
2024-04-18,2024-04-17 13:00,2024-04-17 16:00,Adjusted,0
2024-04-18,2024-04-17 20:30,2024-04-18 01:30,Unbiased,141
2024-04-18,2024-04-17 20:30,2024-04-18 01:30,Adjusted,160
2024-04-18,2024-04-18 02:30,2024-04-18 07:30,Unbiased,269
2024-04-18,2024-04-18 02:30,2024-04-18 07:30,Adjusted,281
2024-04-19,2024-04-18 13:00,2024-04-18 16:00,Unbiased,0
2024-04-19,2024-04-18 13:00,2024-04-18 16:00,Adjusted,0
2024-04-19,2024-04-18 20:30,2024-04-19 01:30,Unbiased,55
2024-04-19,2024-04-18 20:30,2024-04-19 01:30,Adjusted,76
2024-04-19,2024-04-19 02:30,2024-04-19 07:30,Unbiased,179
2024-04-19,2024-04-19 02:30,2024-04-19 07:30,Adjusted,197
2024-04-20,2024-04-19 13:00,2024-04-19 16:00,Unbiased,0
2024-04-20,2024-04-19 13:00,2024-04-19 16:00,Adjusted,0
2024-04-20,2024-04-19 20:30,2024-04-20 01:30,Unbiased,148
2024-04-20,2024-04-19 20:30,2024-04-20 01:30,Adjusted,164
2024-04-20,2024-04-20 02:30,2024-04-20 07:30,Unbiased,278
2024-04-20,2024-04-20 02:30,2024-04-20 07:30,Adjusted,290
2024-04-21,2024-04-20 13:00,2024-04-20 16:00,Unbiased,0
2024-04-21,2024-04-20 13:00,2024-04-20 16:00,Adjusted,0
2024-04-21,2024-04-20 20:30,2024-04-21 01:30,Unbiased,146
2024-04-21,2024-04-20 20:30,2024-04-21 01:30,Adjusted,166
2024-04-21,2024-04-21 02:30,2024-04-21 07:30,Unbiased,260
2024-04-21,2024-04-21 02:30,2024-04-21 07:30,Adjusted,276
2024-04-22,2024-04-21 13:00,2024-04-21 16:00,Unbiased,0
2024-04-22,2024-04-21 13:00,2024-04-21 16:00,Adjusted,1
2024-04-22,2024-04-21 20:30,2024-04-22 01:30,Unbiased,168
2024-04-22,2024-04-21 20:30,2024-04-22 01:30,Adjusted,177
2024-04-22,2024-04-22 02:30,2024-04-22 07:30,Unbiased,278
2024-04-22,2024-04-22 02:30,2024-04-22 07:30,Adjusted,294
2024-04-23,2024-04-22 13:00,2024-04-22 16:00,Unbiased,0
2024-04-23,2024-04-22 13:00,2024-04-22 16:00,Adjusted,0
2024-04-23,2024-04-22 20:30,2024-04-23 01:30,Unbiased,126
2024-04-23,2024-04-22 20:30,2024-04-23 01:30,Adjusted,143
2024-04-23,2024-04-23 02:30,2024-04-23 07:30,Unbiased,233
2024-04-23,2024-04-23 02:30,2024-04-23 07:30,Adjusted,248
2024-04-24,2024-04-23 13:00,2024-04-23 16:00,Unbiased,0
2024-04-24,2024-04-23 13:00,2024-04-23 16:00,Adjusted,0
2024-04-24,2024-04-23 20:30,2024-04-24 01:30,Unbiased,146
2024-04-24,2024-04-23 20:30,2024-04-24 01:30,Adjusted,164
2024-04-24,2024-04-24 02:30,2024-04-24 07:30,Unbiased,265
2024-04-24,2024-04-24 02:30,2024-04-24 07:30,Adjusted,280
2024-04-25,2024-04-24 13:00,2024-04-24 16:00,Unbiased,0
2024-04-25,2024-04-24 13:00,2024-04-24 16:00,Adjusted,0
2024-04-25,2024-04-24 20:30,2024-04-25 01:30,Unbiased,132
2024-04-25,2024-04-24 20:30,2024-04-25 01:30,Adjusted,150
2024-04-25,2024-04-25 02:30,2024-04-25 07:30,Unbiased,251
2024-04-25,2024-04-25 02:30,2024-04-25 07:30,Adjusted,267
2024-04-26,2024-04-25 13:00,2024-04-25 16:00,Unbiased,0
2024-04-26,2024-04-25 13:00,2024-04-25 16:00,Adjusted,0
2024-04-26,2024-04-25 20:30,2024-04-26 01:30,Unbiased,152
2024-04-26,2024-04-25 20:30,2024-04-26 01:30,Adjusted,168
2024-04-26,2024-04-26 02:30,2024-04-26 07:30,Unbiased,264
2024-04-26,2024-04-26 02:30,2024-04-26 07:30,Adjusted,277
2024-04-27,2024-04-26 13:00,2024-04-26 16:00,Unbiased,0
2024-04-27,2024-04-26 13:00,2024-04-26 16:00,Adjusted,0
2024-04-27,2024-04-26 20:30,2024-04-27 01:30,Unbiased,114
2024-04-27,2024-04-26 20:30,2024-04-27 01:30,Adjusted,135
2024-04-27,2024-04-27 02:30,2024-04-27 07:30,Unbiased,257
2024-04-27,2024-04-27 02:30,2024-04-27 07:30,Adjusted,270
2024-04-28,2024-04-27 13:00,2024-04-27 16:00,Unbiased,7
2024-04-28,2024-04-27 13:00,2024-04-27 16:00,Adjusted,22
2024-04-28,2024-04-27 20:30,2024-04-28 01:30,Unbiased,153
2024-04-28,2024-04-27 20:30,2024-04-28 01:30,Adjusted,174
2024-04-28,2024-04-28 02:30,2024-04-28 07:30,Unbiased,253
2024-04-28,2024-04-28 02:30,2024-04-28 07:30,Adjusted,269
2024-04-29,2024-04-28 13:00,2024-04-28 16:00,Unbiased,10
2024-04-29,2024-04-28 13:00,2024-04-28 16:00,Adjusted,27
2024-04-29,2024-04-28 20:30,2024-04-29 01:30,Unbiased,113
2024-04-29,2024-04-28 20:30,2024-04-29 01:30,Adjusted,135
2024-04-29,2024-04-29 02:30,2024-04-29 07:30,Unbiased,243
2024-04-29,2024-04-29 02:30,2024-04-29 07:30,Adjusted,257
2024-04-30,2024-04-29 13:00,2024-04-29 16:00,Unbiased,0
2024-04-30,2024-04-29 13:00,2024-04-29 16:00,Adjusted,0
2024-04-30,2024-04-29 20:30,2024-04-30 01:30,Unbiased,11
2024-04-30,2024-04-29 20:30,2024-04-30 01:30,Adjusted,32
2024-04-30,2024-04-30 02:30,2024-04-30 07:30,Unbiased,144
2024-04-30,2024-04-30 02:30,2024-04-30 07:30,Adjusted,170
2024-11-16,2024-11-15 13:00,2024-11-15 16:00,Unbiased,5
2024-11-16,2024-11-15 13:00,2024-11-15 16:00,Adjusted,5
2024-11-16,2024-11-15 20:30,2024-11-16 01:30,Unbiased,151
2024-11-16,2024-11-15 20:30,2024-11-16 01:30,Adjusted,151
2024-11-16,2024-11-16 02:30,2024-11-16 07:30,Unbiased,259
2024-11-16,2024-11-16 02:30,2024-11-16 07:30,Adjusted,259
2024-11-17,2024-11-16 13:00,2024-11-16 16:00,Unbiased,7
2024-11-17,2024-11-16 13:00,2024-11-16 16:00,Adjusted,7
2024-11-17,2024-11-16 20:30,2024-11-17 01:30,Unbiased,118
2024-11-17,2024-11-16 20:30,2024-11-17 01:30,Adjusted,118
2024-11-17,2024-11-17 02:30,2024-11-17 07:30,Unbiased,234
2024-11-17,2024-11-17 02:30,2024-11-17 07:30,Adjusted,234
2024-11-18,2024-11-17 13:00,2024-11-17 16:00,Unbiased,4
2024-11-18,2024-11-17 13:00,2024-11-17 16:00,Adjusted,4
2024-11-18,2024-11-17 20:30,2024-11-18 01:30,Unbiased,126
2024-11-18,2024-11-17 20:30,2024-11-18 01:30,Adjusted,126
2024-11-18,2024-11-18 02:30,2024-11-18 07:30,Unbiased,238
2024-11-18,2024-11-18 02:30,2024-11-18 07:30,Adjusted,238
2024-11-19,2024-11-18 13:00,2024-11-18 16:00,Unbiased,50
2024-11-19,2024-11-18 13:00,2024-11-18 16:00,Adjusted,50
2024-11-19,2024-11-18 20:30,2024-11-19 01:30,Unbiased,128
2024-11-19,2024-11-18 20:30,2024-11-19 01:30,Adjusted,128
2024-11-19,2024-11-19 02:30,2024-11-19 07:30,Unbiased,237
2024-11-19,2024-11-19 02:30,2024-11-19 07:30,Adjusted,237
2024-11-20,2024-11-19 13:00,2024-11-19 16:00,Unbiased,120
2024-11-20,2024-11-19 13:00,2024-11-19 16:00,Adjusted,120
2024-11-20,2024-11-19 20:30,2024-11-20 01:30,Unbiased,243
2024-11-20,2024-11-19 20:30,2024-11-20 01:30,Adjusted,243
2024-11-20,2024-11-20 02:30,2024-11-20 07:30,Unbiased,295
2024-11-20,2024-11-20 02:30,2024-11-20 07:30,Adjusted,295
2024-11-21,2024-11-20 13:00,2024-11-20 16:00,Unbiased,119
2024-11-21,2024-11-20 13:00,2024-11-20 16:00,Adjusted,119
2024-11-21,2024-11-20 20:30,2024-11-21 01:30,Unbiased,252
2024-11-21,2024-11-20 20:30,2024-11-21 01:30,Adjusted,252
2024-11-21,2024-11-21 02:30,2024-11-21 07:30,Unbiased,295
2024-11-21,2024-11-21 02:30,2024-11-21 07:30,Adjusted,295
2024-11-22,2024-11-21 13:00,2024-11-21 16:00,Unbiased,136
2024-11-22,2024-11-21 13:00,2024-11-21 16:00,Adjusted,136
2024-11-22,2024-11-21 20:30,2024-11-22 01:30,Unbiased,259
2024-11-22,2024-11-21 20:30,2024-11-22 01:30,Adjusted,259
2024-11-22,2024-11-22 02:30,2024-11-22 07:30,Unbiased,295
2024-11-22,2024-11-22 02:30,2024-11-22 07:30,Adjusted,295
2024-11-23,2024-11-22 13:00,2024-11-22 16:00,Unbiased,90
2024-11-23,2024-11-22 13:00,2024-11-22 16:00,Adjusted,90
2024-11-23,2024-11-22 20:30,2024-11-23 01:30,Unbiased,221
2024-11-23,2024-11-22 20:30,2024-11-23 01:30,Adjusted,221
2024-11-23,2024-11-23 02:30,2024-11-23 07:30,Unbiased,295
2024-11-23,2024-11-23 02:30,2024-11-23 07:30,Adjusted,295
2024-11-24,2024-11-23 13:00,2024-11-23 16:00,Unbiased,20
2024-11-24,2024-11-23 13:00,2024-11-23 16:00,Adjusted,20
2024-11-24,2024-11-23 20:30,2024-11-24 01:30,Unbiased,0
2024-11-24,2024-11-23 20:30,2024-11-24 01:30,Adjusted,0
2024-11-24,2024-11-24 02:30,2024-11-24 07:30,Unbiased,59
2024-11-24,2024-11-24 02:30,2024-11-24 07:30,Adjusted,59
2024-11-25,2024-11-24 13:00,2024-11-24 16:00,Unbiased,0
2024-11-25,2024-11-24 13:00,2024-11-24 16:00,Adjusted,0
2024-11-25,2024-11-24 20:30,2024-11-25 01:30,Unbiased,36
2024-11-25,2024-11-24 20:30,2024-11-25 01:30,Adjusted,36
2024-11-25,2024-11-25 02:30,2024-11-25 07:30,Unbiased,189
2024-11-25,2024-11-25 02:30,2024-11-25 07:30,Adjusted,189
2024-11-26,2024-11-25 13:00,2024-11-25 16:00,Unbiased,0
2024-11-26,2024-11-25 13:00,2024-11-25 16:00,Adjusted,0
2024-11-26,2024-11-25 20:30,2024-11-26 01:30,Unbiased,141
2024-11-26,2024-11-25 20:30,2024-11-26 01:30,Adjusted,141
2024-11-26,2024-11-26 02:30,2024-11-26 07:30,Unbiased,240
2024-11-26,2024-11-26 02:30,2024-11-26 07:30,Adjusted,240
2024-11-27,2024-11-26 13:00,2024-11-26 16:00,Unbiased,11
2024-11-27,2024-11-26 13:00,2024-11-26 16:00,Adjusted,11
2024-11-27,2024-11-26 20:30,2024-11-27 01:30,Unbiased,159
2024-11-27,2024-11-26 20:30,2024-11-27 01:30,Adjusted,159
2024-11-27,2024-11-27 02:30,2024-11-27 07:30,Unbiased,277
2024-11-27,2024-11-27 02:30,2024-11-27 07:30,Adjusted,277
2024-11-28,2024-11-27 13:00,2024-11-27 16:00,Unbiased,78
2024-11-28,2024-11-27 13:00,2024-11-27 16:00,Adjusted,78
2024-11-28,2024-11-27 20:30,2024-11-28 01:30,Unbiased,215
2024-11-28,2024-11-27 20:30,2024-11-28 01:30,Adjusted,215
2024-11-28,2024-11-28 02:30,2024-11-28 07:30,Unbiased,295
2024-11-28,2024-11-28 02:30,2024-11-28 07:30,Adjusted,295
2024-11-29,2024-11-28 13:00,2024-11-28 16:00,Unbiased,82
2024-11-29,2024-11-28 13:00,2024-11-28 16:00,Adjusted,82
2024-11-29,2024-11-28 20:30,2024-11-29 01:30,Unbiased,207
2024-11-29,2024-11-28 20:30,2024-11-29 01:30,Adjusted,207
2024-11-29,2024-11-29 02:30,2024-11-29 07:30,Unbiased,295
2024-11-29,2024-11-29 02:30,2024-11-29 07:30,Adjusted,295
2024-11-30,2024-11-29 13:00,2024-11-29 16:00,Unbiased,26
2024-11-30,2024-11-29 13:00,2024-11-29 16:00,Adjusted,26
2024-11-30,2024-11-29 20:30,2024-11-30 01:30,Unbiased,130
2024-11-30,2024-11-29 20:30,2024-11-30 01:30,Adjusted,130
2024-11-30,2024-11-30 02:30,2024-11-30 07:30,Unbiased,214
2024-11-30,2024-11-30 02:30,2024-11-30 07:30,Adjusted,214
2024-12-01,2024-11-30 13:00,2024-11-30 16:00,Unbiased,0
2024-12-01,2024-11-30 13:00,2024-11-30 16:00,Adjusted,0
2024-12-01,2024-11-30 20:30,2024-12-01 01:30,Unbiased,48
2024-12-01,2024-11-30 20:30,2024-12-01 01:30,Adjusted,48
2024-12-01,2024-12-01 02:30,2024-12-01 07:30,Unbiased,174
2024-12-01,2024-12-01 02:30,2024-12-01 07:30,Adjusted,174
2024-12-02,2024-12-01 13:00,2024-12-01 16:00,Unbiased,0
2024-12-02,2024-12-01 13:00,2024-12-01 16:00,Adjusted,0
2024-12-02,2024-12-01 20:30,2024-12-02 01:30,Unbiased,35
2024-12-02,2024-12-01 20:30,2024-12-02 01:30,Adjusted,35
2024-12-02,2024-12-02 02:30,2024-12-02 07:30,Unbiased,173
2024-12-02,2024-12-02 02:30,2024-12-02 07:30,Adjusted,173
2024-12-03,2024-12-02 13:00,2024-12-02 16:00,Unbiased,2
2024-12-03,2024-12-02 13:00,2024-12-02 16:00,Adjusted,2
2024-12-03,2024-12-02 20:30,2024-12-03 01:30,Unbiased,154
2024-12-03,2024-12-02 20:30,2024-12-03 01:30,Adjusted,154
2024-12-03,2024-12-03 02:30,2024-12-03 07:30,Unbiased,257
2024-12-03,2024-12-03 02:30,2024-12-03 07:30,Adjusted,257
2024-12-04,2024-12-03 13:00,2024-12-03 16:00,Unbiased,60
2024-12-04,2024-12-03 13:00,2024-12-03 16:00,Adjusted,60
2024-12-04,2024-12-03 20:30,2024-12-04 01:30,Unbiased,187
2024-12-04,2024-12-03 20:30,2024-12-04 01:30,Adjusted,187
2024-12-04,2024-12-04 02:30,2024-12-04 07:30,Unbiased,295
2024-12-04,2024-12-04 02:30,2024-12-04 07:30,Adjusted,295
2024-12-05,2024-12-04 13:00,2024-12-04 16:00,Unbiased,44
2024-12-05,2024-12-04 13:00,2024-12-04 16:00,Adjusted,44
2024-12-05,2024-12-04 20:30,2024-12-05 01:30,Unbiased,116
2024-12-05,2024-12-04 20:30,2024-12-05 01:30,Adjusted,116
2024-12-05,2024-12-05 02:30,2024-12-05 07:30,Unbiased,206
2024-12-05,2024-12-05 02:30,2024-12-05 07:30,Adjusted,206
2024-12-06,2024-12-05 13:00,2024-12-05 16:00,Unbiased,0
2024-12-06,2024-12-05 13:00,2024-12-05 16:00,Adjusted,0
2024-12-06,2024-12-05 20:30,2024-12-06 01:30,Unbiased,118
2024-12-06,2024-12-05 20:30,2024-12-06 01:30,Adjusted,118
2024-12-06,2024-12-06 02:30,2024-12-06 07:30,Unbiased,238
2024-12-06,2024-12-06 02:30,2024-12-06 07:30,Adjusted,238
2024-12-07,2024-12-06 13:00,2024-12-06 16:00,Unbiased,23
2024-12-07,2024-12-06 13:00,2024-12-06 16:00,Adjusted,23
2024-12-07,2024-12-06 20:30,2024-12-07 01:30,Unbiased,73
2024-12-07,2024-12-06 20:30,2024-12-07 01:30,Adjusted,73
2024-12-07,2024-12-07 02:30,2024-12-07 07:30,Unbiased,194
2024-12-07,2024-12-07 02:30,2024-12-07 07:30,Adjusted,194
2024-12-08,2024-12-07 13:00,2024-12-07 16:00,Unbiased,75
2024-12-08,2024-12-07 13:00,2024-12-07 16:00,Adjusted,75
2024-12-08,2024-12-07 20:30,2024-12-08 01:30,Unbiased,184
2024-12-08,2024-12-07 20:30,2024-12-08 01:30,Adjusted,184
2024-12-08,2024-12-08 02:30,2024-12-08 07:30,Unbiased,285
2024-12-08,2024-12-08 02:30,2024-12-08 07:30,Adjusted,285
2024-12-09,2024-12-08 13:00,2024-12-08 16:00,Unbiased,89
2024-12-09,2024-12-08 13:00,2024-12-08 16:00,Adjusted,89
2024-12-09,2024-12-08 20:30,2024-12-09 01:30,Unbiased,181
2024-12-09,2024-12-08 20:30,2024-12-09 01:30,Adjusted,181
2024-12-09,2024-12-09 02:30,2024-12-09 07:30,Unbiased,271
2024-12-09,2024-12-09 02:30,2024-12-09 07:30,Adjusted,271
2024-12-10,2024-12-09 13:00,2024-12-09 16:00,Unbiased,71
2024-12-10,2024-12-09 13:00,2024-12-09 16:00,Adjusted,71
2024-12-10,2024-12-09 20:30,2024-12-10 01:30,Unbiased,182
2024-12-10,2024-12-09 20:30,2024-12-10 01:30,Adjusted,182
2024-12-10,2024-12-10 02:30,2024-12-10 07:30,Unbiased,295
2024-12-10,2024-12-10 02:30,2024-12-10 07:30,Adjusted,295
2024-12-11,2024-12-10 13:00,2024-12-10 16:00,Unbiased,0
2024-12-11,2024-12-10 13:00,2024-12-10 16:00,Adjusted,0
2024-12-11,2024-12-10 20:30,2024-12-11 01:30,Unbiased,210
2024-12-11,2024-12-10 20:30,2024-12-11 01:30,Adjusted,210
2024-12-11,2024-12-11 02:30,2024-12-11 07:30,Unbiased,512
2024-12-11,2024-12-11 02:30,2024-12-11 07:30,Adjusted,512
2024-12-12,2024-12-11 13:00,2024-12-11 16:00,Unbiased,84
2024-12-12,2024-12-11 13:00,2024-12-11 16:00,Adjusted,84
2024-12-12,2024-12-11 20:30,2024-12-12 01:30,Unbiased,195
2024-12-12,2024-12-11 20:30,2024-12-12 01:30,Adjusted,195
2024-12-12,2024-12-12 02:30,2024-12-12 07:30,Unbiased,285
2024-12-12,2024-12-12 02:30,2024-12-12 07:30,Adjusted,285
2024-12-13,2024-12-12 13:00,2024-12-12 16:00,Unbiased,67
2024-12-13,2024-12-12 13:00,2024-12-12 16:00,Adjusted,67
2024-12-13,2024-12-12 20:30,2024-12-13 01:30,Unbiased,185
2024-12-13,2024-12-12 20:30,2024-12-13 01:30,Adjusted,185
2024-12-13,2024-12-13 02:30,2024-12-13 07:30,Unbiased,286
2024-12-13,2024-12-13 02:30,2024-12-13 07:30,Adjusted,286
2024-12-14,2024-12-13 13:00,2024-12-13 16:00,Unbiased,103
2024-12-14,2024-12-13 13:00,2024-12-13 16:00,Adjusted,103
2024-12-14,2024-12-13 20:30,2024-12-14 01:30,Unbiased,209
2024-12-14,2024-12-13 20:30,2024-12-14 01:30,Adjusted,209
2024-12-14,2024-12-14 02:30,2024-12-14 07:30,Unbiased,295
2024-12-14,2024-12-14 02:30,2024-12-14 07:30,Adjusted,295
2024-12-15,2024-12-14 13:00,2024-12-14 16:00,Unbiased,62
2024-12-15,2024-12-14 13:00,2024-12-14 16:00,Adjusted,62
2024-12-15,2024-12-14 20:30,2024-12-15 01:30,Unbiased,190
2024-12-15,2024-12-14 20:30,2024-12-15 01:30,Adjusted,190
2024-12-15,2024-12-15 02:30,2024-12-15 07:30,Unbiased,291
2024-12-15,2024-12-15 02:30,2024-12-15 07:30,Adjusted,291
2024-12-16,2024-12-15 13:00,2024-12-15 16:00,Unbiased,0
2024-12-16,2024-12-15 13:00,2024-12-15 16:00,Adjusted,0
2024-12-16,2024-12-15 20:30,2024-12-16 01:30,Unbiased,69
2024-12-16,2024-12-15 20:30,2024-12-16 01:30,Adjusted,69
2024-12-16,2024-12-16 02:30,2024-12-16 07:30,Unbiased,190
2024-12-16,2024-12-16 02:30,2024-12-16 07:30,Adjusted,190
2024-12-17,2024-12-16 13:00,2024-12-16 16:00,Unbiased,0
2024-12-17,2024-12-16 13:00,2024-12-16 16:00,Adjusted,0
2024-12-17,2024-12-16 20:30,2024-12-17 01:30,Unbiased,120
2024-12-17,2024-12-16 20:30,2024-12-17 01:30,Adjusted,120
2024-12-17,2024-12-17 02:30,2024-12-17 07:30,Unbiased,243
2024-12-17,2024-12-17 02:30,2024-12-17 07:30,Adjusted,243
2024-12-18,2024-12-17 13:00,2024-12-17 16:00,Unbiased,16
2024-12-18,2024-12-17 13:00,2024-12-17 16:00,Adjusted,16
2024-12-18,2024-12-17 20:30,2024-12-18 01:30,Unbiased,100
2024-12-18,2024-12-17 20:30,2024-12-18 01:30,Adjusted,100
2024-12-18,2024-12-18 02:30,2024-12-18 07:30,Unbiased,155
2024-12-18,2024-12-18 02:30,2024-12-18 07:30,Adjusted,155
2024-12-19,2024-12-18 13:00,2024-12-18 16:00,Unbiased,0
2024-12-19,2024-12-18 13:00,2024-12-18 16:00,Adjusted,0
2024-12-19,2024-12-18 20:30,2024-12-19 01:30,Unbiased,12
2024-12-19,2024-12-18 20:30,2024-12-19 01:30,Adjusted,12
2024-12-19,2024-12-19 02:30,2024-12-19 07:30,Unbiased,232
2024-12-19,2024-12-19 02:30,2024-12-19 07:30,Adjusted,232
2024-12-20,2024-12-19 13:00,2024-12-19 16:00,Unbiased,61
2024-12-20,2024-12-19 13:00,2024-12-19 16:00,Adjusted,61
2024-12-20,2024-12-19 20:30,2024-12-20 01:30,Unbiased,202
2024-12-20,2024-12-19 20:30,2024-12-20 01:30,Adjusted,202
2024-12-20,2024-12-20 02:30,2024-12-20 07:30,Unbiased,295
2024-12-20,2024-12-20 02:30,2024-12-20 07:30,Adjusted,295
2024-12-21,2024-12-20 13:00,2024-12-20 16:00,Unbiased,48
2024-12-21,2024-12-20 13:00,2024-12-20 16:00,Adjusted,48
2024-12-21,2024-12-20 20:30,2024-12-21 01:30,Unbiased,176
2024-12-21,2024-12-20 20:30,2024-12-21 01:30,Adjusted,176
2024-12-21,2024-12-21 02:30,2024-12-21 07:30,Unbiased,288
2024-12-21,2024-12-21 02:30,2024-12-21 07:30,Adjusted,288
2024-12-22,2024-12-21 13:00,2024-12-21 16:00,Unbiased,1
2024-12-22,2024-12-21 13:00,2024-12-21 16:00,Adjusted,1
2024-12-22,2024-12-21 20:30,2024-12-22 01:30,Unbiased,152
2024-12-22,2024-12-21 20:30,2024-12-22 01:30,Adjusted,152
2024-12-22,2024-12-22 02:30,2024-12-22 07:30,Unbiased,262
2024-12-22,2024-12-22 02:30,2024-12-22 07:30,Adjusted,262
2024-12-23,2024-12-22 13:00,2024-12-22 16:00,Unbiased,78
2024-12-23,2024-12-22 13:00,2024-12-22 16:00,Adjusted,78
2024-12-23,2024-12-22 20:30,2024-12-23 01:30,Unbiased,180
2024-12-23,2024-12-22 20:30,2024-12-23 01:30,Adjusted,180
2024-12-23,2024-12-23 02:30,2024-12-23 07:30,Unbiased,292
2024-12-23,2024-12-23 02:30,2024-12-23 07:30,Adjusted,292
2024-12-24,2024-12-23 13:00,2024-12-23 16:00,Unbiased,80
2024-12-24,2024-12-23 13:00,2024-12-23 16:00,Adjusted,80
2024-12-24,2024-12-23 20:30,2024-12-24 01:30,Unbiased,187
2024-12-24,2024-12-23 20:30,2024-12-24 01:30,Adjusted,187
2024-12-24,2024-12-24 02:30,2024-12-24 07:30,Unbiased,264
2024-12-24,2024-12-24 02:30,2024-12-24 07:30,Adjusted,264
2024-12-25,2024-12-24 13:00,2024-12-24 16:00,Unbiased,1
2024-12-25,2024-12-24 13:00,2024-12-24 16:00,Adjusted,1
2024-12-25,2024-12-24 20:30,2024-12-25 01:30,Unbiased,85
2024-12-25,2024-12-24 20:30,2024-12-25 01:30,Adjusted,85
2024-12-25,2024-12-25 02:30,2024-12-25 07:30,Unbiased,206
2024-12-25,2024-12-25 02:30,2024-12-25 07:30,Adjusted,206
2024-12-26,2024-12-25 13:00,2024-12-25 16:00,Unbiased,5
2024-12-26,2024-12-25 13:00,2024-12-25 16:00,Adjusted,5
2024-12-26,2024-12-25 20:30,2024-12-26 01:30,Unbiased,103
2024-12-26,2024-12-25 20:30,2024-12-26 01:30,Adjusted,103
2024-12-26,2024-12-26 02:30,2024-12-26 07:30,Unbiased,222
2024-12-26,2024-12-26 02:30,2024-12-26 07:30,Adjusted,222
2024-12-27,2024-12-26 13:00,2024-12-26 16:00,Unbiased,46
2024-12-27,2024-12-26 13:00,2024-12-26 16:00,Adjusted,46
2024-12-27,2024-12-26 20:30,2024-12-27 01:30,Unbiased,151
2024-12-27,2024-12-26 20:30,2024-12-27 01:30,Adjusted,151
2024-12-27,2024-12-27 02:30,2024-12-27 07:30,Unbiased,248
2024-12-27,2024-12-27 02:30,2024-12-27 07:30,Adjusted,248
2024-12-28,2024-12-27 13:00,2024-12-27 16:00,Unbiased,48
2024-12-28,2024-12-27 13:00,2024-12-27 16:00,Adjusted,48
2024-12-28,2024-12-27 20:30,2024-12-28 01:30,Unbiased,172
2024-12-28,2024-12-27 20:30,2024-12-28 01:30,Adjusted,172
2024-12-28,2024-12-28 02:30,2024-12-28 07:30,Unbiased,273
2024-12-28,2024-12-28 02:30,2024-12-28 07:30,Adjusted,273
2024-12-29,2024-12-28 13:00,2024-12-28 16:00,Unbiased,85
2024-12-29,2024-12-28 13:00,2024-12-28 16:00,Adjusted,85
2024-12-29,2024-12-28 20:30,2024-12-29 01:30,Unbiased,191
2024-12-29,2024-12-28 20:30,2024-12-29 01:30,Adjusted,191
2024-12-29,2024-12-29 02:30,2024-12-29 07:30,Unbiased,286
2024-12-29,2024-12-29 02:30,2024-12-29 07:30,Adjusted,286
2024-12-30,2024-12-29 13:00,2024-12-29 16:00,Unbiased,90
2024-12-30,2024-12-29 13:00,2024-12-29 16:00,Adjusted,90
2024-12-30,2024-12-29 20:30,2024-12-30 01:30,Unbiased,160
2024-12-30,2024-12-29 20:30,2024-12-30 01:30,Adjusted,160
2024-12-30,2024-12-30 02:30,2024-12-30 07:30,Unbiased,255
2024-12-30,2024-12-30 02:30,2024-12-30 07:30,Adjusted,255
2024-12-31,2024-12-30 13:00,2024-12-30 16:00,Unbiased,36
2024-12-31,2024-12-30 13:00,2024-12-30 16:00,Adjusted,36
2024-12-31,2024-12-30 20:30,2024-12-31 01:30,Unbiased,132
2024-12-31,2024-12-30 20:30,2024-12-31 01:30,Adjusted,132
2024-12-31,2024-12-31 02:30,2024-12-31 07:30,Unbiased,231
2024-12-31,2024-12-31 02:30,2024-12-31 07:30,Adjusted,231
2025-01-01,2024-12-31 13:00,2024-12-31 16:00,Unbiased,0
2025-01-01,2024-12-31 13:00,2024-12-31 16:00,Adjusted,0
2025-01-01,2024-12-31 20:30,2025-01-01 01:30,Unbiased,52
2025-01-01,2024-12-31 20:30,2025-01-01 01:30,Adjusted,41
2025-01-01,2025-01-01 02:30,2025-01-01 07:30,Unbiased,166
2025-01-01,2025-01-01 02:30,2025-01-01 07:30,Adjusted,137
2025-01-02,2025-01-01 13:00,2025-01-01 16:00,Unbiased,56
2025-01-02,2025-01-01 13:00,2025-01-01 16:00,Adjusted,43
2025-01-02,2025-01-01 20:30,2025-01-02 01:30,Unbiased,187
2025-01-02,2025-01-01 20:30,2025-01-02 01:30,Adjusted,176
2025-01-02,2025-01-02 02:30,2025-01-02 07:30,Unbiased,295
2025-01-02,2025-01-02 02:30,2025-01-02 07:30,Adjusted,287
2025-01-03,2025-01-02 13:00,2025-01-02 16:00,Unbiased,117
2025-01-03,2025-01-02 13:00,2025-01-02 16:00,Adjusted,103
2025-01-03,2025-01-02 20:30,2025-01-03 01:30,Unbiased,250
2025-01-03,2025-01-02 20:30,2025-01-03 01:30,Adjusted,241
2025-01-03,2025-01-03 02:30,2025-01-03 07:30,Unbiased,295
2025-01-03,2025-01-03 02:30,2025-01-03 07:30,Adjusted,295
2025-01-04,2025-01-03 13:00,2025-01-03 16:00,Unbiased,125
2025-01-04,2025-01-03 13:00,2025-01-03 16:00,Adjusted,117
2025-01-04,2025-01-03 20:30,2025-01-04 01:30,Unbiased,248
2025-01-04,2025-01-03 20:30,2025-01-04 01:30,Adjusted,238
2025-01-04,2025-01-04 02:30,2025-01-04 07:30,Unbiased,295
2025-01-04,2025-01-04 02:30,2025-01-04 07:30,Adjusted,295
2025-01-05,2025-01-04 13:00,2025-01-04 16:00,Unbiased,122
2025-01-05,2025-01-04 13:00,2025-01-04 16:00,Adjusted,115
2025-01-05,2025-01-04 20:30,2025-01-05 01:30,Unbiased,259
2025-01-05,2025-01-04 20:30,2025-01-05 01:30,Adjusted,249
2025-01-05,2025-01-05 02:30,2025-01-05 07:30,Unbiased,295
2025-01-05,2025-01-05 02:30,2025-01-05 07:30,Adjusted,295
2025-01-06,2025-01-05 13:00,2025-01-05 16:00,Unbiased,10
2025-01-06,2025-01-05 13:00,2025-01-05 16:00,Adjusted,0
2025-01-06,2025-01-05 20:30,2025-01-06 01:30,Unbiased,62
2025-01-06,2025-01-05 20:30,2025-01-06 01:30,Adjusted,40
2025-01-06,2025-01-06 02:30,2025-01-06 07:30,Unbiased,183
2025-01-06,2025-01-06 02:30,2025-01-06 07:30,Adjusted,169
2025-01-07,2025-01-06 13:00,2025-01-06 16:00,Unbiased,89
2025-01-07,2025-01-06 13:00,2025-01-06 16:00,Adjusted,75
2025-01-07,2025-01-06 20:30,2025-01-07 01:30,Unbiased,222
2025-01-07,2025-01-06 20:30,2025-01-07 01:30,Adjusted,213
2025-01-07,2025-01-07 02:30,2025-01-07 07:30,Unbiased,295
2025-01-07,2025-01-07 02:30,2025-01-07 07:30,Adjusted,295
2025-01-08,2025-01-07 13:00,2025-01-07 16:00,Unbiased,119
2025-01-08,2025-01-07 13:00,2025-01-07 16:00,Adjusted,106
2025-01-08,2025-01-07 20:30,2025-01-08 01:30,Unbiased,241
2025-01-08,2025-01-07 20:30,2025-01-08 01:30,Adjusted,231
2025-01-08,2025-01-08 02:30,2025-01-08 07:30,Unbiased,295
2025-01-08,2025-01-08 02:30,2025-01-08 07:30,Adjusted,295
2025-01-09,2025-01-08 13:00,2025-01-08 16:00,Unbiased,140
2025-01-09,2025-01-08 13:00,2025-01-08 16:00,Adjusted,133
2025-01-09,2025-01-08 20:30,2025-01-09 01:30,Unbiased,260
2025-01-09,2025-01-08 20:30,2025-01-09 01:30,Adjusted,250
2025-01-09,2025-01-09 02:30,2025-01-09 07:30,Unbiased,295
2025-01-09,2025-01-09 02:30,2025-01-09 07:30,Adjusted,295
2025-01-10,2025-01-09 13:00,2025-01-09 16:00,Unbiased,127
2025-01-10,2025-01-09 13:00,2025-01-09 16:00,Adjusted,120
2025-01-10,2025-01-09 20:30,2025-01-10 01:30,Unbiased,253
2025-01-10,2025-01-09 20:30,2025-01-10 01:30,Adjusted,244
2025-01-10,2025-01-10 02:30,2025-01-10 07:30,Unbiased,295
2025-01-10,2025-01-10 02:30,2025-01-10 07:30,Adjusted,295
2025-01-11,2025-01-10 13:00,2025-01-10 16:00,Unbiased,146
2025-01-11,2025-01-10 13:00,2025-01-10 16:00,Adjusted,140
2025-01-11,2025-01-10 20:30,2025-01-11 01:30,Unbiased,278
2025-01-11,2025-01-10 20:30,2025-01-11 01:30,Adjusted,270
2025-01-11,2025-01-11 02:30,2025-01-11 07:30,Unbiased,295
2025-01-11,2025-01-11 02:30,2025-01-11 07:30,Adjusted,295
2025-01-12,2025-01-11 13:00,2025-01-11 16:00,Unbiased,135
2025-01-12,2025-01-11 13:00,2025-01-11 16:00,Adjusted,127
2025-01-12,2025-01-11 20:30,2025-01-12 01:30,Unbiased,247
2025-01-12,2025-01-11 20:30,2025-01-12 01:30,Adjusted,237
2025-01-12,2025-01-12 02:30,2025-01-12 07:30,Unbiased,295
2025-01-12,2025-01-12 02:30,2025-01-12 07:30,Adjusted,295
2025-01-13,2025-01-12 13:00,2025-01-12 16:00,Unbiased,130
2025-01-13,2025-01-12 13:00,2025-01-12 16:00,Adjusted,122
2025-01-13,2025-01-12 20:30,2025-01-13 01:30,Unbiased,215
2025-01-13,2025-01-12 20:30,2025-01-13 01:30,Adjusted,204
2025-01-13,2025-01-13 02:30,2025-01-13 07:30,Unbiased,295
2025-01-13,2025-01-13 02:30,2025-01-13 07:30,Adjusted,295
2025-01-14,2025-01-13 13:00,2025-01-13 16:00,Unbiased,85
2025-01-14,2025-01-13 13:00,2025-01-13 16:00,Adjusted,71
2025-01-14,2025-01-13 20:30,2025-01-14 01:30,Unbiased,213
2025-01-14,2025-01-13 20:30,2025-01-14 01:30,Adjusted,205
2025-01-14,2025-01-14 02:30,2025-01-14 07:30,Unbiased,295
2025-01-14,2025-01-14 02:30,2025-01-14 07:30,Adjusted,295
2025-01-15,2025-01-14 13:00,2025-01-14 16:00,Unbiased,0
2025-01-15,2025-01-14 13:00,2025-01-14 16:00,Adjusted,0
2025-01-15,2025-01-14 20:30,2025-01-15 01:30,Unbiased,280
2025-01-15,2025-01-14 20:30,2025-01-15 01:30,Adjusted,269
2025-01-15,2025-01-15 02:30,2025-01-15 07:30,Unbiased,442
2025-01-15,2025-01-15 02:30,2025-01-15 07:30,Adjusted,423
2025-01-16,2025-01-15 13:00,2025-01-15 16:00,Unbiased,12
2025-01-16,2025-01-15 13:00,2025-01-15 16:00,Adjusted,0
2025-01-16,2025-01-15 20:30,2025-01-16 01:30,Unbiased,119
2025-01-16,2025-01-15 20:30,2025-01-16 01:30,Adjusted,98
2025-01-16,2025-01-16 02:30,2025-01-16 07:30,Unbiased,236
2025-01-16,2025-01-16 02:30,2025-01-16 07:30,Adjusted,221
2025-01-17,2025-01-16 13:00,2025-01-16 16:00,Unbiased,14
2025-01-17,2025-01-16 13:00,2025-01-16 16:00,Adjusted,0
2025-01-17,2025-01-16 20:30,2025-01-17 01:30,Unbiased,161
2025-01-17,2025-01-16 20:30,2025-01-17 01:30,Adjusted,139
2025-01-17,2025-01-17 02:30,2025-01-17 07:30,Unbiased,265
2025-01-17,2025-01-17 02:30,2025-01-17 07:30,Adjusted,252
2025-01-18,2025-01-17 13:00,2025-01-17 16:00,Unbiased,65
2025-01-18,2025-01-17 13:00,2025-01-17 16:00,Adjusted,49
2025-01-18,2025-01-17 20:30,2025-01-18 01:30,Unbiased,196
2025-01-18,2025-01-17 20:30,2025-01-18 01:30,Adjusted,184
2025-01-18,2025-01-18 02:30,2025-01-18 07:30,Unbiased,295
2025-01-18,2025-01-18 02:30,2025-01-18 07:30,Adjusted,295
2025-01-19,2025-01-18 13:00,2025-01-18 16:00,Unbiased,128
2025-01-19,2025-01-18 13:00,2025-01-18 16:00,Adjusted,119
2025-01-19,2025-01-18 20:30,2025-01-19 01:30,Unbiased,226
2025-01-19,2025-01-18 20:30,2025-01-19 01:30,Adjusted,215
2025-01-19,2025-01-19 02:30,2025-01-19 07:30,Unbiased,295
2025-01-19,2025-01-19 02:30,2025-01-19 07:30,Adjusted,295
2025-01-20,2025-01-19 13:00,2025-01-19 16:00,Unbiased,120
2025-01-20,2025-01-19 13:00,2025-01-19 16:00,Adjusted,110
2025-01-20,2025-01-19 20:30,2025-01-20 01:30,Unbiased,227
2025-01-20,2025-01-19 20:30,2025-01-20 01:30,Adjusted,217
2025-01-20,2025-01-20 02:30,2025-01-20 07:30,Unbiased,295
2025-01-20,2025-01-20 02:30,2025-01-20 07:30,Adjusted,295
2025-01-21,2025-01-20 13:00,2025-01-20 16:00,Unbiased,87
2025-01-21,2025-01-20 13:00,2025-01-20 16:00,Adjusted,72
2025-01-21,2025-01-20 20:30,2025-01-21 01:30,Unbiased,197
2025-01-21,2025-01-20 20:30,2025-01-21 01:30,Adjusted,188
2025-01-21,2025-01-21 02:30,2025-01-21 07:30,Unbiased,295
2025-01-21,2025-01-21 02:30,2025-01-21 07:30,Adjusted,295
2025-01-22,2025-01-21 13:00,2025-01-21 16:00,Unbiased,91
2025-01-22,2025-01-21 13:00,2025-01-21 16:00,Adjusted,76
2025-01-22,2025-01-21 20:30,2025-01-22 01:30,Unbiased,225
2025-01-22,2025-01-21 20:30,2025-01-22 01:30,Adjusted,217
2025-01-22,2025-01-22 02:30,2025-01-22 07:30,Unbiased,295
2025-01-22,2025-01-22 02:30,2025-01-22 07:30,Adjusted,295
2025-01-23,2025-01-22 13:00,2025-01-22 16:00,Unbiased,111
2025-01-23,2025-01-22 13:00,2025-01-22 16:00,Adjusted,99
2025-01-23,2025-01-22 20:30,2025-01-23 01:30,Unbiased,217
2025-01-23,2025-01-22 20:30,2025-01-23 01:30,Adjusted,208
2025-01-23,2025-01-23 02:30,2025-01-23 07:30,Unbiased,295
2025-01-23,2025-01-23 02:30,2025-01-23 07:30,Adjusted,295
2025-01-24,2025-01-23 13:00,2025-01-23 16:00,Unbiased,76
2025-01-24,2025-01-23 13:00,2025-01-23 16:00,Adjusted,64
2025-01-24,2025-01-23 20:30,2025-01-24 01:30,Unbiased,202
2025-01-24,2025-01-23 20:30,2025-01-24 01:30,Adjusted,185
2025-01-24,2025-01-24 02:30,2025-01-24 07:30,Unbiased,237
2025-01-24,2025-01-24 02:30,2025-01-24 07:30,Adjusted,220
2025-01-25,2025-01-24 13:00,2025-01-24 16:00,Unbiased,17
2025-01-25,2025-01-24 13:00,2025-01-24 16:00,Adjusted,3
2025-01-25,2025-01-24 20:30,2025-01-25 01:30,Unbiased,151
2025-01-25,2025-01-24 20:30,2025-01-25 01:30,Adjusted,129
2025-01-25,2025-01-25 02:30,2025-01-25 07:30,Unbiased,243
2025-01-25,2025-01-25 02:30,2025-01-25 07:30,Adjusted,233
2025-01-26,2025-01-25 13:00,2025-01-25 16:00,Unbiased,56
2025-01-26,2025-01-25 13:00,2025-01-25 16:00,Adjusted,42
2025-01-26,2025-01-25 20:30,2025-01-26 01:30,Unbiased,196
2025-01-26,2025-01-25 20:30,2025-01-26 01:30,Adjusted,186
2025-01-26,2025-01-26 02:30,2025-01-26 07:30,Unbiased,295
2025-01-26,2025-01-26 02:30,2025-01-26 07:30,Adjusted,295
2025-01-27,2025-01-26 13:00,2025-01-26 16:00,Unbiased,100
2025-01-27,2025-01-26 13:00,2025-01-26 16:00,Adjusted,86
2025-01-27,2025-01-26 20:30,2025-01-27 01:30,Unbiased,148
2025-01-27,2025-01-26 20:30,2025-01-27 01:30,Adjusted,132
2025-01-27,2025-01-27 02:30,2025-01-27 07:30,Unbiased,268
2025-01-27,2025-01-27 02:30,2025-01-27 07:30,Adjusted,255
2025-02-01,2025-01-31 13:00,2025-01-31 16:00,Unbiased,62
2025-02-01,2025-01-31 13:00,2025-01-31 16:00,Adjusted,47
2025-02-01,2025-01-31 20:30,2025-02-01 01:30,Unbiased,189
2025-02-01,2025-01-31 20:30,2025-02-01 01:30,Adjusted,176
2025-02-01,2025-02-01 02:30,2025-02-01 07:30,Unbiased,295
2025-02-01,2025-02-01 02:30,2025-02-01 07:30,Adjusted,286
2025-02-02,2025-02-01 13:00,2025-02-01 16:00,Unbiased,83
2025-02-02,2025-02-01 13:00,2025-02-01 16:00,Adjusted,69
2025-02-02,2025-02-01 20:30,2025-02-02 01:30,Unbiased,224
2025-02-02,2025-02-01 20:30,2025-02-02 01:30,Adjusted,212
2025-02-02,2025-02-02 02:30,2025-02-02 07:30,Unbiased,295
2025-02-02,2025-02-02 02:30,2025-02-02 07:30,Adjusted,295
2025-02-03,2025-02-02 13:00,2025-02-02 16:00,Unbiased,72
2025-02-03,2025-02-02 13:00,2025-02-02 16:00,Adjusted,57
2025-02-03,2025-02-02 20:30,2025-02-03 01:30,Unbiased,209
2025-02-03,2025-02-02 20:30,2025-02-03 01:30,Adjusted,200
2025-02-03,2025-02-03 02:30,2025-02-03 07:30,Unbiased,295
2025-02-03,2025-02-03 02:30,2025-02-03 07:30,Adjusted,295
2025-02-04,2025-02-03 13:00,2025-02-03 16:00,Unbiased,50
2025-02-04,2025-02-03 13:00,2025-02-03 16:00,Adjusted,36
2025-02-04,2025-02-03 20:30,2025-02-04 01:30,Unbiased,191
2025-02-04,2025-02-03 20:30,2025-02-04 01:30,Adjusted,176
2025-02-04,2025-02-04 02:30,2025-02-04 07:30,Unbiased,272
2025-02-04,2025-02-04 02:30,2025-02-04 07:30,Adjusted,256
2025-02-05,2025-02-04 13:00,2025-02-04 16:00,Unbiased,19
2025-02-05,2025-02-04 13:00,2025-02-04 16:00,Adjusted,5
2025-02-05,2025-02-04 20:30,2025-02-05 01:30,Unbiased,163
2025-02-05,2025-02-04 20:30,2025-02-05 01:30,Adjusted,142
2025-02-05,2025-02-05 02:30,2025-02-05 07:30,Unbiased,278
2025-02-05,2025-02-05 02:30,2025-02-05 07:30,Adjusted,264
2025-02-06,2025-02-05 13:00,2025-02-05 16:00,Unbiased,23
2025-02-06,2025-02-05 13:00,2025-02-05 16:00,Adjusted,8
2025-02-06,2025-02-05 20:30,2025-02-06 01:30,Unbiased,185
2025-02-06,2025-02-05 20:30,2025-02-06 01:30,Adjusted,176
2025-02-06,2025-02-06 02:30,2025-02-06 07:30,Unbiased,295
2025-02-06,2025-02-06 02:30,2025-02-06 07:30,Adjusted,295
2025-02-07,2025-02-06 13:00,2025-02-06 16:00,Unbiased,73
2025-02-07,2025-02-06 13:00,2025-02-06 16:00,Adjusted,56
2025-02-07,2025-02-06 20:30,2025-02-07 01:30,Unbiased,221
2025-02-07,2025-02-06 20:30,2025-02-07 01:30,Adjusted,211
2025-02-07,2025-02-07 02:30,2025-02-07 07:30,Unbiased,295
2025-02-07,2025-02-07 02:30,2025-02-07 07:30,Adjusted,295
2025-02-08,2025-02-07 13:00,2025-02-07 16:00,Unbiased,131
2025-02-08,2025-02-07 13:00,2025-02-07 16:00,Adjusted,124
2025-02-08,2025-02-07 20:30,2025-02-08 01:30,Unbiased,246
2025-02-08,2025-02-07 20:30,2025-02-08 01:30,Adjusted,235
2025-02-08,2025-02-08 02:30,2025-02-08 07:30,Unbiased,295
2025-02-08,2025-02-08 02:30,2025-02-08 07:30,Adjusted,295
2025-02-09,2025-02-08 13:00,2025-02-08 16:00,Unbiased,108
2025-02-09,2025-02-08 13:00,2025-02-08 16:00,Adjusted,94
2025-02-09,2025-02-08 20:30,2025-02-09 01:30,Unbiased,216
2025-02-09,2025-02-08 20:30,2025-02-09 01:30,Adjusted,206
2025-02-09,2025-02-09 02:30,2025-02-09 07:30,Unbiased,295
2025-02-09,2025-02-09 02:30,2025-02-09 07:30,Adjusted,295
2025-02-10,2025-02-09 13:00,2025-02-09 16:00,Unbiased,109
2025-02-10,2025-02-09 13:00,2025-02-09 16:00,Adjusted,94
2025-02-10,2025-02-09 20:30,2025-02-10 01:30,Unbiased,228
2025-02-10,2025-02-09 20:30,2025-02-10 01:30,Adjusted,219
2025-02-10,2025-02-10 02:30,2025-02-10 07:30,Unbiased,295
2025-02-10,2025-02-10 02:30,2025-02-10 07:30,Adjusted,295
2025-02-11,2025-02-10 13:00,2025-02-10 16:00,Unbiased,126
2025-02-11,2025-02-10 13:00,2025-02-10 16:00,Adjusted,119
2025-02-11,2025-02-10 20:30,2025-02-11 01:30,Unbiased,253
2025-02-11,2025-02-10 20:30,2025-02-11 01:30,Adjusted,243
2025-02-11,2025-02-11 02:30,2025-02-11 07:30,Unbiased,295
2025-02-11,2025-02-11 02:30,2025-02-11 07:30,Adjusted,295
2025-02-12,2025-02-11 13:00,2025-02-11 16:00,Unbiased,113
2025-02-12,2025-02-11 13:00,2025-02-11 16:00,Adjusted,99
2025-02-12,2025-02-11 20:30,2025-02-12 01:30,Unbiased,217
2025-02-12,2025-02-11 20:30,2025-02-12 01:30,Adjusted,207
2025-02-12,2025-02-12 02:30,2025-02-12 07:30,Unbiased,295
2025-02-12,2025-02-12 02:30,2025-02-12 07:30,Adjusted,295
2025-02-13,2025-02-12 13:00,2025-02-12 16:00,Unbiased,102
2025-02-13,2025-02-12 13:00,2025-02-12 16:00,Adjusted,90
2025-02-13,2025-02-12 20:30,2025-02-13 01:30,Unbiased,213
2025-02-13,2025-02-12 20:30,2025-02-13 01:30,Adjusted,203
2025-02-13,2025-02-13 02:30,2025-02-13 07:30,Unbiased,295
2025-02-13,2025-02-13 02:30,2025-02-13 07:30,Adjusted,295
2025-02-14,2025-02-13 13:00,2025-02-13 16:00,Unbiased,120
2025-02-14,2025-02-13 13:00,2025-02-13 16:00,Adjusted,110
2025-02-14,2025-02-13 20:30,2025-02-14 01:30,Unbiased,231
2025-02-14,2025-02-13 20:30,2025-02-14 01:30,Adjusted,222
2025-02-14,2025-02-14 02:30,2025-02-14 07:30,Unbiased,295
2025-02-14,2025-02-14 02:30,2025-02-14 07:30,Adjusted,295
2025-02-15,2025-02-14 13:00,2025-02-14 16:00,Unbiased,110
2025-02-15,2025-02-14 13:00,2025-02-14 16:00,Adjusted,95
2025-02-15,2025-02-14 20:30,2025-02-15 01:30,Unbiased,242
2025-02-15,2025-02-14 20:30,2025-02-15 01:30,Adjusted,231
2025-02-15,2025-02-15 02:30,2025-02-15 07:30,Unbiased,295
2025-02-15,2025-02-15 02:30,2025-02-15 07:30,Adjusted,295
2025-02-16,2025-02-15 13:00,2025-02-15 16:00,Unbiased,78
2025-02-16,2025-02-15 13:00,2025-02-15 16:00,Adjusted,64
2025-02-16,2025-02-15 20:30,2025-02-16 01:30,Unbiased,237
2025-02-16,2025-02-15 20:30,2025-02-16 01:30,Adjusted,228
2025-02-16,2025-02-16 02:30,2025-02-16 07:30,Unbiased,295
2025-02-16,2025-02-16 02:30,2025-02-16 07:30,Adjusted,295
2025-02-17,2025-02-16 13:00,2025-02-16 16:00,Unbiased,124
2025-02-17,2025-02-16 13:00,2025-02-16 16:00,Adjusted,117
2025-02-17,2025-02-16 20:30,2025-02-17 01:30,Unbiased,237
2025-02-17,2025-02-16 20:30,2025-02-17 01:30,Adjusted,226
2025-02-17,2025-02-17 02:30,2025-02-17 07:30,Unbiased,295
2025-02-17,2025-02-17 02:30,2025-02-17 07:30,Adjusted,295
2025-02-18,2025-02-17 13:00,2025-02-17 16:00,Unbiased,117
2025-02-18,2025-02-17 13:00,2025-02-17 16:00,Adjusted,108
2025-02-18,2025-02-17 20:30,2025-02-18 01:30,Unbiased,260
2025-02-18,2025-02-17 20:30,2025-02-18 01:30,Adjusted,250
2025-02-18,2025-02-18 02:30,2025-02-18 07:30,Unbiased,295
2025-02-18,2025-02-18 02:30,2025-02-18 07:30,Adjusted,295
2025-02-19,2025-02-18 13:00,2025-02-18 16:00,Unbiased,107
2025-02-19,2025-02-18 13:00,2025-02-18 16:00,Adjusted,92
2025-02-19,2025-02-18 20:30,2025-02-19 01:30,Unbiased,230
2025-02-19,2025-02-18 20:30,2025-02-19 01:30,Adjusted,220
2025-02-19,2025-02-19 02:30,2025-02-19 07:30,Unbiased,295
2025-02-19,2025-02-19 02:30,2025-02-19 07:30,Adjusted,295
2025-02-20,2025-02-19 13:00,2025-02-19 16:00,Unbiased,58
2025-02-20,2025-02-19 13:00,2025-02-19 16:00,Adjusted,44
2025-02-20,2025-02-19 20:30,2025-02-20 01:30,Unbiased,141
2025-02-20,2025-02-19 20:30,2025-02-20 01:30,Adjusted,121
2025-02-20,2025-02-20 02:30,2025-02-20 07:30,Unbiased,224
2025-02-20,2025-02-20 02:30,2025-02-20 07:30,Adjusted,206
2025-02-21,2025-02-20 13:00,2025-02-20 16:00,Unbiased,0
2025-02-21,2025-02-20 13:00,2025-02-20 16:00,Adjusted,0
2025-02-21,2025-02-20 20:30,2025-02-21 01:30,Unbiased,36
2025-02-21,2025-02-20 20:30,2025-02-21 01:30,Adjusted,16
2025-02-21,2025-02-21 02:30,2025-02-21 07:30,Unbiased,144
2025-02-21,2025-02-21 02:30,2025-02-21 07:30,Adjusted,114
2025-02-22,2025-02-21 13:00,2025-02-21 16:00,Unbiased,0
2025-02-22,2025-02-21 13:00,2025-02-21 16:00,Adjusted,0
2025-02-22,2025-02-21 20:30,2025-02-22 01:30,Unbiased,31
2025-02-22,2025-02-21 20:30,2025-02-22 01:30,Adjusted,10
2025-02-22,2025-02-22 02:30,2025-02-22 07:30,Unbiased,177
2025-02-22,2025-02-22 02:30,2025-02-22 07:30,Adjusted,153
2025-02-23,2025-02-22 13:00,2025-02-22 16:00,Unbiased,0
2025-02-23,2025-02-22 13:00,2025-02-22 16:00,Adjusted,0
2025-02-23,2025-02-22 20:30,2025-02-23 01:30,Unbiased,108
2025-02-23,2025-02-22 20:30,2025-02-23 01:30,Adjusted,84
2025-02-23,2025-02-23 02:30,2025-02-23 07:30,Unbiased,221
2025-02-23,2025-02-23 02:30,2025-02-23 07:30,Adjusted,205
2025-02-24,2025-02-23 13:00,2025-02-23 16:00,Unbiased,0
2025-02-24,2025-02-23 13:00,2025-02-23 16:00,Adjusted,0
2025-02-24,2025-02-23 20:30,2025-02-24 01:30,Unbiased,70
2025-02-24,2025-02-23 20:30,2025-02-24 01:30,Adjusted,50
2025-02-24,2025-02-24 02:30,2025-02-24 07:30,Unbiased,188
2025-02-24,2025-02-24 02:30,2025-02-24 07:30,Adjusted,172
2025-02-25,2025-02-24 13:00,2025-02-24 16:00,Unbiased,0
2025-02-25,2025-02-24 13:00,2025-02-24 16:00,Adjusted,0
2025-02-25,2025-02-24 20:30,2025-02-25 01:30,Unbiased,116
2025-02-25,2025-02-24 20:30,2025-02-25 01:30,Adjusted,94
2025-02-25,2025-02-25 02:30,2025-02-25 07:30,Unbiased,225
2025-02-25,2025-02-25 02:30,2025-02-25 07:30,Adjusted,208
2025-02-26,2025-02-25 13:00,2025-02-25 16:00,Unbiased,0
2025-02-26,2025-02-25 13:00,2025-02-25 16:00,Adjusted,0
2025-02-26,2025-02-25 20:30,2025-02-26 01:30,Unbiased,164
2025-02-26,2025-02-25 20:30,2025-02-26 01:30,Adjusted,145
2025-02-26,2025-02-26 02:30,2025-02-26 07:30,Unbiased,282
2025-02-26,2025-02-26 02:30,2025-02-26 07:30,Adjusted,269
2025-02-27,2025-02-26 13:00,2025-02-26 16:00,Unbiased,36
2025-02-27,2025-02-26 13:00,2025-02-26 16:00,Adjusted,22
2025-02-27,2025-02-26 20:30,2025-02-27 01:30,Unbiased,195
2025-02-27,2025-02-26 20:30,2025-02-27 01:30,Adjusted,185
2025-02-27,2025-02-27 02:30,2025-02-27 07:30,Unbiased,295
2025-02-27,2025-02-27 02:30,2025-02-27 07:30,Adjusted,283
2025-02-28,2025-02-27 13:00,2025-02-27 16:00,Unbiased,28
2025-02-28,2025-02-27 13:00,2025-02-27 16:00,Adjusted,13
2025-02-28,2025-02-27 20:30,2025-02-28 01:30,Unbiased,184
2025-02-28,2025-02-27 20:30,2025-02-28 01:30,Adjusted,175
2025-02-28,2025-02-28 02:30,2025-02-28 07:30,Unbiased,295
2025-02-28,2025-02-28 02:30,2025-02-28 07:30,Adjusted,289
2025-03-01,2025-02-28 13:00,2025-02-28 16:00,Unbiased,28
2025-03-01,2025-02-28 13:00,2025-02-28 16:00,Adjusted,13
2025-03-01,2025-02-28 20:30,2025-03-01 01:30,Unbiased,191
2025-03-01,2025-02-28 20:30,2025-03-01 01:30,Adjusted,182
2025-03-01,2025-03-01 02:30,2025-03-01 07:30,Unbiased,295
2025-03-01,2025-03-01 02:30,2025-03-01 07:30,Adjusted,295
2025-03-02,2025-03-01 13:00,2025-03-01 16:00,Unbiased,39
2025-03-02,2025-03-01 13:00,2025-03-01 16:00,Adjusted,39
2025-03-02,2025-03-01 20:30,2025-03-02 01:30,Unbiased,190
2025-03-02,2025-03-01 20:30,2025-03-02 01:30,Adjusted,190
2025-03-02,2025-03-02 02:30,2025-03-02 07:30,Unbiased,295
2025-03-02,2025-03-02 02:30,2025-03-02 07:30,Adjusted,295
2025-03-03,2025-03-02 13:00,2025-03-02 16:00,Unbiased,24
2025-03-03,2025-03-02 13:00,2025-03-02 16:00,Adjusted,24
2025-03-03,2025-03-02 20:30,2025-03-03 01:30,Unbiased,188
2025-03-03,2025-03-02 20:30,2025-03-03 01:30,Adjusted,188
2025-03-03,2025-03-03 02:30,2025-03-03 07:30,Unbiased,295
2025-03-03,2025-03-03 02:30,2025-03-03 07:30,Adjusted,295
2025-03-04,2025-03-03 13:00,2025-03-03 16:00,Unbiased,0
2025-03-04,2025-03-03 13:00,2025-03-03 16:00,Adjusted,0
2025-03-04,2025-03-03 20:30,2025-03-04 01:30,Unbiased,158
2025-03-04,2025-03-03 20:30,2025-03-04 01:30,Adjusted,158
2025-03-04,2025-03-04 02:30,2025-03-04 07:30,Unbiased,278
2025-03-04,2025-03-04 02:30,2025-03-04 07:30,Adjusted,278
2025-03-05,2025-03-04 13:00,2025-03-04 16:00,Unbiased,0
2025-03-05,2025-03-04 13:00,2025-03-04 16:00,Adjusted,0
2025-03-05,2025-03-04 20:30,2025-03-05 01:30,Unbiased,156
2025-03-05,2025-03-04 20:30,2025-03-05 01:30,Adjusted,156
2025-03-05,2025-03-05 02:30,2025-03-05 07:30,Unbiased,280
2025-03-05,2025-03-05 02:30,2025-03-05 07:30,Adjusted,280
2025-03-06,2025-03-05 13:00,2025-03-05 16:00,Unbiased,0
2025-03-06,2025-03-05 13:00,2025-03-05 16:00,Adjusted,0
2025-03-06,2025-03-05 20:30,2025-03-06 01:30,Unbiased,108
2025-03-06,2025-03-05 20:30,2025-03-06 01:30,Adjusted,108
2025-03-06,2025-03-06 02:30,2025-03-06 07:30,Unbiased,237
2025-03-06,2025-03-06 02:30,2025-03-06 07:30,Adjusted,237
2025-03-07,2025-03-06 13:00,2025-03-06 16:00,Unbiased,0
2025-03-07,2025-03-06 13:00,2025-03-06 16:00,Adjusted,0
2025-03-07,2025-03-06 20:30,2025-03-07 01:30,Unbiased,24
2025-03-07,2025-03-06 20:30,2025-03-07 01:30,Adjusted,24
2025-03-07,2025-03-07 02:30,2025-03-07 07:30,Unbiased,170
2025-03-07,2025-03-07 02:30,2025-03-07 07:30,Adjusted,170
2025-03-08,2025-03-07 13:00,2025-03-07 16:00,Unbiased,0
2025-03-08,2025-03-07 13:00,2025-03-07 16:00,Adjusted,0
2025-03-08,2025-03-07 20:30,2025-03-08 01:30,Unbiased,23
2025-03-08,2025-03-07 20:30,2025-03-08 01:30,Adjusted,23
2025-03-08,2025-03-08 02:30,2025-03-08 07:30,Unbiased,204
2025-03-08,2025-03-08 02:30,2025-03-08 07:30,Adjusted,204
2025-03-09,2025-03-08 13:00,2025-03-08 16:00,Unbiased,0
2025-03-09,2025-03-08 13:00,2025-03-08 16:00,Adjusted,0
2025-03-09,2025-03-08 20:30,2025-03-09 01:30,Unbiased,75
2025-03-09,2025-03-08 20:30,2025-03-09 01:30,Adjusted,75
2025-03-09,2025-03-09 02:30,2025-03-09 07:30,Unbiased,217
2025-03-09,2025-03-09 02:30,2025-03-09 07:30,Adjusted,217
2025-03-10,2025-03-09 13:00,2025-03-09 16:00,Unbiased,0
2025-03-10,2025-03-09 13:00,2025-03-09 16:00,Adjusted,0
2025-03-10,2025-03-09 20:30,2025-03-10 01:30,Unbiased,63
2025-03-10,2025-03-09 20:30,2025-03-10 01:30,Adjusted,63
2025-03-10,2025-03-10 02:30,2025-03-10 07:30,Unbiased,201
2025-03-10,2025-03-10 02:30,2025-03-10 07:30,Adjusted,201
2025-03-11,2025-03-10 13:00,2025-03-10 16:00,Unbiased,0
2025-03-11,2025-03-10 13:00,2025-03-10 16:00,Adjusted,0
2025-03-11,2025-03-10 20:30,2025-03-11 01:30,Unbiased,158
2025-03-11,2025-03-10 20:30,2025-03-11 01:30,Adjusted,158
2025-03-11,2025-03-11 02:30,2025-03-11 07:30,Unbiased,264
2025-03-11,2025-03-11 02:30,2025-03-11 07:30,Adjusted,264
2025-03-12,2025-03-11 13:00,2025-03-11 16:00,Unbiased,39
2025-03-12,2025-03-11 13:00,2025-03-11 16:00,Adjusted,39
2025-03-12,2025-03-11 20:30,2025-03-12 01:30,Unbiased,190
2025-03-12,2025-03-11 20:30,2025-03-12 01:30,Adjusted,190
2025-03-12,2025-03-12 02:30,2025-03-12 07:30,Unbiased,280
2025-03-12,2025-03-12 02:30,2025-03-12 07:30,Adjusted,280
2025-03-13,2025-03-12 13:00,2025-03-12 16:00,Unbiased,32
2025-03-13,2025-03-12 13:00,2025-03-12 16:00,Adjusted,32
2025-03-13,2025-03-12 20:30,2025-03-13 01:30,Unbiased,205
2025-03-13,2025-03-12 20:30,2025-03-13 01:30,Adjusted,205
2025-03-13,2025-03-13 02:30,2025-03-13 07:30,Unbiased,295
2025-03-13,2025-03-13 02:30,2025-03-13 07:30,Adjusted,295
2025-03-14,2025-03-13 13:00,2025-03-13 16:00,Unbiased,89
2025-03-14,2025-03-13 13:00,2025-03-13 16:00,Adjusted,89
2025-03-14,2025-03-13 20:30,2025-03-14 01:30,Unbiased,216
2025-03-14,2025-03-13 20:30,2025-03-14 01:30,Adjusted,216
2025-03-14,2025-03-14 02:30,2025-03-14 07:30,Unbiased,295
2025-03-14,2025-03-14 02:30,2025-03-14 07:30,Adjusted,295
2025-03-15,2025-03-14 13:00,2025-03-14 16:00,Unbiased,52
2025-03-15,2025-03-14 13:00,2025-03-14 16:00,Adjusted,52
2025-03-15,2025-03-14 20:30,2025-03-15 01:30,Unbiased,204
2025-03-15,2025-03-14 20:30,2025-03-15 01:30,Adjusted,204
2025-03-15,2025-03-15 02:30,2025-03-15 07:30,Unbiased,295
2025-03-15,2025-03-15 02:30,2025-03-15 07:30,Adjusted,295
2025-03-16,2025-03-15 13:00,2025-03-15 16:00,Unbiased,60
2025-03-16,2025-03-15 13:00,2025-03-15 16:00,Adjusted,60
2025-03-16,2025-03-15 20:30,2025-03-16 01:30,Unbiased,230
2025-03-16,2025-03-15 20:30,2025-03-16 01:30,Adjusted,230
2025-03-16,2025-03-16 02:30,2025-03-16 07:30,Unbiased,295
2025-03-16,2025-03-16 02:30,2025-03-16 07:30,Adjusted,295
2025-03-17,2025-03-16 13:00,2025-03-16 16:00,Unbiased,50
2025-03-17,2025-03-16 13:00,2025-03-16 16:00,Adjusted,50
2025-03-17,2025-03-16 20:30,2025-03-17 01:30,Unbiased,189
2025-03-17,2025-03-16 20:30,2025-03-17 01:30,Adjusted,189
2025-03-17,2025-03-17 02:30,2025-03-17 07:30,Unbiased,295
2025-03-17,2025-03-17 02:30,2025-03-17 07:30,Adjusted,295
2025-03-18,2025-03-17 13:00,2025-03-17 16:00,Unbiased,58
2025-03-18,2025-03-17 13:00,2025-03-17 16:00,Adjusted,58
2025-03-18,2025-03-17 20:30,2025-03-18 01:30,Unbiased,213
2025-03-18,2025-03-17 20:30,2025-03-18 01:30,Adjusted,213
2025-03-18,2025-03-18 02:30,2025-03-18 07:30,Unbiased,295
2025-03-18,2025-03-18 02:30,2025-03-18 07:30,Adjusted,295
2025-03-19,2025-03-18 13:00,2025-03-18 16:00,Unbiased,32
2025-03-19,2025-03-18 13:00,2025-03-18 16:00,Adjusted,32
2025-03-19,2025-03-18 20:30,2025-03-19 01:30,Unbiased,200
2025-03-19,2025-03-18 20:30,2025-03-19 01:30,Adjusted,200
2025-03-19,2025-03-19 02:30,2025-03-19 07:30,Unbiased,295
2025-03-19,2025-03-19 02:30,2025-03-19 07:30,Adjusted,295
2025-03-20,2025-03-19 13:00,2025-03-19 16:00,Unbiased,0
2025-03-20,2025-03-19 13:00,2025-03-19 16:00,Adjusted,0
2025-03-20,2025-03-19 20:30,2025-03-20 01:30,Unbiased,0
2025-03-20,2025-03-19 20:30,2025-03-20 01:30,Adjusted,0
2025-03-20,2025-03-20 02:30,2025-03-20 07:30,Unbiased,172
2025-03-20,2025-03-20 02:30,2025-03-20 07:30,Adjusted,172
2025-03-21,2025-03-20 13:00,2025-03-20 16:00,Unbiased,0
2025-03-21,2025-03-20 13:00,2025-03-20 16:00,Adjusted,0
2025-03-21,2025-03-20 20:30,2025-03-21 01:30,Unbiased,41
2025-03-21,2025-03-20 20:30,2025-03-21 01:30,Adjusted,41
2025-03-21,2025-03-21 02:30,2025-03-21 07:30,Unbiased,205
2025-03-21,2025-03-21 02:30,2025-03-21 07:30,Adjusted,205
2025-03-22,2025-03-21 13:00,2025-03-21 16:00,Unbiased,0
2025-03-22,2025-03-21 13:00,2025-03-21 16:00,Adjusted,0
2025-03-22,2025-03-21 20:30,2025-03-22 01:30,Unbiased,0
2025-03-22,2025-03-21 20:30,2025-03-22 01:30,Adjusted,0
2025-03-22,2025-03-22 02:30,2025-03-22 07:30,Unbiased,112
2025-03-22,2025-03-22 02:30,2025-03-22 07:30,Adjusted,112
2025-03-23,2025-03-22 13:00,2025-03-22 16:00,Unbiased,0
2025-03-23,2025-03-22 13:00,2025-03-22 16:00,Adjusted,0
2025-03-23,2025-03-22 20:30,2025-03-23 01:30,Unbiased,28
2025-03-23,2025-03-22 20:30,2025-03-23 01:30,Adjusted,28
2025-03-23,2025-03-23 02:30,2025-03-23 07:30,Unbiased,182
2025-03-23,2025-03-23 02:30,2025-03-23 07:30,Adjusted,182
2025-03-24,2025-03-23 13:00,2025-03-23 16:00,Unbiased,0
2025-03-24,2025-03-23 13:00,2025-03-23 16:00,Adjusted,0
2025-03-24,2025-03-23 20:30,2025-03-24 01:30,Unbiased,133
2025-03-24,2025-03-23 20:30,2025-03-24 01:30,Adjusted,133
2025-03-24,2025-03-24 02:30,2025-03-24 07:30,Unbiased,249
2025-03-24,2025-03-24 02:30,2025-03-24 07:30,Adjusted,249
2025-03-25,2025-03-24 13:00,2025-03-24 16:00,Unbiased,0
2025-03-25,2025-03-24 13:00,2025-03-24 16:00,Adjusted,0
2025-03-25,2025-03-24 20:30,2025-03-25 01:30,Unbiased,95
2025-03-25,2025-03-24 20:30,2025-03-25 01:30,Adjusted,95
2025-03-25,2025-03-25 02:30,2025-03-25 07:30,Unbiased,240
2025-03-25,2025-03-25 02:30,2025-03-25 07:30,Adjusted,240
2025-03-26,2025-03-25 13:00,2025-03-25 16:00,Unbiased,0
2025-03-26,2025-03-25 13:00,2025-03-25 16:00,Adjusted,0
2025-03-26,2025-03-25 20:30,2025-03-26 01:30,Unbiased,20
2025-03-26,2025-03-25 20:30,2025-03-26 01:30,Adjusted,20
2025-03-26,2025-03-26 02:30,2025-03-26 07:30,Unbiased,169
2025-03-26,2025-03-26 02:30,2025-03-26 07:30,Adjusted,169
2025-03-27,2025-03-26 13:00,2025-03-26 16:00,Unbiased,0
2025-03-27,2025-03-26 13:00,2025-03-26 16:00,Adjusted,0
2025-03-27,2025-03-26 20:30,2025-03-27 01:30,Unbiased,39
2025-03-27,2025-03-26 20:30,2025-03-27 01:30,Adjusted,39
2025-03-27,2025-03-27 02:30,2025-03-27 07:30,Unbiased,195
2025-03-27,2025-03-27 02:30,2025-03-27 07:30,Adjusted,195
2025-03-28,2025-03-27 13:00,2025-03-27 16:00,Unbiased,0
2025-03-28,2025-03-27 13:00,2025-03-27 16:00,Adjusted,0
2025-03-28,2025-03-27 20:30,2025-03-28 01:30,Unbiased,15
2025-03-28,2025-03-27 20:30,2025-03-28 01:30,Adjusted,15
2025-03-28,2025-03-28 02:30,2025-03-28 07:30,Unbiased,159
2025-03-28,2025-03-28 02:30,2025-03-28 07:30,Adjusted,159
2025-03-29,2025-03-28 13:00,2025-03-28 16:00,Unbiased,0
2025-03-29,2025-03-28 13:00,2025-03-28 16:00,Adjusted,0
2025-03-29,2025-03-28 20:30,2025-03-29 01:30,Unbiased,109
2025-03-29,2025-03-28 20:30,2025-03-29 01:30,Adjusted,109
2025-03-29,2025-03-29 02:30,2025-03-29 07:30,Unbiased,249
2025-03-29,2025-03-29 02:30,2025-03-29 07:30,Adjusted,249
2025-03-30,2025-03-29 13:00,2025-03-29 16:00,Unbiased,0
2025-03-30,2025-03-29 13:00,2025-03-29 16:00,Adjusted,0
2025-03-30,2025-03-29 20:30,2025-03-30 01:30,Unbiased,35
2025-03-30,2025-03-29 20:30,2025-03-30 01:30,Adjusted,35
2025-03-30,2025-03-30 02:30,2025-03-30 07:30,Unbiased,160
2025-03-30,2025-03-30 02:30,2025-03-30 07:30,Adjusted,160
2025-03-31,2025-03-30 13:00,2025-03-30 16:00,Unbiased,0
2025-03-31,2025-03-30 13:00,2025-03-30 16:00,Adjusted,0
2025-03-31,2025-03-30 20:30,2025-03-31 01:30,Unbiased,33
2025-03-31,2025-03-30 20:30,2025-03-31 01:30,Adjusted,33
2025-03-31,2025-03-31 02:30,2025-03-31 07:30,Unbiased,199
2025-03-31,2025-03-31 02:30,2025-03-31 07:30,Adjusted,199
2025-04-01,2025-03-31 13:00,2025-03-31 16:00,Unbiased,0
2025-04-01,2025-03-31 13:00,2025-03-31 16:00,Adjusted,0
2025-04-01,2025-03-31 20:30,2025-04-01 01:30,Unbiased,127
2025-04-01,2025-03-31 20:30,2025-04-01 01:30,Adjusted,138
2025-04-01,2025-04-01 02:30,2025-04-01 07:30,Unbiased,264
2025-04-01,2025-04-01 02:30,2025-04-01 07:30,Adjusted,277
2025-04-02,2025-04-01 13:00,2025-04-01 16:00,Unbiased,0
2025-04-02,2025-04-01 13:00,2025-04-01 16:00,Adjusted,0
2025-04-02,2025-04-01 20:30,2025-04-02 01:30,Unbiased,120
2025-04-02,2025-04-01 20:30,2025-04-02 01:30,Adjusted,142
2025-04-02,2025-04-02 02:30,2025-04-02 07:30,Unbiased,250
2025-04-02,2025-04-02 02:30,2025-04-02 07:30,Adjusted,265
2025-04-03,2025-04-02 13:00,2025-04-02 16:00,Unbiased,0
2025-04-03,2025-04-02 13:00,2025-04-02 16:00,Adjusted,0
2025-04-03,2025-04-02 20:30,2025-04-03 01:30,Unbiased,83
2025-04-03,2025-04-02 20:30,2025-04-03 01:30,Adjusted,104
2025-04-03,2025-04-03 02:30,2025-04-03 07:30,Unbiased,208
2025-04-03,2025-04-03 02:30,2025-04-03 07:30,Adjusted,225
2025-04-04,2025-04-03 13:00,2025-04-03 16:00,Unbiased,0
2025-04-04,2025-04-03 13:00,2025-04-03 16:00,Adjusted,0
2025-04-04,2025-04-03 20:30,2025-04-04 01:30,Unbiased,18
2025-04-04,2025-04-03 20:30,2025-04-04 01:30,Adjusted,39
2025-04-04,2025-04-04 02:30,2025-04-04 07:30,Unbiased,177
2025-04-04,2025-04-04 02:30,2025-04-04 07:30,Adjusted,193
2025-04-05,2025-04-04 13:00,2025-04-04 16:00,Unbiased,0
2025-04-05,2025-04-04 13:00,2025-04-04 16:00,Adjusted,0
2025-04-05,2025-04-04 20:30,2025-04-05 01:30,Unbiased,54
2025-04-05,2025-04-04 20:30,2025-04-05 01:30,Adjusted,74
2025-04-05,2025-04-05 02:30,2025-04-05 07:30,Unbiased,235
2025-04-05,2025-04-05 02:30,2025-04-05 07:30,Adjusted,249
2025-04-06,2025-04-05 13:00,2025-04-05 16:00,Unbiased,0
2025-04-06,2025-04-05 13:00,2025-04-05 16:00,Adjusted,0
2025-04-06,2025-04-05 20:30,2025-04-06 01:30,Unbiased,156
2025-04-06,2025-04-05 20:30,2025-04-06 01:30,Adjusted,165
2025-04-06,2025-04-06 02:30,2025-04-06 07:30,Unbiased,280
2025-04-06,2025-04-06 02:30,2025-04-06 07:30,Adjusted,295
2025-04-07,2025-04-06 13:00,2025-04-06 16:00,Unbiased,0
2025-04-07,2025-04-06 13:00,2025-04-06 16:00,Adjusted,0
2025-04-07,2025-04-06 20:30,2025-04-07 01:30,Unbiased,157
2025-04-07,2025-04-06 20:30,2025-04-07 01:30,Adjusted,168
2025-04-07,2025-04-07 02:30,2025-04-07 07:30,Unbiased,284
2025-04-07,2025-04-07 02:30,2025-04-07 07:30,Adjusted,295
2025-04-08,2025-04-07 13:00,2025-04-07 16:00,Unbiased,0
2025-04-08,2025-04-07 13:00,2025-04-07 16:00,Adjusted,0
2025-04-08,2025-04-07 20:30,2025-04-08 01:30,Unbiased,132
2025-04-08,2025-04-07 20:30,2025-04-08 01:30,Adjusted,132
2025-04-08,2025-04-08 02:30,2025-04-08 07:30,Unbiased,264
2025-04-08,2025-04-08 02:30,2025-04-08 07:30,Adjusted,264
2025-04-09,2025-04-08 13:00,2025-04-08 16:00,Unbiased,0
2025-04-09,2025-04-08 13:00,2025-04-08 16:00,Adjusted,0
2025-04-09,2025-04-08 20:30,2025-04-09 01:30,Unbiased,109
2025-04-09,2025-04-08 20:30,2025-04-09 01:30,Adjusted,109
2025-04-09,2025-04-09 02:30,2025-04-09 07:30,Unbiased,255
2025-04-09,2025-04-09 02:30,2025-04-09 07:30,Adjusted,255
2025-04-10,2025-04-09 13:00,2025-04-09 16:00,Unbiased,0
2025-04-10,2025-04-09 13:00,2025-04-09 16:00,Adjusted,7
2025-04-10,2025-04-09 20:30,2025-04-10 01:30,Unbiased,367
2025-04-10,2025-04-09 20:30,2025-04-10 01:30,Adjusted,378
2025-04-10,2025-04-10 02:30,2025-04-10 07:30,Unbiased,488
2025-04-10,2025-04-10 02:30,2025-04-10 07:30,Adjusted,506
2025-04-11,2025-04-10 13:00,2025-04-10 16:00,Unbiased,0
2025-04-11,2025-04-10 13:00,2025-04-10 16:00,Adjusted,0
2025-04-11,2025-04-10 20:30,2025-04-11 01:30,Unbiased,213
2025-04-11,2025-04-10 20:30,2025-04-11 01:30,Adjusted,237
2025-04-11,2025-04-11 02:30,2025-04-11 07:30,Unbiased,400
2025-04-11,2025-04-11 02:30,2025-04-11 07:30,Adjusted,415
2025-04-12,2025-04-11 13:00,2025-04-11 16:00,Unbiased,0
2025-04-12,2025-04-11 13:00,2025-04-11 16:00,Adjusted,0
2025-04-12,2025-04-11 20:30,2025-04-12 01:30,Unbiased,0
2025-04-12,2025-04-11 20:30,2025-04-12 01:30,Adjusted,0
2025-04-12,2025-04-12 02:30,2025-04-12 07:30,Unbiased,180
2025-04-12,2025-04-12 02:30,2025-04-12 07:30,Adjusted,191
2025-04-13,2025-04-12 13:00,2025-04-12 16:00,Unbiased,0
2025-04-13,2025-04-12 13:00,2025-04-12 16:00,Adjusted,0
2025-04-13,2025-04-12 20:30,2025-04-13 01:30,Unbiased,0
2025-04-13,2025-04-12 20:30,2025-04-13 01:30,Adjusted,0
2025-04-13,2025-04-13 02:30,2025-04-13 07:30,Unbiased,29
2025-04-13,2025-04-13 02:30,2025-04-13 07:30,Adjusted,55
2025-04-14,2025-04-13 13:00,2025-04-13 16:00,Unbiased,0
2025-04-14,2025-04-13 13:00,2025-04-13 16:00,Adjusted,0
2025-04-14,2025-04-13 20:30,2025-04-14 01:30,Unbiased,1
2025-04-14,2025-04-13 20:30,2025-04-14 01:30,Adjusted,22
2025-04-14,2025-04-14 02:30,2025-04-14 07:30,Unbiased,177
2025-04-14,2025-04-14 02:30,2025-04-14 07:30,Adjusted,201
2025-04-15,2025-04-14 13:00,2025-04-14 16:00,Unbiased,0
2025-04-15,2025-04-14 13:00,2025-04-14 16:00,Adjusted,0
2025-04-15,2025-04-14 20:30,2025-04-15 01:30,Unbiased,0
2025-04-15,2025-04-14 20:30,2025-04-15 01:30,Adjusted,6
2025-04-15,2025-04-15 02:30,2025-04-15 07:30,Unbiased,182
2025-04-15,2025-04-15 02:30,2025-04-15 07:30,Adjusted,194
2025-04-16,2025-04-15 13:00,2025-04-15 16:00,Unbiased,0
2025-04-16,2025-04-15 13:00,2025-04-15 16:00,Adjusted,0
2025-04-16,2025-04-15 20:30,2025-04-16 01:30,Unbiased,38
2025-04-16,2025-04-15 20:30,2025-04-16 01:30,Adjusted,61
2025-04-16,2025-04-16 02:30,2025-04-16 07:30,Unbiased,196
2025-04-16,2025-04-16 02:30,2025-04-16 07:30,Adjusted,209
2025-04-17,2025-04-16 13:00,2025-04-16 16:00,Unbiased,0
2025-04-17,2025-04-16 13:00,2025-04-16 16:00,Adjusted,0
2025-04-17,2025-04-16 20:30,2025-04-17 01:30,Unbiased,38
2025-04-17,2025-04-16 20:30,2025-04-17 01:30,Adjusted,59
2025-04-17,2025-04-17 02:30,2025-04-17 07:30,Unbiased,194
2025-04-17,2025-04-17 02:30,2025-04-17 07:30,Adjusted,207
2025-04-18,2025-04-17 13:00,2025-04-17 16:00,Unbiased,0
2025-04-18,2025-04-17 13:00,2025-04-17 16:00,Adjusted,0
2025-04-18,2025-04-17 20:30,2025-04-18 01:30,Unbiased,0
2025-04-18,2025-04-17 20:30,2025-04-18 01:30,Adjusted,7
2025-04-18,2025-04-18 02:30,2025-04-18 07:30,Unbiased,166
2025-04-18,2025-04-18 02:30,2025-04-18 07:30,Adjusted,190
2025-04-19,2025-04-18 13:00,2025-04-18 16:00,Unbiased,0
2025-04-19,2025-04-18 13:00,2025-04-18 16:00,Adjusted,0
2025-04-19,2025-04-18 20:30,2025-04-19 01:30,Unbiased,0
2025-04-19,2025-04-18 20:30,2025-04-19 01:30,Adjusted,0
2025-04-19,2025-04-19 02:30,2025-04-19 07:30,Unbiased,139
2025-04-19,2025-04-19 02:30,2025-04-19 07:30,Adjusted,166
2025-04-21,2025-04-20 13:00,2025-04-20 16:00,Unbiased,0
2025-04-21,2025-04-20 13:00,2025-04-20 16:00,Adjusted,0
2025-04-21,2025-04-20 20:30,2025-04-21 01:30,Unbiased,81
2025-04-21,2025-04-20 20:30,2025-04-21 01:30,Adjusted,103
2025-04-21,2025-04-21 02:30,2025-04-21 07:30,Unbiased,198
2025-04-21,2025-04-21 02:30,2025-04-21 07:30,Adjusted,211
2025-04-22,2025-04-21 13:00,2025-04-21 16:00,Unbiased,0
2025-04-22,2025-04-21 13:00,2025-04-21 16:00,Adjusted,0
2025-04-22,2025-04-21 20:30,2025-04-22 01:30,Unbiased,30
2025-04-22,2025-04-21 20:30,2025-04-22 01:30,Adjusted,52
2025-04-22,2025-04-22 02:30,2025-04-22 07:30,Unbiased,191
2025-04-22,2025-04-22 02:30,2025-04-22 07:30,Adjusted,207
2025-04-23,2025-04-22 13:00,2025-04-22 16:00,Unbiased,0
2025-04-23,2025-04-22 13:00,2025-04-22 16:00,Adjusted,0
2025-04-23,2025-04-22 20:30,2025-04-23 01:30,Unbiased,0
2025-04-23,2025-04-22 20:30,2025-04-23 01:30,Adjusted,16
2025-04-23,2025-04-23 02:30,2025-04-23 07:30,Unbiased,172
2025-04-23,2025-04-23 02:30,2025-04-23 07:30,Adjusted,186
2025-04-24,2025-04-23 13:00,2025-04-23 16:00,Unbiased,0
2025-04-24,2025-04-23 13:00,2025-04-23 16:00,Adjusted,0
2025-04-24,2025-04-23 20:30,2025-04-24 01:30,Unbiased,42
2025-04-24,2025-04-23 20:30,2025-04-24 01:30,Adjusted,63
2025-04-24,2025-04-24 02:30,2025-04-24 07:30,Unbiased,206
2025-04-24,2025-04-24 02:30,2025-04-24 07:30,Adjusted,220
2025-04-25,2025-04-24 13:00,2025-04-24 16:00,Unbiased,0
2025-04-25,2025-04-24 13:00,2025-04-24 16:00,Adjusted,0
2025-04-25,2025-04-24 20:30,2025-04-25 01:30,Unbiased,58
2025-04-25,2025-04-24 20:30,2025-04-25 01:30,Adjusted,78
2025-04-25,2025-04-25 02:30,2025-04-25 07:30,Unbiased,218
2025-04-25,2025-04-25 02:30,2025-04-25 07:30,Adjusted,234
2025-04-26,2025-04-25 13:00,2025-04-25 16:00,Unbiased,0
2025-04-26,2025-04-25 13:00,2025-04-25 16:00,Adjusted,0
2025-04-26,2025-04-25 20:30,2025-04-26 01:30,Unbiased,83
2025-04-26,2025-04-25 20:30,2025-04-26 01:30,Adjusted,102
2025-04-26,2025-04-26 02:30,2025-04-26 07:30,Unbiased,211
2025-04-26,2025-04-26 02:30,2025-04-26 07:30,Adjusted,224
2025-04-27,2025-04-26 13:00,2025-04-26 16:00,Unbiased,0
2025-04-27,2025-04-26 13:00,2025-04-26 16:00,Adjusted,0
2025-04-27,2025-04-26 20:30,2025-04-27 01:30,Unbiased,39
2025-04-27,2025-04-26 20:30,2025-04-27 01:30,Adjusted,60
2025-04-27,2025-04-27 02:30,2025-04-27 07:30,Unbiased,166
2025-04-27,2025-04-27 02:30,2025-04-27 07:30,Adjusted,192
2025-04-28,2025-04-27 13:00,2025-04-27 16:00,Unbiased,0
2025-04-28,2025-04-27 13:00,2025-04-27 16:00,Adjusted,0
2025-04-28,2025-04-27 20:30,2025-04-28 01:30,Unbiased,0
2025-04-28,2025-04-27 20:30,2025-04-28 01:30,Adjusted,0
2025-04-28,2025-04-28 02:30,2025-04-28 07:30,Unbiased,2
2025-04-28,2025-04-28 02:30,2025-04-28 07:30,Adjusted,31
2025-04-29,2025-04-28 13:00,2025-04-28 16:00,Unbiased,0
2025-04-29,2025-04-28 13:00,2025-04-28 16:00,Adjusted,0
2025-04-29,2025-04-28 20:30,2025-04-29 01:30,Unbiased,0
2025-04-29,2025-04-28 20:30,2025-04-29 01:30,Adjusted,0
2025-04-29,2025-04-29 02:30,2025-04-29 07:30,Unbiased,92
2025-04-29,2025-04-29 02:30,2025-04-29 07:30,Adjusted,113
2025-05-15,2025-05-14 13:00,2025-05-14 16:00,Unbiased,0
2025-05-15,2025-05-14 13:00,2025-05-14 16:00,Adjusted,0
2025-05-15,2025-05-14 20:30,2025-05-15 01:30,Unbiased,0
2025-05-15,2025-05-14 20:30,2025-05-15 01:30,Adjusted,0
2025-05-15,2025-05-15 02:30,2025-05-15 07:30,Unbiased,179
2025-05-15,2025-05-15 02:30,2025-05-15 07:30,Adjusted,179
2025-10-03,2025-10-02 13:00,2025-10-02 16:00,Unbiased,0
2025-10-03,2025-10-02 13:00,2025-10-02 16:00,Adjusted,0
2025-10-03,2025-10-02 20:30,2025-10-03 01:30,Unbiased,0
2025-10-03,2025-10-02 20:30,2025-10-03 01:30,Adjusted,0
2025-10-03,2025-10-03 02:30,2025-10-03 07:30,Unbiased,0
2025-10-03,2025-10-03 02:30,2025-10-03 07:30,Adjusted,30
2025-10-04,2025-10-03 13:00,2025-10-03 16:00,Unbiased,0
2025-10-04,2025-10-03 13:00,2025-10-03 16:00,Adjusted,0
2025-10-04,2025-10-03 20:30,2025-10-04 01:30,Unbiased,0
2025-10-04,2025-10-03 20:30,2025-10-04 01:30,Adjusted,0
2025-10-04,2025-10-04 02:30,2025-10-04 07:30,Unbiased,106
2025-10-04,2025-10-04 02:30,2025-10-04 07:30,Adjusted,136
2025-10-05,2025-10-04 13:00,2025-10-04 16:00,Unbiased,0
2025-10-05,2025-10-04 13:00,2025-10-04 16:00,Adjusted,0
2025-10-05,2025-10-04 20:30,2025-10-05 01:30,Unbiased,14
2025-10-05,2025-10-04 20:30,2025-10-05 01:30,Adjusted,33
2025-10-05,2025-10-05 02:30,2025-10-05 07:30,Unbiased,170
2025-10-05,2025-10-05 02:30,2025-10-05 07:30,Adjusted,185
2025-10-06,2025-10-05 13:00,2025-10-05 16:00,Unbiased,0
2025-10-06,2025-10-05 13:00,2025-10-05 16:00,Adjusted,0
2025-10-06,2025-10-05 20:30,2025-10-06 01:30,Unbiased,0
2025-10-06,2025-10-05 20:30,2025-10-06 01:30,Adjusted,11
2025-10-06,2025-10-06 02:30,2025-10-06 07:30,Unbiased,141
2025-10-06,2025-10-06 02:30,2025-10-06 07:30,Adjusted,169
2025-10-07,2025-10-06 13:00,2025-10-06 16:00,Unbiased,0
2025-10-07,2025-10-06 13:00,2025-10-06 16:00,Adjusted,0
2025-10-07,2025-10-06 20:30,2025-10-07 01:30,Unbiased,0
2025-10-07,2025-10-06 20:30,2025-10-07 01:30,Adjusted,0
2025-10-07,2025-10-07 02:30,2025-10-07 07:30,Unbiased,58
2025-10-07,2025-10-07 02:30,2025-10-07 07:30,Adjusted,87
2025-10-08,2025-10-07 13:00,2025-10-07 16:00,Unbiased,0
2025-10-08,2025-10-07 13:00,2025-10-07 16:00,Adjusted,0
2025-10-08,2025-10-07 20:30,2025-10-08 01:30,Unbiased,0
2025-10-08,2025-10-07 20:30,2025-10-08 01:30,Adjusted,0
2025-10-08,2025-10-08 02:30,2025-10-08 07:30,Unbiased,42
2025-10-08,2025-10-08 02:30,2025-10-08 07:30,Adjusted,75
2025-10-09,2025-10-08 13:00,2025-10-08 16:00,Unbiased,0
2025-10-09,2025-10-08 13:00,2025-10-08 16:00,Adjusted,0
2025-10-09,2025-10-08 20:30,2025-10-09 01:30,Unbiased,0
2025-10-09,2025-10-08 20:30,2025-10-09 01:30,Adjusted,0
2025-10-09,2025-10-09 02:30,2025-10-09 07:30,Unbiased,130
2025-10-09,2025-10-09 02:30,2025-10-09 07:30,Adjusted,157
2025-10-10,2025-10-09 13:00,2025-10-09 16:00,Unbiased,0
2025-10-10,2025-10-09 13:00,2025-10-09 16:00,Adjusted,0
2025-10-10,2025-10-09 20:30,2025-10-10 01:30,Unbiased,0
2025-10-10,2025-10-09 20:30,2025-10-10 01:30,Adjusted,0
2025-10-10,2025-10-10 02:30,2025-10-10 07:30,Unbiased,29
2025-10-10,2025-10-10 02:30,2025-10-10 07:30,Adjusted,59
2025-10-11,2025-10-10 13:00,2025-10-10 16:00,Unbiased,0
2025-10-11,2025-10-10 13:00,2025-10-10 16:00,Adjusted,0
2025-10-11,2025-10-10 20:30,2025-10-11 01:30,Unbiased,0
2025-10-11,2025-10-10 20:30,2025-10-11 01:30,Adjusted,0
2025-10-11,2025-10-11 02:30,2025-10-11 07:30,Unbiased,88
2025-10-11,2025-10-11 02:30,2025-10-11 07:30,Adjusted,121
2025-10-12,2025-10-11 13:00,2025-10-11 16:00,Unbiased,0
2025-10-12,2025-10-11 13:00,2025-10-11 16:00,Adjusted,0
2025-10-12,2025-10-11 20:30,2025-10-12 01:30,Unbiased,40
2025-10-12,2025-10-11 20:30,2025-10-12 01:30,Adjusted,62
2025-10-12,2025-10-12 02:30,2025-10-12 07:30,Unbiased,189
2025-10-12,2025-10-12 02:30,2025-10-12 07:30,Adjusted,205
2025-10-13,2025-10-12 13:00,2025-10-12 16:00,Unbiased,0
2025-10-13,2025-10-12 13:00,2025-10-12 16:00,Adjusted,0
2025-10-13,2025-10-12 20:30,2025-10-13 01:30,Unbiased,2
2025-10-13,2025-10-12 20:30,2025-10-13 01:30,Adjusted,25
2025-10-13,2025-10-13 02:30,2025-10-13 07:30,Unbiased,100
2025-10-13,2025-10-13 02:30,2025-10-13 07:30,Adjusted,131
2025-10-14,2025-10-13 13:00,2025-10-13 16:00,Unbiased,0
2025-10-14,2025-10-13 13:00,2025-10-13 16:00,Adjusted,0
2025-10-14,2025-10-13 20:30,2025-10-14 01:30,Unbiased,0
2025-10-14,2025-10-13 20:30,2025-10-14 01:30,Adjusted,10
2025-10-14,2025-10-14 02:30,2025-10-14 07:30,Unbiased,138
2025-10-14,2025-10-14 02:30,2025-10-14 07:30,Adjusted,160
2025-10-15,2025-10-14 13:00,2025-10-14 16:00,Unbiased,0
2025-10-15,2025-10-14 13:00,2025-10-14 16:00,Adjusted,0
2025-10-15,2025-10-14 20:30,2025-10-15 01:30,Unbiased,34
2025-10-15,2025-10-14 20:30,2025-10-15 01:30,Adjusted,58
2025-10-15,2025-10-15 02:30,2025-10-15 07:30,Unbiased,179
2025-10-15,2025-10-15 02:30,2025-10-15 07:30,Adjusted,199
2025-10-16,2025-10-15 13:00,2025-10-15 16:00,Unbiased,0
2025-10-16,2025-10-15 13:00,2025-10-15 16:00,Adjusted,0
2025-10-16,2025-10-15 20:30,2025-10-16 01:30,Unbiased,28
2025-10-16,2025-10-15 20:30,2025-10-16 01:30,Adjusted,49
2025-10-16,2025-10-16 02:30,2025-10-16 07:30,Unbiased,174
2025-10-16,2025-10-16 02:30,2025-10-16 07:30,Adjusted,189
2025-10-17,2025-10-16 13:00,2025-10-16 16:00,Unbiased,0
2025-10-17,2025-10-16 13:00,2025-10-16 16:00,Adjusted,0
2025-10-17,2025-10-16 20:30,2025-10-17 01:30,Unbiased,0
2025-10-17,2025-10-16 20:30,2025-10-17 01:30,Adjusted,10
2025-10-17,2025-10-17 02:30,2025-10-17 07:30,Unbiased,119
2025-10-17,2025-10-17 02:30,2025-10-17 07:30,Adjusted,149
2025-10-18,2025-10-17 13:00,2025-10-17 16:00,Unbiased,0
2025-10-18,2025-10-17 13:00,2025-10-17 16:00,Adjusted,0
2025-10-18,2025-10-17 20:30,2025-10-18 01:30,Unbiased,11
2025-10-18,2025-10-17 20:30,2025-10-18 01:30,Adjusted,32
2025-10-18,2025-10-18 02:30,2025-10-18 07:30,Unbiased,152
2025-10-18,2025-10-18 02:30,2025-10-18 07:30,Adjusted,175
2025-10-19,2025-10-18 13:00,2025-10-18 16:00,Unbiased,0
2025-10-19,2025-10-18 13:00,2025-10-18 16:00,Adjusted,0
2025-10-19,2025-10-18 20:30,2025-10-19 01:30,Unbiased,14
2025-10-19,2025-10-18 20:30,2025-10-19 01:30,Adjusted,35
2025-10-19,2025-10-19 02:30,2025-10-19 07:30,Unbiased,121
2025-10-19,2025-10-19 02:30,2025-10-19 07:30,Adjusted,151
2025-10-20,2025-10-19 13:00,2025-10-19 16:00,Unbiased,0
2025-10-20,2025-10-19 13:00,2025-10-19 16:00,Adjusted,0
2025-10-20,2025-10-19 20:30,2025-10-20 01:30,Unbiased,0
2025-10-20,2025-10-19 20:30,2025-10-20 01:30,Adjusted,0
2025-10-20,2025-10-20 02:30,2025-10-20 07:30,Unbiased,88
2025-10-20,2025-10-20 02:30,2025-10-20 07:30,Adjusted,126
2025-10-21,2025-10-20 13:00,2025-10-20 16:00,Unbiased,0
2025-10-21,2025-10-20 13:00,2025-10-20 16:00,Adjusted,0
2025-10-21,2025-10-20 20:30,2025-10-21 01:30,Unbiased,2
2025-10-21,2025-10-20 20:30,2025-10-21 01:30,Adjusted,23
2025-10-21,2025-10-21 02:30,2025-10-21 07:30,Unbiased,129
2025-10-21,2025-10-21 02:30,2025-10-21 07:30,Adjusted,164
2025-10-22,2025-10-21 13:00,2025-10-21 16:00,Unbiased,0
2025-10-22,2025-10-21 13:00,2025-10-21 16:00,Adjusted,0
2025-10-22,2025-10-21 20:30,2025-10-22 01:30,Unbiased,33
2025-10-22,2025-10-21 20:30,2025-10-22 01:30,Adjusted,55
2025-10-22,2025-10-22 02:30,2025-10-22 07:30,Unbiased,178
2025-10-22,2025-10-22 02:30,2025-10-22 07:30,Adjusted,195
2025-10-23,2025-10-22 13:00,2025-10-22 16:00,Unbiased,0
2025-10-23,2025-10-22 13:00,2025-10-22 16:00,Adjusted,0
2025-10-23,2025-10-22 20:30,2025-10-23 01:30,Unbiased,64
2025-10-23,2025-10-22 20:30,2025-10-23 01:30,Adjusted,86
2025-10-23,2025-10-23 02:30,2025-10-23 07:30,Unbiased,212
2025-10-23,2025-10-23 02:30,2025-10-23 07:30,Adjusted,228
2025-10-24,2025-10-23 13:00,2025-10-23 16:00,Unbiased,0
2025-10-24,2025-10-23 13:00,2025-10-23 16:00,Adjusted,0
2025-10-24,2025-10-23 20:30,2025-10-24 01:30,Unbiased,147
2025-10-24,2025-10-23 20:30,2025-10-24 01:30,Adjusted,167
2025-10-24,2025-10-24 02:30,2025-10-24 07:30,Unbiased,265
2025-10-24,2025-10-24 02:30,2025-10-24 07:30,Adjusted,280
2025-10-25,2025-10-24 13:00,2025-10-24 16:00,Unbiased,0
2025-10-25,2025-10-24 13:00,2025-10-24 16:00,Adjusted,0
2025-10-25,2025-10-24 20:30,2025-10-25 01:30,Unbiased,89
2025-10-25,2025-10-24 20:30,2025-10-25 01:30,Adjusted,108
2025-10-25,2025-10-25 02:30,2025-10-25 07:30,Unbiased,223
2025-10-25,2025-10-25 02:30,2025-10-25 07:30,Adjusted,236
2025-10-26,2025-10-25 13:00,2025-10-25 16:00,Unbiased,0
2025-10-26,2025-10-25 13:00,2025-10-25 16:00,Adjusted,0
2025-10-26,2025-10-25 20:30,2025-10-26 01:30,Unbiased,160
2025-10-26,2025-10-25 20:30,2025-10-26 01:30,Adjusted,194
2025-10-26,2025-10-26 02:30,2025-10-26 07:30,Unbiased,271
2025-10-26,2025-10-26 02:30,2025-10-26 07:30,Adjusted,286
2025-10-27,2025-10-26 13:00,2025-10-26 16:00,Unbiased,7
2025-10-27,2025-10-26 13:00,2025-10-26 16:00,Adjusted,20
2025-10-27,2025-10-26 20:30,2025-10-27 01:30,Unbiased,80
2025-10-27,2025-10-26 20:30,2025-10-27 01:30,Adjusted,101
2025-10-27,2025-10-27 02:30,2025-10-27 07:30,Unbiased,203
2025-10-27,2025-10-27 02:30,2025-10-27 07:30,Adjusted,215
2025-10-28,2025-10-27 13:00,2025-10-27 16:00,Unbiased,0
2025-10-28,2025-10-27 13:00,2025-10-27 16:00,Adjusted,0
2025-10-28,2025-10-27 20:30,2025-10-28 01:30,Unbiased,34
2025-10-28,2025-10-27 20:30,2025-10-28 01:30,Adjusted,54
2025-10-28,2025-10-28 02:30,2025-10-28 07:30,Unbiased,146
2025-10-28,2025-10-28 02:30,2025-10-28 07:30,Adjusted,172
2025-10-29,2025-10-28 13:00,2025-10-28 16:00,Unbiased,0
2025-10-29,2025-10-28 13:00,2025-10-28 16:00,Adjusted,0
2025-10-29,2025-10-28 20:30,2025-10-29 01:30,Unbiased,16
2025-10-29,2025-10-28 20:30,2025-10-29 01:30,Adjusted,37
2025-10-29,2025-10-29 02:30,2025-10-29 07:30,Unbiased,139
2025-10-29,2025-10-29 02:30,2025-10-29 07:30,Adjusted,165
2025-10-30,2025-10-29 13:00,2025-10-29 16:00,Unbiased,0
2025-10-30,2025-10-29 13:00,2025-10-29 16:00,Adjusted,0
2025-10-30,2025-10-29 20:30,2025-10-30 01:30,Unbiased,132
2025-10-30,2025-10-29 20:30,2025-10-30 01:30,Adjusted,153
2025-10-30,2025-10-30 02:30,2025-10-30 07:30,Unbiased,254
2025-10-30,2025-10-30 02:30,2025-10-30 07:30,Adjusted,268
2025-10-31,2025-10-30 13:00,2025-10-30 16:00,Unbiased,0
2025-10-31,2025-10-30 13:00,2025-10-30 16:00,Adjusted,0
2025-10-31,2025-10-30 20:30,2025-10-31 01:30,Unbiased,14
2025-10-31,2025-10-30 20:30,2025-10-31 01:30,Adjusted,33
2025-10-31,2025-10-31 02:30,2025-10-31 07:30,Unbiased,95
2025-10-31,2025-10-31 02:30,2025-10-31 07:30,Adjusted,126
2025-11-01,2025-10-31 13:00,2025-10-31 16:00,Unbiased,0
2025-11-01,2025-10-31 13:00,2025-10-31 16:00,Adjusted,0
2025-11-01,2025-10-31 20:30,2025-11-01 01:30,Unbiased,0
2025-11-01,2025-10-31 20:30,2025-11-01 01:30,Adjusted,0
2025-11-01,2025-11-01 02:30,2025-11-01 07:30,Unbiased,121
2025-11-01,2025-11-01 02:30,2025-11-01 07:30,Adjusted,121
2025-11-02,2025-11-01 13:00,2025-11-01 16:00,Unbiased,0
2025-11-02,2025-11-01 13:00,2025-11-01 16:00,Adjusted,0
2025-11-02,2025-11-01 20:30,2025-11-02 01:30,Unbiased,81
2025-11-02,2025-11-01 20:30,2025-11-02 01:30,Adjusted,81
2025-11-02,2025-11-02 02:30,2025-11-02 07:30,Unbiased,217
2025-11-02,2025-11-02 02:30,2025-11-02 07:30,Adjusted,217
2025-11-03,2025-11-02 13:00,2025-11-02 16:00,Unbiased,0
2025-11-03,2025-11-02 13:00,2025-11-02 16:00,Adjusted,0
2025-11-03,2025-11-02 20:30,2025-11-03 01:30,Unbiased,115
2025-11-03,2025-11-02 20:30,2025-11-03 01:30,Adjusted,115
2025-11-03,2025-11-03 02:30,2025-11-03 07:30,Unbiased,188
2025-11-03,2025-11-03 02:30,2025-11-03 07:30,Adjusted,188
2025-11-04,2025-11-03 13:00,2025-11-03 16:00,Unbiased,0
2025-11-04,2025-11-03 13:00,2025-11-03 16:00,Adjusted,0
2025-11-04,2025-11-03 20:30,2025-11-04 01:30,Unbiased,0
2025-11-04,2025-11-03 20:30,2025-11-04 01:30,Adjusted,0
2025-11-04,2025-11-04 02:30,2025-11-04 07:30,Unbiased,60
2025-11-04,2025-11-04 02:30,2025-11-04 07:30,Adjusted,60
2025-11-05,2025-11-04 13:00,2025-11-04 16:00,Unbiased,0
2025-11-05,2025-11-04 13:00,2025-11-04 16:00,Adjusted,0
2025-11-05,2025-11-04 20:30,2025-11-05 01:30,Unbiased,0
2025-11-05,2025-11-04 20:30,2025-11-05 01:30,Adjusted,0
2025-11-05,2025-11-05 02:30,2025-11-05 07:30,Unbiased,19
2025-11-05,2025-11-05 02:30,2025-11-05 07:30,Adjusted,19
2025-11-06,2025-11-05 13:00,2025-11-05 16:00,Unbiased,0
2025-11-06,2025-11-05 13:00,2025-11-05 16:00,Adjusted,0
2025-11-06,2025-11-05 20:30,2025-11-06 01:30,Unbiased,0
2025-11-06,2025-11-05 20:30,2025-11-06 01:30,Adjusted,0
2025-11-06,2025-11-06 02:30,2025-11-06 07:30,Unbiased,0
2025-11-06,2025-11-06 02:30,2025-11-06 07:30,Adjusted,0
2025-11-07,2025-11-06 13:00,2025-11-06 16:00,Unbiased,0
2025-11-07,2025-11-06 13:00,2025-11-06 16:00,Adjusted,0
2025-11-07,2025-11-06 20:30,2025-11-07 01:30,Unbiased,0
2025-11-07,2025-11-06 20:30,2025-11-07 01:30,Adjusted,0
2025-11-07,2025-11-07 02:30,2025-11-07 07:30,Unbiased,41
2025-11-07,2025-11-07 02:30,2025-11-07 07:30,Adjusted,41
2025-11-08,2025-11-07 13:00,2025-11-07 16:00,Unbiased,0
2025-11-08,2025-11-07 13:00,2025-11-07 16:00,Adjusted,0
2025-11-08,2025-11-07 20:30,2025-11-08 01:30,Unbiased,0
2025-11-08,2025-11-07 20:30,2025-11-08 01:30,Adjusted,0
2025-11-08,2025-11-08 02:30,2025-11-08 07:30,Unbiased,90
2025-11-08,2025-11-08 02:30,2025-11-08 07:30,Adjusted,90
2025-11-09,2025-11-08 13:00,2025-11-08 16:00,Unbiased,0
2025-11-09,2025-11-08 13:00,2025-11-08 16:00,Adjusted,0
2025-11-09,2025-11-08 20:30,2025-11-09 01:30,Unbiased,66
2025-11-09,2025-11-08 20:30,2025-11-09 01:30,Adjusted,66
2025-11-09,2025-11-09 02:30,2025-11-09 07:30,Unbiased,202
2025-11-09,2025-11-09 02:30,2025-11-09 07:30,Adjusted,202
2025-11-10,2025-11-09 13:00,2025-11-09 16:00,Unbiased,0
2025-11-10,2025-11-09 13:00,2025-11-09 16:00,Adjusted,0
2025-11-10,2025-11-09 20:30,2025-11-10 01:30,Unbiased,0
2025-11-10,2025-11-09 20:30,2025-11-10 01:30,Adjusted,0
2025-11-10,2025-11-10 02:30,2025-11-10 07:30,Unbiased,105
2025-11-10,2025-11-10 02:30,2025-11-10 07:30,Adjusted,105
2025-11-11,2025-11-10 13:00,2025-11-10 16:00,Unbiased,0
2025-11-11,2025-11-10 13:00,2025-11-10 16:00,Adjusted,0
2025-11-11,2025-11-10 20:30,2025-11-11 01:30,Unbiased,95
2025-11-11,2025-11-10 20:30,2025-11-11 01:30,Adjusted,95
2025-11-11,2025-11-11 02:30,2025-11-11 07:30,Unbiased,213
2025-11-11,2025-11-11 02:30,2025-11-11 07:30,Adjusted,213
2025-11-12,2025-11-11 13:00,2025-11-11 16:00,Unbiased,0
2025-11-12,2025-11-11 13:00,2025-11-11 16:00,Adjusted,0
2025-11-12,2025-11-11 20:30,2025-11-12 01:30,Unbiased,0
2025-11-12,2025-11-11 20:30,2025-11-12 01:30,Adjusted,0
2025-11-12,2025-11-12 02:30,2025-11-12 07:30,Unbiased,61
2025-11-12,2025-11-12 02:30,2025-11-12 07:30,Adjusted,61
2025-11-13,2025-11-12 13:00,2025-11-12 16:00,Unbiased,0
2025-11-13,2025-11-12 13:00,2025-11-12 16:00,Adjusted,0
2025-11-13,2025-11-12 20:30,2025-11-13 01:30,Unbiased,0
2025-11-13,2025-11-12 20:30,2025-11-13 01:30,Adjusted,0
2025-11-13,2025-11-13 02:30,2025-11-13 07:30,Unbiased,78
2025-11-13,2025-11-13 02:30,2025-11-13 07:30,Adjusted,78
2025-11-14,2025-11-13 13:00,2025-11-13 16:00,Unbiased,0
2025-11-14,2025-11-13 13:00,2025-11-13 16:00,Adjusted,0
2025-11-14,2025-11-13 20:30,2025-11-14 01:30,Unbiased,0
2025-11-14,2025-11-13 20:30,2025-11-14 01:30,Adjusted,0
2025-11-14,2025-11-14 02:30,2025-11-14 07:30,Unbiased,109
2025-11-14,2025-11-14 02:30,2025-11-14 07:30,Adjusted,109
2025-11-15,2025-11-14 13:00,2025-11-14 16:00,Unbiased,0
2025-11-15,2025-11-14 13:00,2025-11-14 16:00,Adjusted,0
2025-11-15,2025-11-14 20:30,2025-11-15 01:30,Unbiased,0
2025-11-15,2025-11-14 20:30,2025-11-15 01:30,Adjusted,0
2025-11-15,2025-11-15 02:30,2025-11-15 07:30,Unbiased,129
2025-11-15,2025-11-15 02:30,2025-11-15 07:30,Adjusted,129
2025-11-16,2025-11-15 13:00,2025-11-15 16:00,Unbiased,0
2025-11-16,2025-11-15 13:00,2025-11-15 16:00,Adjusted,0
2025-11-16,2025-11-15 20:30,2025-11-16 01:30,Unbiased,74
2025-11-16,2025-11-15 20:30,2025-11-16 01:30,Adjusted,74
2025-11-16,2025-11-16 02:30,2025-11-16 07:30,Unbiased,207
2025-11-16,2025-11-16 02:30,2025-11-16 07:30,Adjusted,207
2025-11-17,2025-11-16 13:00,2025-11-16 16:00,Unbiased,13
2025-11-17,2025-11-16 13:00,2025-11-16 16:00,Adjusted,13
2025-11-17,2025-11-16 20:30,2025-11-17 01:30,Unbiased,160
2025-11-17,2025-11-16 20:30,2025-11-17 01:30,Adjusted,160
2025-11-17,2025-11-17 02:30,2025-11-17 07:30,Unbiased,267
2025-11-17,2025-11-17 02:30,2025-11-17 07:30,Adjusted,267
2025-11-18,2025-11-17 13:00,2025-11-17 16:00,Unbiased,57
2025-11-18,2025-11-17 13:00,2025-11-17 16:00,Adjusted,57
2025-11-18,2025-11-17 20:30,2025-11-18 01:30,Unbiased,206
2025-11-18,2025-11-17 20:30,2025-11-18 01:30,Adjusted,206
2025-11-18,2025-11-18 02:30,2025-11-18 07:30,Unbiased,295
2025-11-18,2025-11-18 02:30,2025-11-18 07:30,Adjusted,295
2025-11-19,2025-11-18 13:00,2025-11-18 16:00,Unbiased,73
2025-11-19,2025-11-18 13:00,2025-11-18 16:00,Adjusted,73
2025-11-19,2025-11-18 20:30,2025-11-19 01:30,Unbiased,413
2025-11-19,2025-11-18 20:30,2025-11-19 01:30,Adjusted,413
2025-11-19,2025-11-19 02:30,2025-11-19 07:30,Unbiased,512
2025-11-19,2025-11-19 02:30,2025-11-19 07:30,Adjusted,512
2025-11-20,2025-11-19 13:00,2025-11-19 16:00,Unbiased,116
2025-11-20,2025-11-19 13:00,2025-11-19 16:00,Adjusted,116
2025-11-20,2025-11-19 20:30,2025-11-20 01:30,Unbiased,246
2025-11-20,2025-11-19 20:30,2025-11-20 01:30,Adjusted,246
2025-11-20,2025-11-20 02:30,2025-11-20 07:30,Unbiased,295
2025-11-20,2025-11-20 02:30,2025-11-20 07:30,Adjusted,295
2025-11-21,2025-11-20 13:00,2025-11-20 16:00,Unbiased,127
2025-11-21,2025-11-20 13:00,2025-11-20 16:00,Adjusted,127
2025-11-21,2025-11-20 20:30,2025-11-21 01:30,Unbiased,235
2025-11-21,2025-11-20 20:30,2025-11-21 01:30,Adjusted,235
2025-11-21,2025-11-21 02:30,2025-11-21 07:30,Unbiased,295
2025-11-21,2025-11-21 02:30,2025-11-21 07:30,Adjusted,295
2025-11-22,2025-11-21 13:00,2025-11-21 16:00,Unbiased,102
2025-11-22,2025-11-21 13:00,2025-11-21 16:00,Adjusted,102
2025-11-22,2025-11-21 20:30,2025-11-22 01:30,Unbiased,236
2025-11-22,2025-11-21 20:30,2025-11-22 01:30,Adjusted,236
2025-11-22,2025-11-22 02:30,2025-11-22 07:30,Unbiased,295
2025-11-22,2025-11-22 02:30,2025-11-22 07:30,Adjusted,295
2025-11-23,2025-11-22 13:00,2025-11-22 16:00,Unbiased,73
2025-11-23,2025-11-22 13:00,2025-11-22 16:00,Adjusted,73
2025-11-23,2025-11-22 20:30,2025-11-23 01:30,Unbiased,169
2025-11-23,2025-11-22 20:30,2025-11-23 01:30,Adjusted,169
2025-11-23,2025-11-23 02:30,2025-11-23 07:30,Unbiased,262
2025-11-23,2025-11-23 02:30,2025-11-23 07:30,Adjusted,262
2025-11-24,2025-11-23 13:00,2025-11-23 16:00,Unbiased,18
2025-11-24,2025-11-23 13:00,2025-11-23 16:00,Adjusted,18
2025-11-24,2025-11-23 20:30,2025-11-24 01:30,Unbiased,186
2025-11-24,2025-11-23 20:30,2025-11-24 01:30,Adjusted,186
2025-11-24,2025-11-24 02:30,2025-11-24 07:30,Unbiased,285
2025-11-24,2025-11-24 02:30,2025-11-24 07:30,Adjusted,285
2025-11-25,2025-11-24 13:00,2025-11-24 16:00,Unbiased,77
2025-11-25,2025-11-24 13:00,2025-11-24 16:00,Adjusted,77
2025-11-25,2025-11-24 20:30,2025-11-25 01:30,Unbiased,197
2025-11-25,2025-11-24 20:30,2025-11-25 01:30,Adjusted,197
2025-11-25,2025-11-25 02:30,2025-11-25 07:30,Unbiased,295
2025-11-25,2025-11-25 02:30,2025-11-25 07:30,Adjusted,295
2025-11-26,2025-11-25 13:00,2025-11-25 16:00,Unbiased,75
2025-11-26,2025-11-25 13:00,2025-11-25 16:00,Adjusted,75
2025-11-26,2025-11-25 20:30,2025-11-26 01:30,Unbiased,207
2025-11-26,2025-11-25 20:30,2025-11-26 01:30,Adjusted,207
2025-11-26,2025-11-26 02:30,2025-11-26 07:30,Unbiased,295
2025-11-26,2025-11-26 02:30,2025-11-26 07:30,Adjusted,295
2025-11-27,2025-11-26 13:00,2025-11-26 16:00,Unbiased,82
2025-11-27,2025-11-26 13:00,2025-11-26 16:00,Adjusted,82
2025-11-27,2025-11-26 20:30,2025-11-27 01:30,Unbiased,151
2025-11-27,2025-11-26 20:30,2025-11-27 01:30,Adjusted,151
2025-11-27,2025-11-27 02:30,2025-11-27 07:30,Unbiased,219
2025-11-27,2025-11-27 02:30,2025-11-27 07:30,Adjusted,219
2025-11-28,2025-11-27 13:00,2025-11-27 16:00,Unbiased,0
2025-11-28,2025-11-27 13:00,2025-11-27 16:00,Adjusted,0
2025-11-28,2025-11-27 20:30,2025-11-28 01:30,Unbiased,25
2025-11-28,2025-11-27 20:30,2025-11-28 01:30,Adjusted,25
2025-11-28,2025-11-28 02:30,2025-11-28 07:30,Unbiased,195
2025-11-28,2025-11-28 02:30,2025-11-28 07:30,Adjusted,195
2025-11-29,2025-11-28 13:00,2025-11-28 16:00,Unbiased,0
2025-11-29,2025-11-28 13:00,2025-11-28 16:00,Adjusted,0
2025-11-29,2025-11-28 20:30,2025-11-29 01:30,Unbiased,73
2025-11-29,2025-11-28 20:30,2025-11-29 01:30,Adjusted,74
2025-11-29,2025-11-29 02:30,2025-11-29 07:30,Unbiased,184
2025-11-29,2025-11-29 02:30,2025-11-29 07:30,Adjusted,184
2025-11-30,2025-11-29 13:00,2025-11-29 16:00,Unbiased,8
2025-11-30,2025-11-29 13:00,2025-11-29 16:00,Adjusted,8
2025-11-30,2025-11-29 20:30,2025-11-30 01:30,Unbiased,187
2025-11-30,2025-11-29 20:30,2025-11-30 01:30,Adjusted,187
2025-11-30,2025-11-30 02:30,2025-11-30 07:30,Unbiased,278
2025-11-30,2025-11-30 02:30,2025-11-30 07:30,Adjusted,278
2025-12-01,2025-11-30 13:00,2025-11-30 16:00,Unbiased,52
2025-12-01,2025-11-30 13:00,2025-11-30 16:00,Adjusted,52
2025-12-01,2025-11-30 20:30,2025-12-01 01:30,Unbiased,178
2025-12-01,2025-11-30 20:30,2025-12-01 01:30,Adjusted,178
2025-12-01,2025-12-01 02:30,2025-12-01 07:30,Unbiased,245
2025-12-01,2025-12-01 02:30,2025-12-01 07:30,Adjusted,245
2025-12-02,2025-12-01 13:00,2025-12-01 16:00,Unbiased,0
2025-12-02,2025-12-01 13:00,2025-12-01 16:00,Adjusted,0
2025-12-02,2025-12-01 20:30,2025-12-02 01:30,Unbiased,88
2025-12-02,2025-12-01 20:30,2025-12-02 01:30,Adjusted,88
2025-12-02,2025-12-02 02:30,2025-12-02 07:30,Unbiased,217
2025-12-02,2025-12-02 02:30,2025-12-02 07:30,Adjusted,217
2025-12-03,2025-12-02 13:00,2025-12-02 16:00,Unbiased,2
2025-12-03,2025-12-02 13:00,2025-12-02 16:00,Adjusted,2
2025-12-03,2025-12-02 20:30,2025-12-03 01:30,Unbiased,146
2025-12-03,2025-12-02 20:30,2025-12-03 01:30,Adjusted,146
2025-12-03,2025-12-03 02:30,2025-12-03 07:30,Unbiased,263
2025-12-03,2025-12-03 02:30,2025-12-03 07:30,Adjusted,263
2025-12-04,2025-12-03 13:00,2025-12-03 16:00,Unbiased,6
2025-12-04,2025-12-03 13:00,2025-12-03 16:00,Adjusted,6
2025-12-04,2025-12-03 20:30,2025-12-04 01:30,Unbiased,358
2025-12-04,2025-12-03 20:30,2025-12-04 01:30,Adjusted,358
2025-12-04,2025-12-04 02:30,2025-12-04 07:30,Unbiased,460
2025-12-04,2025-12-04 02:30,2025-12-04 07:30,Adjusted,460
2025-12-05,2025-12-04 13:00,2025-12-04 16:00,Unbiased,60
2025-12-05,2025-12-04 13:00,2025-12-04 16:00,Adjusted,60
2025-12-05,2025-12-04 20:30,2025-12-05 01:30,Unbiased,207
2025-12-05,2025-12-04 20:30,2025-12-05 01:30,Adjusted,207
2025-12-05,2025-12-05 02:30,2025-12-05 07:30,Unbiased,295
2025-12-05,2025-12-05 02:30,2025-12-05 07:30,Adjusted,295
2025-12-06,2025-12-05 13:00,2025-12-05 16:00,Unbiased,45
2025-12-06,2025-12-05 13:00,2025-12-05 16:00,Adjusted,45
2025-12-06,2025-12-05 20:30,2025-12-06 01:30,Unbiased,125
2025-12-06,2025-12-05 20:30,2025-12-06 01:30,Adjusted,125
2025-12-06,2025-12-06 02:30,2025-12-06 07:30,Unbiased,223
2025-12-06,2025-12-06 02:30,2025-12-06 07:30,Adjusted,223
2025-12-07,2025-12-06 13:00,2025-12-06 16:00,Unbiased,0
2025-12-07,2025-12-06 13:00,2025-12-06 16:00,Adjusted,0
2025-12-07,2025-12-06 20:30,2025-12-07 01:30,Unbiased,114
2025-12-07,2025-12-06 20:30,2025-12-07 01:30,Adjusted,114
2025-12-07,2025-12-07 02:30,2025-12-07 07:30,Unbiased,227
2025-12-07,2025-12-07 02:30,2025-12-07 07:30,Adjusted,227
2025-12-08,2025-12-07 13:00,2025-12-07 16:00,Unbiased,0
2025-12-08,2025-12-07 13:00,2025-12-07 16:00,Adjusted,0
2025-12-08,2025-12-07 20:30,2025-12-08 01:30,Unbiased,57
2025-12-08,2025-12-07 20:30,2025-12-08 01:30,Adjusted,57
2025-12-08,2025-12-08 02:30,2025-12-08 07:30,Unbiased,178
2025-12-08,2025-12-08 02:30,2025-12-08 07:30,Adjusted,178
2025-12-09,2025-12-08 13:00,2025-12-08 16:00,Unbiased,0
2025-12-09,2025-12-08 13:00,2025-12-08 16:00,Adjusted,0
2025-12-09,2025-12-08 20:30,2025-12-09 01:30,Unbiased,8
2025-12-09,2025-12-08 20:30,2025-12-09 01:30,Adjusted,8
2025-12-09,2025-12-09 02:30,2025-12-09 07:30,Unbiased,149
2025-12-09,2025-12-09 02:30,2025-12-09 07:30,Adjusted,149
2025-12-10,2025-12-09 13:00,2025-12-09 16:00,Unbiased,0
2025-12-10,2025-12-09 13:00,2025-12-09 16:00,Adjusted,0
2025-12-10,2025-12-09 20:30,2025-12-10 01:30,Unbiased,40
2025-12-10,2025-12-09 20:30,2025-12-10 01:30,Adjusted,40
2025-12-10,2025-12-10 02:30,2025-12-10 07:30,Unbiased,186
2025-12-10,2025-12-10 02:30,2025-12-10 07:30,Adjusted,186
2025-12-11,2025-12-10 13:00,2025-12-10 16:00,Unbiased,0
2025-12-11,2025-12-10 13:00,2025-12-10 16:00,Adjusted,0
2025-12-11,2025-12-10 20:30,2025-12-11 01:30,Unbiased,92
2025-12-11,2025-12-10 20:30,2025-12-11 01:30,Adjusted,92
2025-12-11,2025-12-11 02:30,2025-12-11 07:30,Unbiased,219
2025-12-11,2025-12-11 02:30,2025-12-11 07:30,Adjusted,219
2025-12-12,2025-12-11 13:00,2025-12-11 16:00,Unbiased,0
2025-12-12,2025-12-11 13:00,2025-12-11 16:00,Adjusted,0
2025-12-12,2025-12-11 20:30,2025-12-12 01:30,Unbiased,72
2025-12-12,2025-12-11 20:30,2025-12-12 01:30,Adjusted,72
2025-12-12,2025-12-12 02:30,2025-12-12 07:30,Unbiased,189
2025-12-12,2025-12-12 02:30,2025-12-12 07:30,Adjusted,189
2025-12-13,2025-12-12 13:00,2025-12-12 16:00,Unbiased,0
2025-12-13,2025-12-12 13:00,2025-12-12 16:00,Adjusted,0
2025-12-13,2025-12-12 20:30,2025-12-13 01:30,Unbiased,108
2025-12-13,2025-12-12 20:30,2025-12-13 01:30,Adjusted,108
2025-12-13,2025-12-13 02:30,2025-12-13 07:30,Unbiased,242
2025-12-13,2025-12-13 02:30,2025-12-13 07:30,Adjusted,242
2025-12-14,2025-12-13 13:00,2025-12-13 16:00,Unbiased,13
2025-12-14,2025-12-13 13:00,2025-12-13 16:00,Adjusted,13
2025-12-14,2025-12-13 20:30,2025-12-14 01:30,Unbiased,159
2025-12-14,2025-12-13 20:30,2025-12-14 01:30,Adjusted,159
2025-12-14,2025-12-14 02:30,2025-12-14 07:30,Unbiased,260
2025-12-14,2025-12-14 02:30,2025-12-14 07:30,Adjusted,260
2025-12-15,2025-12-14 13:00,2025-12-14 16:00,Unbiased,17
2025-12-15,2025-12-14 13:00,2025-12-14 16:00,Adjusted,17
2025-12-15,2025-12-14 20:30,2025-12-15 01:30,Unbiased,81
2025-12-15,2025-12-14 20:30,2025-12-15 01:30,Adjusted,81
2025-12-15,2025-12-15 02:30,2025-12-15 07:30,Unbiased,198
2025-12-15,2025-12-15 02:30,2025-12-15 07:30,Adjusted,198
2025-12-16,2025-12-15 13:00,2025-12-15 16:00,Unbiased,0
2025-12-16,2025-12-15 13:00,2025-12-15 16:00,Adjusted,0
2025-12-16,2025-12-15 20:30,2025-12-16 01:30,Unbiased,61
2025-12-16,2025-12-15 20:30,2025-12-16 01:30,Adjusted,61
2025-12-16,2025-12-16 02:30,2025-12-16 07:30,Unbiased,182
2025-12-16,2025-12-16 02:30,2025-12-16 07:30,Adjusted,182
2025-12-17,2025-12-16 13:00,2025-12-16 16:00,Unbiased,14
2025-12-17,2025-12-16 13:00,2025-12-16 16:00,Adjusted,14
2025-12-17,2025-12-16 20:30,2025-12-17 01:30,Unbiased,169
2025-12-17,2025-12-16 20:30,2025-12-17 01:30,Adjusted,169
2025-12-17,2025-12-17 02:30,2025-12-17 07:30,Unbiased,278
2025-12-17,2025-12-17 02:30,2025-12-17 07:30,Adjusted,278
2025-12-18,2025-12-17 13:00,2025-12-17 16:00,Unbiased,31
2025-12-18,2025-12-17 13:00,2025-12-17 16:00,Adjusted,31
2025-12-18,2025-12-17 20:30,2025-12-18 01:30,Unbiased,94
2025-12-18,2025-12-17 20:30,2025-12-18 01:30,Adjusted,94
2025-12-18,2025-12-18 02:30,2025-12-18 07:30,Unbiased,200
2025-12-18,2025-12-18 02:30,2025-12-18 07:30,Adjusted,200
2025-12-19,2025-12-18 13:00,2025-12-18 16:00,Unbiased,0
2025-12-19,2025-12-18 13:00,2025-12-18 16:00,Adjusted,0
2025-12-19,2025-12-18 20:30,2025-12-19 01:30,Unbiased,76
2025-12-19,2025-12-18 20:30,2025-12-19 01:30,Adjusted,76
2025-12-19,2025-12-19 02:30,2025-12-19 07:30,Unbiased,224
2025-12-19,2025-12-19 02:30,2025-12-19 07:30,Adjusted,224
2025-12-20,2025-12-19 13:00,2025-12-19 16:00,Unbiased,5
2025-12-20,2025-12-19 13:00,2025-12-19 16:00,Adjusted,5
2025-12-20,2025-12-19 20:30,2025-12-20 01:30,Unbiased,157
2025-12-20,2025-12-19 20:30,2025-12-20 01:30,Adjusted,157
2025-12-20,2025-12-20 02:30,2025-12-20 07:30,Unbiased,261
2025-12-20,2025-12-20 02:30,2025-12-20 07:30,Adjusted,261
2025-12-21,2025-12-20 13:00,2025-12-20 16:00,Unbiased,31
2025-12-21,2025-12-20 13:00,2025-12-20 16:00,Adjusted,31
2025-12-21,2025-12-20 20:30,2025-12-21 01:30,Unbiased,151
2025-12-21,2025-12-20 20:30,2025-12-21 01:30,Adjusted,151
2025-12-21,2025-12-21 02:30,2025-12-21 07:30,Unbiased,238
2025-12-21,2025-12-21 02:30,2025-12-21 07:30,Adjusted,238
2025-12-22,2025-12-21 13:00,2025-12-21 16:00,Unbiased,25
2025-12-22,2025-12-21 13:00,2025-12-21 16:00,Adjusted,25
2025-12-22,2025-12-21 20:30,2025-12-22 01:30,Unbiased,99
2025-12-22,2025-12-21 20:30,2025-12-22 01:30,Adjusted,99
2025-12-22,2025-12-22 02:30,2025-12-22 07:30,Unbiased,227
2025-12-22,2025-12-22 02:30,2025-12-22 07:30,Adjusted,227
2025-12-23,2025-12-22 13:00,2025-12-22 16:00,Unbiased,13
2025-12-23,2025-12-22 13:00,2025-12-22 16:00,Adjusted,13
2025-12-23,2025-12-22 20:30,2025-12-23 01:30,Unbiased,137
2025-12-23,2025-12-22 20:30,2025-12-23 01:30,Adjusted,137
2025-12-23,2025-12-23 02:30,2025-12-23 07:30,Unbiased,245
2025-12-23,2025-12-23 02:30,2025-12-23 07:30,Adjusted,245
2025-12-24,2025-12-23 13:00,2025-12-23 16:00,Unbiased,71
2025-12-24,2025-12-23 13:00,2025-12-23 16:00,Adjusted,71
2025-12-24,2025-12-23 20:30,2025-12-24 01:30,Unbiased,198
2025-12-24,2025-12-23 20:30,2025-12-24 01:30,Adjusted,198
2025-12-24,2025-12-24 02:30,2025-12-24 07:30,Unbiased,295
2025-12-24,2025-12-24 02:30,2025-12-24 07:30,Adjusted,295
2025-12-25,2025-12-24 13:00,2025-12-24 16:00,Unbiased,111
2025-12-25,2025-12-24 13:00,2025-12-24 16:00,Adjusted,111
2025-12-25,2025-12-24 20:30,2025-12-25 01:30,Unbiased,233
2025-12-25,2025-12-24 20:30,2025-12-25 01:30,Adjusted,233
2025-12-25,2025-12-25 02:30,2025-12-25 07:30,Unbiased,295
2025-12-25,2025-12-25 02:30,2025-12-25 07:30,Adjusted,295
2025-12-26,2025-12-25 13:00,2025-12-25 16:00,Unbiased,116
2025-12-26,2025-12-25 13:00,2025-12-25 16:00,Adjusted,116
2025-12-26,2025-12-25 20:30,2025-12-26 01:30,Unbiased,227
2025-12-26,2025-12-25 20:30,2025-12-26 01:30,Adjusted,227
2025-12-26,2025-12-26 02:30,2025-12-26 07:30,Unbiased,295
2025-12-26,2025-12-26 02:30,2025-12-26 07:30,Adjusted,295
2025-12-27,2025-12-26 13:00,2025-12-26 16:00,Unbiased,102
2025-12-27,2025-12-26 13:00,2025-12-26 16:00,Adjusted,102
2025-12-27,2025-12-26 20:30,2025-12-27 01:30,Unbiased,224
2025-12-27,2025-12-26 20:30,2025-12-27 01:30,Adjusted,224
2025-12-27,2025-12-27 02:30,2025-12-27 07:30,Unbiased,295
2025-12-27,2025-12-27 02:30,2025-12-27 07:30,Adjusted,295
2025-12-28,2025-12-27 13:00,2025-12-27 16:00,Unbiased,81
2025-12-28,2025-12-27 13:00,2025-12-27 16:00,Adjusted,81
2025-12-28,2025-12-27 20:30,2025-12-28 01:30,Unbiased,195
2025-12-28,2025-12-27 20:30,2025-12-28 01:30,Adjusted,195
2025-12-28,2025-12-28 02:30,2025-12-28 07:30,Unbiased,287
2025-12-28,2025-12-28 02:30,2025-12-28 07:30,Adjusted,287
2025-12-29,2025-12-28 13:00,2025-12-28 16:00,Unbiased,79
2025-12-29,2025-12-28 13:00,2025-12-28 16:00,Adjusted,79
2025-12-29,2025-12-28 20:30,2025-12-29 01:30,Unbiased,200
2025-12-29,2025-12-28 20:30,2025-12-29 01:30,Adjusted,200
2025-12-29,2025-12-29 02:30,2025-12-29 07:30,Unbiased,295
2025-12-29,2025-12-29 02:30,2025-12-29 07:30,Adjusted,295
2025-12-30,2025-12-29 13:00,2025-12-29 16:00,Unbiased,103
2025-12-30,2025-12-29 13:00,2025-12-29 16:00,Adjusted,103
2025-12-30,2025-12-29 20:30,2025-12-30 01:30,Unbiased,200
2025-12-30,2025-12-29 20:30,2025-12-30 01:30,Adjusted,200
2025-12-30,2025-12-30 02:30,2025-12-30 07:30,Unbiased,295
2025-12-30,2025-12-30 02:30,2025-12-30 07:30,Adjusted,295
2025-12-31,2025-12-30 13:00,2025-12-30 16:00,Unbiased,95
2025-12-31,2025-12-30 13:00,2025-12-30 16:00,Adjusted,95
2025-12-31,2025-12-30 20:30,2025-12-31 01:30,Unbiased,236
2025-12-31,2025-12-30 20:30,2025-12-31 01:30,Adjusted,236
2025-12-31,2025-12-31 02:30,2025-12-31 07:30,Unbiased,295
2025-12-31,2025-12-31 02:30,2025-12-31 07:30,Adjusted,295
2026-01-01,2025-12-31 13:00,2025-12-31 16:00,Unbiased,123
2026-01-01,2025-12-31 13:00,2025-12-31 16:00,Adjusted,123
2026-01-01,2025-12-31 20:30,2026-01-01 01:30,Unbiased,256
2026-01-01,2025-12-31 20:30,2026-01-01 01:30,Adjusted,256
2026-01-01,2026-01-01 02:30,2026-01-01 07:30,Unbiased,295
2026-01-01,2026-01-01 02:30,2026-01-01 07:30,Adjusted,295
2026-01-02,2026-01-01 13:00,2026-01-01 16:00,Unbiased,112
2026-01-02,2026-01-01 13:00,2026-01-01 16:00,Adjusted,99
2026-01-02,2026-01-01 20:30,2026-01-02 01:30,Unbiased,231
2026-01-02,2026-01-01 20:30,2026-01-02 01:30,Adjusted,222
2026-01-02,2026-01-02 02:30,2026-01-02 07:30,Unbiased,295
2026-01-02,2026-01-02 02:30,2026-01-02 07:30,Adjusted,295
2026-01-03,2026-01-02 13:00,2026-01-02 16:00,Unbiased,131
2026-01-03,2026-01-02 13:00,2026-01-02 16:00,Adjusted,124
2026-01-03,2026-01-02 20:30,2026-01-03 01:30,Unbiased,260
2026-01-03,2026-01-02 20:30,2026-01-03 01:30,Adjusted,251
2026-01-03,2026-01-03 02:30,2026-01-03 07:30,Unbiased,295
2026-01-03,2026-01-03 02:30,2026-01-03 07:30,Adjusted,295
2026-01-04,2026-01-03 13:00,2026-01-03 16:00,Unbiased,141
2026-01-04,2026-01-03 13:00,2026-01-03 16:00,Adjusted,133
2026-01-04,2026-01-03 20:30,2026-01-04 01:30,Unbiased,276
2026-01-04,2026-01-03 20:30,2026-01-04 01:30,Adjusted,265
2026-01-04,2026-01-04 02:30,2026-01-04 07:30,Unbiased,295
2026-01-04,2026-01-04 02:30,2026-01-04 07:30,Adjusted,295
2026-01-05,2026-01-04 13:00,2026-01-04 16:00,Unbiased,148
2026-01-05,2026-01-04 13:00,2026-01-04 16:00,Adjusted,140
2026-01-05,2026-01-04 20:30,2026-01-05 01:30,Unbiased,265
2026-01-05,2026-01-04 20:30,2026-01-05 01:30,Adjusted,255
2026-01-05,2026-01-05 02:30,2026-01-05 07:30,Unbiased,295
2026-01-05,2026-01-05 02:30,2026-01-05 07:30,Adjusted,295
2026-01-06,2026-01-05 13:00,2026-01-05 16:00,Unbiased,147
2026-01-06,2026-01-05 13:00,2026-01-05 16:00,Adjusted,139
2026-01-06,2026-01-05 20:30,2026-01-06 01:30,Unbiased,279
2026-01-06,2026-01-05 20:30,2026-01-06 01:30,Adjusted,269
2026-01-06,2026-01-06 02:30,2026-01-06 07:30,Unbiased,295
2026-01-06,2026-01-06 02:30,2026-01-06 07:30,Adjusted,295
2026-01-07,2026-01-06 13:00,2026-01-06 16:00,Unbiased,151
2026-01-07,2026-01-06 13:00,2026-01-06 16:00,Adjusted,143
2026-01-07,2026-01-06 20:30,2026-01-07 01:30,Unbiased,236
2026-01-07,2026-01-06 20:30,2026-01-07 01:30,Adjusted,225
2026-01-07,2026-01-07 02:30,2026-01-07 07:30,Unbiased,295
2026-01-07,2026-01-07 02:30,2026-01-07 07:30,Adjusted,295
2026-01-08,2026-01-07 13:00,2026-01-07 16:00,Unbiased,110
2026-01-08,2026-01-07 13:00,2026-01-07 16:00,Adjusted,94
2026-01-08,2026-01-07 20:30,2026-01-08 01:30,Unbiased,234
2026-01-08,2026-01-07 20:30,2026-01-08 01:30,Adjusted,224
2026-01-08,2026-01-08 02:30,2026-01-08 07:30,Unbiased,295
2026-01-08,2026-01-08 02:30,2026-01-08 07:30,Adjusted,295
2026-01-09,2026-01-08 13:00,2026-01-08 16:00,Unbiased,107
2026-01-09,2026-01-08 13:00,2026-01-08 16:00,Adjusted,93
2026-01-09,2026-01-08 20:30,2026-01-09 01:30,Unbiased,202
2026-01-09,2026-01-08 20:30,2026-01-09 01:30,Adjusted,189
2026-01-09,2026-01-09 02:30,2026-01-09 07:30,Unbiased,295
2026-01-09,2026-01-09 02:30,2026-01-09 07:30,Adjusted,293
2026-01-10,2026-01-09 13:00,2026-01-09 16:00,Unbiased,122
2026-01-10,2026-01-09 13:00,2026-01-09 16:00,Adjusted,110
2026-01-10,2026-01-09 20:30,2026-01-10 01:30,Unbiased,227
2026-01-10,2026-01-09 20:30,2026-01-10 01:30,Adjusted,217
2026-01-10,2026-01-10 02:30,2026-01-10 07:30,Unbiased,295
2026-01-10,2026-01-10 02:30,2026-01-10 07:30,Adjusted,295
2026-01-11,2026-01-10 13:00,2026-01-10 16:00,Unbiased,132
2026-01-11,2026-01-10 13:00,2026-01-10 16:00,Adjusted,124
2026-01-11,2026-01-10 20:30,2026-01-11 01:30,Unbiased,256
2026-01-11,2026-01-10 20:30,2026-01-11 01:30,Adjusted,244
2026-01-11,2026-01-11 02:30,2026-01-11 07:30,Unbiased,295
2026-01-11,2026-01-11 02:30,2026-01-11 07:30,Adjusted,295
2026-01-12,2026-01-11 13:00,2026-01-11 16:00,Unbiased,88
2026-01-12,2026-01-11 13:00,2026-01-11 16:00,Adjusted,73
2026-01-12,2026-01-11 20:30,2026-01-12 01:30,Unbiased,145
2026-01-12,2026-01-11 20:30,2026-01-12 01:30,Adjusted,124
2026-01-12,2026-01-12 02:30,2026-01-12 07:30,Unbiased,237
2026-01-12,2026-01-12 02:30,2026-01-12 07:30,Adjusted,218
2026-01-13,2026-01-12 13:00,2026-01-12 16:00,Unbiased,5
2026-01-13,2026-01-12 13:00,2026-01-12 16:00,Adjusted,0
2026-01-13,2026-01-12 20:30,2026-01-13 01:30,Unbiased,119
2026-01-13,2026-01-12 20:30,2026-01-13 01:30,Adjusted,95
2026-01-13,2026-01-13 02:30,2026-01-13 07:30,Unbiased,217
2026-01-13,2026-01-13 02:30,2026-01-13 07:30,Adjusted,202
2026-01-14,2026-01-13 13:00,2026-01-13 16:00,Unbiased,8
2026-01-14,2026-01-13 13:00,2026-01-13 16:00,Adjusted,0
2026-01-14,2026-01-13 20:30,2026-01-14 01:30,Unbiased,175
2026-01-14,2026-01-13 20:30,2026-01-14 01:30,Adjusted,159
2026-01-14,2026-01-14 02:30,2026-01-14 07:30,Unbiased,291
2026-01-14,2026-01-14 02:30,2026-01-14 07:30,Adjusted,277
2026-01-15,2026-01-14 13:00,2026-01-14 16:00,Unbiased,59
2026-01-15,2026-01-14 13:00,2026-01-14 16:00,Adjusted,44
2026-01-15,2026-01-14 20:30,2026-01-15 01:30,Unbiased,123
2026-01-15,2026-01-14 20:30,2026-01-15 01:30,Adjusted,100
2026-01-15,2026-01-15 02:30,2026-01-15 07:30,Unbiased,246
2026-01-15,2026-01-15 02:30,2026-01-15 07:30,Adjusted,228
2026-01-16,2026-01-15 13:00,2026-01-15 16:00,Unbiased,35
2026-01-16,2026-01-15 13:00,2026-01-15 16:00,Adjusted,20
2026-01-16,2026-01-15 20:30,2026-01-16 01:30,Unbiased,174
2026-01-16,2026-01-15 20:30,2026-01-16 01:30,Adjusted,158
2026-01-16,2026-01-16 02:30,2026-01-16 07:30,Unbiased,290
2026-01-16,2026-01-16 02:30,2026-01-16 07:30,Adjusted,275
2026-01-17,2026-01-16 13:00,2026-01-16 16:00,Unbiased,23
2026-01-17,2026-01-16 13:00,2026-01-16 16:00,Adjusted,9
2026-01-17,2026-01-16 20:30,2026-01-17 01:30,Unbiased,151
2026-01-17,2026-01-16 20:30,2026-01-17 01:30,Adjusted,131
2026-01-17,2026-01-17 02:30,2026-01-17 07:30,Unbiased,246
2026-01-17,2026-01-17 02:30,2026-01-17 07:30,Adjusted,231
2026-01-18,2026-01-17 13:00,2026-01-17 16:00,Unbiased,5
2026-01-18,2026-01-17 13:00,2026-01-17 16:00,Adjusted,0
2026-01-18,2026-01-17 20:30,2026-01-18 01:30,Unbiased,175
2026-01-18,2026-01-17 20:30,2026-01-18 01:30,Adjusted,155
2026-01-18,2026-01-18 02:30,2026-01-18 07:30,Unbiased,264
2026-01-18,2026-01-18 02:30,2026-01-18 07:30,Adjusted,249
2026-01-19,2026-01-18 13:00,2026-01-18 16:00,Unbiased,0
2026-01-19,2026-01-18 13:00,2026-01-18 16:00,Adjusted,0
2026-01-19,2026-01-18 20:30,2026-01-19 01:30,Unbiased,122
2026-01-19,2026-01-18 20:30,2026-01-19 01:30,Adjusted,102
2026-01-19,2026-01-19 02:30,2026-01-19 07:30,Unbiased,225
2026-01-19,2026-01-19 02:30,2026-01-19 07:30,Adjusted,210
2026-01-20,2026-01-19 13:00,2026-01-19 16:00,Unbiased,0
2026-01-20,2026-01-19 13:00,2026-01-19 16:00,Adjusted,0
2026-01-20,2026-01-19 20:30,2026-01-20 01:30,Unbiased,95
2026-01-20,2026-01-19 20:30,2026-01-20 01:30,Adjusted,73
2026-01-20,2026-01-20 02:30,2026-01-20 07:30,Unbiased,210
2026-01-20,2026-01-20 02:30,2026-01-20 07:30,Adjusted,194
2026-01-21,2026-01-20 13:00,2026-01-20 16:00,Unbiased,5
2026-01-21,2026-01-20 13:00,2026-01-20 16:00,Adjusted,0
2026-01-21,2026-01-20 20:30,2026-01-21 01:30,Unbiased,137
2026-01-21,2026-01-20 20:30,2026-01-21 01:30,Adjusted,115
2026-01-21,2026-01-21 02:30,2026-01-21 07:30,Unbiased,256
2026-01-21,2026-01-21 02:30,2026-01-21 07:30,Adjusted,241
2026-01-22,2026-01-21 13:00,2026-01-21 16:00,Unbiased,39
2026-01-22,2026-01-21 13:00,2026-01-21 16:00,Adjusted,26
2026-01-22,2026-01-21 20:30,2026-01-22 01:30,Unbiased,125
2026-01-22,2026-01-21 20:30,2026-01-22 01:30,Adjusted,103
2026-01-22,2026-01-22 02:30,2026-01-22 07:30,Unbiased,239
2026-01-22,2026-01-22 02:30,2026-01-22 07:30,Adjusted,224
2026-01-23,2026-01-22 13:00,2026-01-22 16:00,Unbiased,36
2026-01-23,2026-01-22 13:00,2026-01-22 16:00,Adjusted,22
2026-01-23,2026-01-22 20:30,2026-01-23 01:30,Unbiased,152
2026-01-23,2026-01-22 20:30,2026-01-23 01:30,Adjusted,131
2026-01-23,2026-01-23 02:30,2026-01-23 07:30,Unbiased,256
2026-01-23,2026-01-23 02:30,2026-01-23 07:30,Adjusted,243
2026-01-24,2026-01-23 13:00,2026-01-23 16:00,Unbiased,34
2026-01-24,2026-01-23 13:00,2026-01-23 16:00,Adjusted,19
2026-01-24,2026-01-23 20:30,2026-01-24 01:30,Unbiased,173
2026-01-24,2026-01-23 20:30,2026-01-24 01:30,Adjusted,154
2026-01-24,2026-01-24 02:30,2026-01-24 07:30,Unbiased,265
2026-01-24,2026-01-24 02:30,2026-01-24 07:30,Adjusted,249
2026-01-25,2026-01-24 13:00,2026-01-24 16:00,Unbiased,38
2026-01-25,2026-01-24 13:00,2026-01-24 16:00,Adjusted,22
2026-01-25,2026-01-24 20:30,2026-01-25 01:30,Unbiased,171
2026-01-25,2026-01-24 20:30,2026-01-25 01:30,Adjusted,150
2026-01-25,2026-01-25 02:30,2026-01-25 07:30,Unbiased,266
2026-01-25,2026-01-25 02:30,2026-01-25 07:30,Adjusted,252
2026-01-26,2026-01-25 13:00,2026-01-25 16:00,Unbiased,74
2026-01-26,2026-01-25 13:00,2026-01-25 16:00,Adjusted,60
2026-01-26,2026-01-25 20:30,2026-01-26 01:30,Unbiased,200
2026-01-26,2026-01-25 20:30,2026-01-26 01:30,Adjusted,190
2026-01-26,2026-01-26 02:30,2026-01-26 07:30,Unbiased,295
2026-01-26,2026-01-26 02:30,2026-01-26 07:30,Adjusted,295
2026-01-27,2026-01-26 13:00,2026-01-26 16:00,Unbiased,101
2026-01-27,2026-01-26 13:00,2026-01-26 16:00,Adjusted,88
2026-01-27,2026-01-26 20:30,2026-01-27 01:30,Unbiased,203
2026-01-27,2026-01-26 20:30,2026-01-27 01:30,Adjusted,192
2026-01-27,2026-01-27 02:30,2026-01-27 07:30,Unbiased,290
2026-01-27,2026-01-27 02:30,2026-01-27 07:30,Adjusted,275
2026-01-28,2026-01-27 13:00,2026-01-27 16:00,Unbiased,49
2026-01-28,2026-01-27 13:00,2026-01-27 16:00,Adjusted,36
2026-01-28,2026-01-27 20:30,2026-01-28 01:30,Unbiased,189
2026-01-28,2026-01-27 20:30,2026-01-28 01:30,Adjusted,181
2026-01-28,2026-01-28 02:30,2026-01-28 07:30,Unbiased,295
2026-01-28,2026-01-28 02:30,2026-01-28 07:30,Adjusted,289
2026-01-29,2026-01-28 13:00,2026-01-28 16:00,Unbiased,29
2026-01-29,2026-01-28 13:00,2026-01-28 16:00,Adjusted,15
2026-01-29,2026-01-28 20:30,2026-01-29 01:30,Unbiased,189
2026-01-29,2026-01-28 20:30,2026-01-29 01:30,Adjusted,175
2026-01-29,2026-01-29 02:30,2026-01-29 07:30,Unbiased,295
2026-01-29,2026-01-29 02:30,2026-01-29 07:30,Adjusted,295
2026-01-30,2026-01-29 13:00,2026-01-29 16:00,Unbiased,76
2026-01-30,2026-01-29 13:00,2026-01-29 16:00,Adjusted,63
2026-01-30,2026-01-29 20:30,2026-01-30 01:30,Unbiased,213
2026-01-30,2026-01-29 20:30,2026-01-30 01:30,Adjusted,203
2026-01-30,2026-01-30 02:30,2026-01-30 07:30,Unbiased,295
2026-01-30,2026-01-30 02:30,2026-01-30 07:30,Adjusted,295
2026-01-31,2026-01-30 13:00,2026-01-30 16:00,Unbiased,21
2026-01-31,2026-01-30 13:00,2026-01-30 16:00,Adjusted,7
2026-01-31,2026-01-30 20:30,2026-01-31 01:30,Unbiased,169
2026-01-31,2026-01-30 20:30,2026-01-31 01:30,Adjusted,149
2026-01-31,2026-01-31 02:30,2026-01-31 07:30,Unbiased,272
2026-01-31,2026-01-31 02:30,2026-01-31 07:30,Adjusted,258
2026-02-01,2026-01-31 13:00,2026-01-31 16:00,Unbiased,17
2026-02-01,2026-01-31 13:00,2026-01-31 16:00,Adjusted,3
2026-02-01,2026-01-31 20:30,2026-02-01 01:30,Unbiased,143
2026-02-01,2026-01-31 20:30,2026-02-01 01:30,Adjusted,122
2026-02-01,2026-02-01 02:30,2026-02-01 07:30,Unbiased,243
2026-02-01,2026-02-01 02:30,2026-02-01 07:30,Adjusted,225
2026-02-02,2026-02-01 13:00,2026-02-01 16:00,Unbiased,14
2026-02-02,2026-02-01 13:00,2026-02-01 16:00,Adjusted,1
2026-02-02,2026-02-01 20:30,2026-02-02 01:30,Unbiased,176
2026-02-02,2026-02-01 20:30,2026-02-02 01:30,Adjusted,155
2026-02-02,2026-02-02 02:30,2026-02-02 07:30,Unbiased,269
2026-02-02,2026-02-02 02:30,2026-02-02 07:30,Adjusted,254
2026-02-03,2026-02-02 13:00,2026-02-02 16:00,Unbiased,58
2026-02-03,2026-02-02 13:00,2026-02-02 16:00,Adjusted,43
2026-02-03,2026-02-02 20:30,2026-02-03 01:30,Unbiased,191
2026-02-03,2026-02-02 20:30,2026-02-03 01:30,Adjusted,177
2026-02-03,2026-02-03 02:30,2026-02-03 07:30,Unbiased,286
2026-02-03,2026-02-03 02:30,2026-02-03 07:30,Adjusted,272
2026-02-04,2026-02-03 13:00,2026-02-03 16:00,Unbiased,122
2026-02-04,2026-02-03 13:00,2026-02-03 16:00,Adjusted,115
2026-02-04,2026-02-03 20:30,2026-02-04 01:30,Unbiased,229
2026-02-04,2026-02-03 20:30,2026-02-04 01:30,Adjusted,217
2026-02-04,2026-02-04 02:30,2026-02-04 07:30,Unbiased,295
2026-02-04,2026-02-04 02:30,2026-02-04 07:30,Adjusted,295
2026-02-05,2026-02-04 13:00,2026-02-04 16:00,Unbiased,25
2026-02-05,2026-02-04 13:00,2026-02-04 16:00,Adjusted,10
2026-02-05,2026-02-04 20:30,2026-02-05 01:30,Unbiased,163
2026-02-05,2026-02-04 20:30,2026-02-05 01:30,Adjusted,142
2026-02-05,2026-02-05 02:30,2026-02-05 07:30,Unbiased,271
2026-02-05,2026-02-05 02:30,2026-02-05 07:30,Adjusted,257
2026-02-06,2026-02-05 13:00,2026-02-05 16:00,Unbiased,75
2026-02-06,2026-02-05 13:00,2026-02-05 16:00,Adjusted,60
2026-02-06,2026-02-05 20:30,2026-02-06 01:30,Unbiased,158
2026-02-06,2026-02-05 20:30,2026-02-06 01:30,Adjusted,136
2026-02-06,2026-02-06 02:30,2026-02-06 07:30,Unbiased,254
2026-02-06,2026-02-06 02:30,2026-02-06 07:30,Adjusted,239
2026-02-07,2026-02-06 13:00,2026-02-06 16:00,Unbiased,3
2026-02-07,2026-02-06 13:00,2026-02-06 16:00,Adjusted,3
2026-02-07,2026-02-06 20:30,2026-02-07 01:30,Unbiased,142
2026-02-07,2026-02-06 20:30,2026-02-07 01:30,Adjusted,142
2026-02-07,2026-02-07 02:30,2026-02-07 07:30,Unbiased,253
2026-02-07,2026-02-07 02:30,2026-02-07 07:30,Adjusted,253
2026-02-08,2026-02-07 13:00,2026-02-07 16:00,Unbiased,9
2026-02-08,2026-02-07 13:00,2026-02-07 16:00,Adjusted,9
2026-02-08,2026-02-07 20:30,2026-02-08 01:30,Unbiased,129
2026-02-08,2026-02-07 20:30,2026-02-08 01:30,Adjusted,129
2026-02-08,2026-02-08 02:30,2026-02-08 07:30,Unbiased,247
2026-02-08,2026-02-08 02:30,2026-02-08 07:30,Adjusted,247
2026-02-09,2026-02-08 13:00,2026-02-08 16:00,Unbiased,0
2026-02-09,2026-02-08 13:00,2026-02-08 16:00,Adjusted,0
2026-02-09,2026-02-08 20:30,2026-02-09 01:30,Unbiased,108
2026-02-09,2026-02-08 20:30,2026-02-09 01:30,Adjusted,108
2026-02-09,2026-02-09 02:30,2026-02-09 07:30,Unbiased,225
2026-02-09,2026-02-09 02:30,2026-02-09 07:30,Adjusted,225
2026-02-10,2026-02-09 13:00,2026-02-09 16:00,Unbiased,31
2026-02-10,2026-02-09 13:00,2026-02-09 16:00,Adjusted,31
2026-02-10,2026-02-09 20:30,2026-02-10 01:30,Unbiased,145
2026-02-10,2026-02-09 20:30,2026-02-10 01:30,Adjusted,145
2026-02-10,2026-02-10 02:30,2026-02-10 07:30,Unbiased,245
2026-02-10,2026-02-10 02:30,2026-02-10 07:30,Adjusted,245
2026-02-11,2026-02-10 13:00,2026-02-10 16:00,Unbiased,0
2026-02-11,2026-02-10 13:00,2026-02-10 16:00,Adjusted,0
2026-02-11,2026-02-10 20:30,2026-02-11 01:30,Unbiased,93
2026-02-11,2026-02-10 20:30,2026-02-11 01:30,Adjusted,93
2026-02-11,2026-02-11 02:30,2026-02-11 07:30,Unbiased,204
2026-02-11,2026-02-11 02:30,2026-02-11 07:30,Adjusted,204
2026-02-12,2026-02-11 13:00,2026-02-11 16:00,Unbiased,0
2026-02-12,2026-02-11 13:00,2026-02-11 16:00,Adjusted,0
2026-02-12,2026-02-11 20:30,2026-02-12 01:30,Unbiased,109
2026-02-12,2026-02-11 20:30,2026-02-12 01:30,Adjusted,109
2026-02-12,2026-02-12 02:30,2026-02-12 07:30,Unbiased,233
2026-02-12,2026-02-12 02:30,2026-02-12 07:30,Adjusted,233
2026-02-13,2026-02-12 13:00,2026-02-12 16:00,Unbiased,7
2026-02-13,2026-02-12 13:00,2026-02-12 16:00,Adjusted,7
2026-02-13,2026-02-12 20:30,2026-02-13 01:30,Unbiased,162
2026-02-13,2026-02-12 20:30,2026-02-13 01:30,Adjusted,162
2026-02-13,2026-02-13 02:30,2026-02-13 07:30,Unbiased,254
2026-02-13,2026-02-13 02:30,2026-02-13 07:30,Adjusted,254
2026-02-14,2026-02-13 13:00,2026-02-13 16:00,Unbiased,68
2026-02-14,2026-02-13 13:00,2026-02-13 16:00,Adjusted,68
2026-02-14,2026-02-13 20:30,2026-02-14 01:30,Unbiased,219
2026-02-14,2026-02-13 20:30,2026-02-14 01:30,Adjusted,219
2026-02-14,2026-02-14 02:30,2026-02-14 07:30,Unbiased,295
2026-02-14,2026-02-14 02:30,2026-02-14 07:30,Adjusted,295
2026-02-15,2026-02-14 13:00,2026-02-14 16:00,Unbiased,87
2026-02-15,2026-02-14 13:00,2026-02-14 16:00,Adjusted,87
2026-02-15,2026-02-14 20:30,2026-02-15 01:30,Unbiased,208
2026-02-15,2026-02-14 20:30,2026-02-15 01:30,Adjusted,208
2026-02-15,2026-02-15 02:30,2026-02-15 07:30,Unbiased,295
2026-02-15,2026-02-15 02:30,2026-02-15 07:30,Adjusted,295
2026-02-16,2026-02-15 13:00,2026-02-15 16:00,Unbiased,73
2026-02-16,2026-02-15 13:00,2026-02-15 16:00,Adjusted,73
2026-02-16,2026-02-15 20:30,2026-02-16 01:30,Unbiased,193
2026-02-16,2026-02-15 20:30,2026-02-16 01:30,Adjusted,193
2026-02-16,2026-02-16 02:30,2026-02-16 07:30,Unbiased,295
2026-02-16,2026-02-16 02:30,2026-02-16 07:30,Adjusted,295
2026-02-17,2026-02-16 13:00,2026-02-16 16:00,Unbiased,46
2026-02-17,2026-02-16 13:00,2026-02-16 16:00,Adjusted,46
2026-02-17,2026-02-16 20:30,2026-02-17 01:30,Unbiased,187
2026-02-17,2026-02-16 20:30,2026-02-17 01:30,Adjusted,187
2026-02-17,2026-02-17 02:30,2026-02-17 07:30,Unbiased,295
2026-02-17,2026-02-17 02:30,2026-02-17 07:30,Adjusted,295
2026-02-18,2026-02-17 13:00,2026-02-17 16:00,Unbiased,67
2026-02-18,2026-02-17 13:00,2026-02-17 16:00,Adjusted,67
2026-02-18,2026-02-17 20:30,2026-02-18 01:30,Unbiased,222
2026-02-18,2026-02-17 20:30,2026-02-18 01:30,Adjusted,222
2026-02-18,2026-02-18 02:30,2026-02-18 07:30,Unbiased,295
2026-02-18,2026-02-18 02:30,2026-02-18 07:30,Adjusted,295
2026-02-19,2026-02-18 13:00,2026-02-18 16:00,Unbiased,102
2026-02-19,2026-02-18 13:00,2026-02-18 16:00,Adjusted,102
2026-02-19,2026-02-18 20:30,2026-02-19 01:30,Unbiased,222
2026-02-19,2026-02-18 20:30,2026-02-19 01:30,Adjusted,222
2026-02-19,2026-02-19 02:30,2026-02-19 07:30,Unbiased,295
2026-02-19,2026-02-19 02:30,2026-02-19 07:30,Adjusted,295
2026-02-20,2026-02-19 13:00,2026-02-19 16:00,Unbiased,84
2026-02-20,2026-02-19 13:00,2026-02-19 16:00,Adjusted,84
2026-02-20,2026-02-19 20:30,2026-02-20 01:30,Unbiased,199
2026-02-20,2026-02-19 20:30,2026-02-20 01:30,Adjusted,199
2026-02-20,2026-02-20 02:30,2026-02-20 07:30,Unbiased,292
2026-02-20,2026-02-20 02:30,2026-02-20 07:30,Adjusted,293
2026-02-21,2026-02-20 13:00,2026-02-20 16:00,Unbiased,14
2026-02-21,2026-02-20 13:00,2026-02-20 16:00,Adjusted,14
2026-02-21,2026-02-20 20:30,2026-02-21 01:30,Unbiased,127
2026-02-21,2026-02-20 20:30,2026-02-21 01:30,Adjusted,127
2026-02-21,2026-02-21 02:30,2026-02-21 07:30,Unbiased,226
2026-02-21,2026-02-21 02:30,2026-02-21 07:30,Adjusted,226
2026-02-22,2026-02-21 13:00,2026-02-21 16:00,Unbiased,0
2026-02-22,2026-02-21 13:00,2026-02-21 16:00,Adjusted,0
2026-02-22,2026-02-21 20:30,2026-02-22 01:30,Unbiased,33
2026-02-22,2026-02-21 20:30,2026-02-22 01:30,Adjusted,33
2026-02-22,2026-02-22 02:30,2026-02-22 07:30,Unbiased,153
2026-02-22,2026-02-22 02:30,2026-02-22 07:30,Adjusted,153
2026-02-23,2026-02-22 13:00,2026-02-22 16:00,Unbiased,0
2026-02-23,2026-02-22 13:00,2026-02-22 16:00,Adjusted,0
2026-02-23,2026-02-22 20:30,2026-02-23 01:30,Unbiased,89
2026-02-23,2026-02-22 20:30,2026-02-23 01:30,Adjusted,89
2026-02-23,2026-02-23 02:30,2026-02-23 07:30,Unbiased,212
2026-02-23,2026-02-23 02:30,2026-02-23 07:30,Adjusted,212
2026-02-24,2026-02-23 13:00,2026-02-23 16:00,Unbiased,0
2026-02-24,2026-02-23 13:00,2026-02-23 16:00,Adjusted,0
2026-02-24,2026-02-23 20:30,2026-02-24 01:30,Unbiased,19
2026-02-24,2026-02-23 20:30,2026-02-24 01:30,Adjusted,19
2026-02-24,2026-02-24 02:30,2026-02-24 07:30,Unbiased,158
2026-02-24,2026-02-24 02:30,2026-02-24 07:30,Adjusted,158
2026-02-25,2026-02-24 13:00,2026-02-24 16:00,Unbiased,0
2026-02-25,2026-02-24 13:00,2026-02-24 16:00,Adjusted,0
2026-02-25,2026-02-24 20:30,2026-02-25 01:30,Unbiased,40
2026-02-25,2026-02-24 20:30,2026-02-25 01:30,Adjusted,40
2026-02-25,2026-02-25 02:30,2026-02-25 07:30,Unbiased,182
2026-02-25,2026-02-25 02:30,2026-02-25 07:30,Adjusted,182
2026-02-26,2026-02-25 13:00,2026-02-25 16:00,Unbiased,0
2026-02-26,2026-02-25 13:00,2026-02-25 16:00,Adjusted,0
2026-02-26,2026-02-25 20:30,2026-02-26 01:30,Unbiased,17
2026-02-26,2026-02-25 20:30,2026-02-26 01:30,Adjusted,17
2026-02-26,2026-02-26 02:30,2026-02-26 07:30,Unbiased,152
2026-02-26,2026-02-26 02:30,2026-02-26 07:30,Adjusted,152
2026-02-27,2026-02-26 13:00,2026-02-26 16:00,Unbiased,0
2026-02-27,2026-02-26 13:00,2026-02-26 16:00,Adjusted,0
2026-02-27,2026-02-26 20:30,2026-02-27 01:30,Unbiased,33
2026-02-27,2026-02-26 20:30,2026-02-27 01:30,Adjusted,33
2026-02-27,2026-02-27 02:30,2026-02-27 07:30,Unbiased,176
2026-02-27,2026-02-27 02:30,2026-02-27 07:30,Adjusted,176
2026-02-28,2026-02-27 13:00,2026-02-27 16:00,Unbiased,0
2026-02-28,2026-02-27 13:00,2026-02-27 16:00,Adjusted,0
2026-02-28,2026-02-27 20:30,2026-02-28 01:30,Unbiased,64
2026-02-28,2026-02-27 20:30,2026-02-28 01:30,Adjusted,64
2026-02-28,2026-02-28 02:30,2026-02-28 07:30,Unbiased,196
2026-02-28,2026-02-28 02:30,2026-02-28 07:30,Adjusted,196
2026-03-01,2026-02-28 13:00,2026-02-28 16:00,Unbiased,0
2026-03-01,2026-02-28 13:00,2026-02-28 16:00,Adjusted,0
2026-03-01,2026-02-28 20:30,2026-03-01 01:30,Unbiased,134
2026-03-01,2026-02-28 20:30,2026-03-01 01:30,Adjusted,134
2026-03-01,2026-03-01 02:30,2026-03-01 07:30,Unbiased,241
2026-03-01,2026-03-01 02:30,2026-03-01 07:30,Adjusted,241
2026-03-02,2026-03-01 13:00,2026-03-01 16:00,Unbiased,0
2026-03-02,2026-03-01 13:00,2026-03-01 16:00,Adjusted,0
2026-03-02,2026-03-01 20:30,2026-03-02 01:30,Unbiased,70
2026-03-02,2026-03-01 20:30,2026-03-02 01:30,Adjusted,70
2026-03-02,2026-03-02 02:30,2026-03-02 07:30,Unbiased,207
2026-03-02,2026-03-02 02:30,2026-03-02 07:30,Adjusted,207
2026-03-03,2026-03-02 13:00,2026-03-02 16:00,Unbiased,0
2026-03-03,2026-03-02 13:00,2026-03-02 16:00,Adjusted,0
2026-03-03,2026-03-02 20:30,2026-03-03 01:30,Unbiased,49
2026-03-03,2026-03-02 20:30,2026-03-03 01:30,Adjusted,49
2026-03-03,2026-03-03 02:30,2026-03-03 07:30,Unbiased,196
2026-03-03,2026-03-03 02:30,2026-03-03 07:30,Adjusted,196
2026-03-04,2026-03-03 13:00,2026-03-03 16:00,Unbiased,0
2026-03-04,2026-03-03 13:00,2026-03-03 16:00,Adjusted,0
2026-03-04,2026-03-03 20:30,2026-03-04 01:30,Unbiased,161
2026-03-04,2026-03-03 20:30,2026-03-04 01:30,Adjusted,161
2026-03-04,2026-03-04 02:30,2026-03-04 07:30,Unbiased,276
2026-03-04,2026-03-04 02:30,2026-03-04 07:30,Adjusted,276
2026-03-05,2026-03-04 13:00,2026-03-04 16:00,Unbiased,15
2026-03-05,2026-03-04 13:00,2026-03-04 16:00,Adjusted,15
2026-03-05,2026-03-04 20:30,2026-03-05 01:30,Unbiased,155
2026-03-05,2026-03-04 20:30,2026-03-05 01:30,Adjusted,155
2026-03-05,2026-03-05 02:30,2026-03-05 07:30,Unbiased,269
2026-03-05,2026-03-05 02:30,2026-03-05 07:30,Adjusted,269
2026-03-06,2026-03-05 13:00,2026-03-05 16:00,Unbiased,0
2026-03-06,2026-03-05 13:00,2026-03-05 16:00,Adjusted,0
2026-03-06,2026-03-05 20:30,2026-03-06 01:30,Unbiased,0
2026-03-06,2026-03-05 20:30,2026-03-06 01:30,Adjusted,0
2026-03-06,2026-03-06 02:30,2026-03-06 07:30,Unbiased,152
2026-03-06,2026-03-06 02:30,2026-03-06 07:30,Adjusted,152
2026-03-07,2026-03-06 13:00,2026-03-06 16:00,Unbiased,22
2026-03-07,2026-03-06 13:00,2026-03-06 16:00,Adjusted,22
2026-03-07,2026-03-06 20:30,2026-03-07 01:30,Unbiased,172
2026-03-07,2026-03-06 20:30,2026-03-07 01:30,Adjusted,172
2026-03-07,2026-03-07 02:30,2026-03-07 07:30,Unbiased,271
2026-03-07,2026-03-07 02:30,2026-03-07 07:30,Adjusted,271
2026-03-08,2026-03-07 13:00,2026-03-07 16:00,Unbiased,37
2026-03-08,2026-03-07 13:00,2026-03-07 16:00,Adjusted,37
2026-03-08,2026-03-07 20:30,2026-03-08 01:30,Unbiased,142
2026-03-08,2026-03-07 20:30,2026-03-08 01:30,Adjusted,142
2026-03-08,2026-03-08 02:30,2026-03-08 07:30,Unbiased,254
2026-03-08,2026-03-08 02:30,2026-03-08 07:30,Adjusted,254
2026-03-09,2026-03-08 13:00,2026-03-08 16:00,Unbiased,29
2026-03-09,2026-03-08 13:00,2026-03-08 16:00,Adjusted,29
2026-03-09,2026-03-08 20:30,2026-03-09 01:30,Unbiased,125
2026-03-09,2026-03-08 20:30,2026-03-09 01:30,Adjusted,125
2026-03-09,2026-03-09 02:30,2026-03-09 07:30,Unbiased,234
2026-03-09,2026-03-09 02:30,2026-03-09 07:30,Adjusted,234
2026-03-10,2026-03-09 13:00,2026-03-09 16:00,Unbiased,0
2026-03-10,2026-03-09 13:00,2026-03-09 16:00,Adjusted,0
2026-03-10,2026-03-09 20:30,2026-03-10 01:30,Unbiased,64
2026-03-10,2026-03-09 20:30,2026-03-10 01:30,Adjusted,64
2026-03-10,2026-03-10 02:30,2026-03-10 07:30,Unbiased,196
2026-03-10,2026-03-10 02:30,2026-03-10 07:30,Adjusted,196
2026-03-11,2026-03-10 13:00,2026-03-10 16:00,Unbiased,0
2026-03-11,2026-03-10 13:00,2026-03-10 16:00,Adjusted,0
2026-03-11,2026-03-10 20:30,2026-03-11 01:30,Unbiased,63
2026-03-11,2026-03-10 20:30,2026-03-11 01:30,Adjusted,63
2026-03-11,2026-03-11 02:30,2026-03-11 07:30,Unbiased,189
2026-03-11,2026-03-11 02:30,2026-03-11 07:30,Adjusted,189
2026-03-12,2026-03-11 13:00,2026-03-11 16:00,Unbiased,0
2026-03-12,2026-03-11 13:00,2026-03-11 16:00,Adjusted,0
2026-03-12,2026-03-11 20:30,2026-03-12 01:30,Unbiased,125
2026-03-12,2026-03-11 20:30,2026-03-12 01:30,Adjusted,125
2026-03-12,2026-03-12 02:30,2026-03-12 07:30,Unbiased,246
2026-03-12,2026-03-12 02:30,2026-03-12 07:30,Adjusted,246
2026-03-13,2026-03-12 13:00,2026-03-12 16:00,Unbiased,0
2026-03-13,2026-03-12 13:00,2026-03-12 16:00,Adjusted,0
2026-03-13,2026-03-12 20:30,2026-03-13 01:30,Unbiased,49
2026-03-13,2026-03-12 20:30,2026-03-13 01:30,Adjusted,49
2026-03-13,2026-03-13 02:30,2026-03-13 07:30,Unbiased,209
2026-03-13,2026-03-13 02:30,2026-03-13 07:30,Adjusted,209
2026-03-14,2026-03-13 13:00,2026-03-13 16:00,Unbiased,0
2026-03-14,2026-03-13 13:00,2026-03-13 16:00,Adjusted,0
2026-03-14,2026-03-13 20:30,2026-03-14 01:30,Unbiased,186
2026-03-14,2026-03-13 20:30,2026-03-14 01:30,Adjusted,186
2026-03-14,2026-03-14 02:30,2026-03-14 07:30,Unbiased,295
2026-03-14,2026-03-14 02:30,2026-03-14 07:30,Adjusted,295
2026-03-15,2026-03-14 13:00,2026-03-14 16:00,Unbiased,0
2026-03-15,2026-03-14 13:00,2026-03-14 16:00,Adjusted,0
2026-03-15,2026-03-14 20:30,2026-03-15 01:30,Unbiased,154
2026-03-15,2026-03-14 20:30,2026-03-15 01:30,Adjusted,154
2026-03-15,2026-03-15 02:30,2026-03-15 07:30,Unbiased,273
2026-03-15,2026-03-15 02:30,2026-03-15 07:30,Adjusted,273
2026-03-16,2026-03-15 13:00,2026-03-15 16:00,Unbiased,0
2026-03-16,2026-03-15 13:00,2026-03-15 16:00,Adjusted,0
2026-03-16,2026-03-15 20:30,2026-03-16 01:30,Unbiased,164
2026-03-16,2026-03-15 20:30,2026-03-16 01:30,Adjusted,164
2026-03-16,2026-03-16 02:30,2026-03-16 07:30,Unbiased,275
2026-03-16,2026-03-16 02:30,2026-03-16 07:30,Adjusted,275
2026-03-17,2026-03-16 13:00,2026-03-16 16:00,Unbiased,0
2026-03-17,2026-03-16 13:00,2026-03-16 16:00,Adjusted,0
2026-03-17,2026-03-16 20:30,2026-03-17 01:30,Unbiased,60
2026-03-17,2026-03-16 20:30,2026-03-17 01:30,Adjusted,60
2026-03-17,2026-03-17 02:30,2026-03-17 07:30,Unbiased,191
2026-03-17,2026-03-17 02:30,2026-03-17 07:30,Adjusted,191
2026-03-18,2026-03-17 13:00,2026-03-17 16:00,Unbiased,0
2026-03-18,2026-03-17 13:00,2026-03-17 16:00,Adjusted,0
2026-03-18,2026-03-17 20:30,2026-03-18 01:30,Unbiased,36
2026-03-18,2026-03-17 20:30,2026-03-18 01:30,Adjusted,36
2026-03-18,2026-03-18 02:30,2026-03-18 07:30,Unbiased,197
2026-03-18,2026-03-18 02:30,2026-03-18 07:30,Adjusted,197
2026-03-19,2026-03-18 13:00,2026-03-18 16:00,Unbiased,0
2026-03-19,2026-03-18 13:00,2026-03-18 16:00,Adjusted,0
2026-03-19,2026-03-18 20:30,2026-03-19 01:30,Unbiased,91
2026-03-19,2026-03-18 20:30,2026-03-19 01:30,Adjusted,91
2026-03-19,2026-03-19 02:30,2026-03-19 07:30,Unbiased,238
2026-03-19,2026-03-19 02:30,2026-03-19 07:30,Adjusted,238
2026-03-20,2026-03-19 13:00,2026-03-19 16:00,Unbiased,0
2026-03-20,2026-03-19 13:00,2026-03-19 16:00,Adjusted,0
2026-03-20,2026-03-19 20:30,2026-03-20 01:30,Unbiased,93
2026-03-20,2026-03-19 20:30,2026-03-20 01:30,Adjusted,93
2026-03-20,2026-03-20 02:30,2026-03-20 07:30,Unbiased,247
2026-03-20,2026-03-20 02:30,2026-03-20 07:30,Adjusted,247
2026-03-21,2026-03-20 13:00,2026-03-20 16:00,Unbiased,0
2026-03-21,2026-03-20 13:00,2026-03-20 16:00,Adjusted,0
2026-03-21,2026-03-20 20:30,2026-03-21 01:30,Unbiased,152
2026-03-21,2026-03-20 20:30,2026-03-21 01:30,Adjusted,152
2026-03-21,2026-03-21 02:30,2026-03-21 07:30,Unbiased,280
2026-03-21,2026-03-21 02:30,2026-03-21 07:30,Adjusted,280
2026-03-22,2026-03-21 13:00,2026-03-21 16:00,Unbiased,0
2026-03-22,2026-03-21 13:00,2026-03-21 16:00,Adjusted,0
2026-03-22,2026-03-21 20:30,2026-03-22 01:30,Unbiased,171
2026-03-22,2026-03-21 20:30,2026-03-22 01:30,Adjusted,171
2026-03-22,2026-03-22 02:30,2026-03-22 07:30,Unbiased,285
2026-03-22,2026-03-22 02:30,2026-03-22 07:30,Adjusted,285
2026-03-23,2026-03-22 13:00,2026-03-22 16:00,Unbiased,0
2026-03-23,2026-03-22 13:00,2026-03-22 16:00,Adjusted,0
2026-03-23,2026-03-22 20:30,2026-03-23 01:30,Unbiased,90
2026-03-23,2026-03-22 20:30,2026-03-23 01:30,Adjusted,90
2026-03-23,2026-03-23 02:30,2026-03-23 07:30,Unbiased,228
2026-03-23,2026-03-23 02:30,2026-03-23 07:30,Adjusted,228
2026-03-24,2026-03-23 13:00,2026-03-23 16:00,Unbiased,0
2026-03-24,2026-03-23 13:00,2026-03-23 16:00,Adjusted,0
2026-03-24,2026-03-23 20:30,2026-03-24 01:30,Unbiased,26
2026-03-24,2026-03-23 20:30,2026-03-24 01:30,Adjusted,26
2026-03-24,2026-03-24 02:30,2026-03-24 07:30,Unbiased,184
2026-03-24,2026-03-24 02:30,2026-03-24 07:30,Adjusted,184
2026-03-25,2026-03-24 13:00,2026-03-24 16:00,Unbiased,0
2026-03-25,2026-03-24 13:00,2026-03-24 16:00,Adjusted,0
2026-03-25,2026-03-24 20:30,2026-03-25 01:30,Unbiased,101
2026-03-25,2026-03-24 20:30,2026-03-25 01:30,Adjusted,101
2026-03-25,2026-03-25 02:30,2026-03-25 07:30,Unbiased,244
2026-03-25,2026-03-25 02:30,2026-03-25 07:30,Adjusted,244
2026-03-26,2026-03-25 13:00,2026-03-25 16:00,Unbiased,35
2026-03-26,2026-03-25 13:00,2026-03-25 16:00,Adjusted,35
2026-03-26,2026-03-25 20:30,2026-03-26 01:30,Unbiased,185
2026-03-26,2026-03-25 20:30,2026-03-26 01:30,Adjusted,185
2026-03-26,2026-03-26 02:30,2026-03-26 07:30,Unbiased,295
2026-03-26,2026-03-26 02:30,2026-03-26 07:30,Adjusted,295
2026-03-27,2026-03-26 13:00,2026-03-26 16:00,Unbiased,0
2026-03-27,2026-03-26 13:00,2026-03-26 16:00,Adjusted,0
2026-03-27,2026-03-26 20:30,2026-03-27 01:30,Unbiased,98
2026-03-27,2026-03-26 20:30,2026-03-27 01:30,Adjusted,98
2026-03-27,2026-03-27 02:30,2026-03-27 07:30,Unbiased,231
2026-03-27,2026-03-27 02:30,2026-03-27 07:30,Adjusted,231
2026-03-28,2026-03-27 13:00,2026-03-27 16:00,Unbiased,0
2026-03-28,2026-03-27 13:00,2026-03-27 16:00,Adjusted,0
2026-03-28,2026-03-27 20:30,2026-03-28 01:30,Unbiased,113
2026-03-28,2026-03-27 20:30,2026-03-28 01:30,Adjusted,113
2026-03-28,2026-03-28 02:30,2026-03-28 07:30,Unbiased,247
2026-03-28,2026-03-28 02:30,2026-03-28 07:30,Adjusted,247
2026-03-29,2026-03-28 13:00,2026-03-28 16:00,Unbiased,0
2026-03-29,2026-03-28 13:00,2026-03-28 16:00,Adjusted,0
2026-03-29,2026-03-28 20:30,2026-03-29 01:30,Unbiased,139
2026-03-29,2026-03-28 20:30,2026-03-29 01:30,Adjusted,139
2026-03-29,2026-03-29 02:30,2026-03-29 07:30,Unbiased,278
2026-03-29,2026-03-29 02:30,2026-03-29 07:30,Adjusted,278
2026-03-30,2026-03-29 13:00,2026-03-29 16:00,Unbiased,0
2026-03-30,2026-03-29 13:00,2026-03-29 16:00,Adjusted,0
2026-03-30,2026-03-29 20:30,2026-03-30 01:30,Unbiased,113
2026-03-30,2026-03-29 20:30,2026-03-30 01:30,Adjusted,113
2026-03-30,2026-03-30 02:30,2026-03-30 07:30,Unbiased,240
2026-03-30,2026-03-30 02:30,2026-03-30 07:30,Adjusted,240
2026-03-31,2026-03-30 13:00,2026-03-30 16:00,Unbiased,0
2026-03-31,2026-03-30 13:00,2026-03-30 16:00,Adjusted,0
2026-03-31,2026-03-30 20:30,2026-03-31 01:30,Unbiased,76
2026-03-31,2026-03-30 20:30,2026-03-31 01:30,Adjusted,76
2026-03-31,2026-03-31 02:30,2026-03-31 07:30,Unbiased,202
2026-03-31,2026-03-31 02:30,2026-03-31 07:30,Adjusted,202
2026-04-01,2026-03-31 13:00,2026-03-31 16:00,Unbiased,0
2026-04-01,2026-03-31 13:00,2026-03-31 16:00,Adjusted,0
2026-04-01,2026-03-31 20:30,2026-04-01 01:30,Unbiased,0
2026-04-01,2026-03-31 20:30,2026-04-01 01:30,Adjusted,0
2026-04-01,2026-04-01 02:30,2026-04-01 07:30,Unbiased,161
2026-04-01,2026-04-01 02:30,2026-04-01 07:30,Adjusted,161
2026-04-02,2026-04-01 13:00,2026-04-01 16:00,Unbiased,0
2026-04-02,2026-04-01 13:00,2026-04-01 16:00,Adjusted,0
2026-04-02,2026-04-01 20:30,2026-04-02 01:30,Unbiased,0
2026-04-02,2026-04-01 20:30,2026-04-02 01:30,Adjusted,0
2026-04-02,2026-04-02 02:30,2026-04-02 07:30,Unbiased,185
2026-04-02,2026-04-02 02:30,2026-04-02 07:30,Adjusted,185
2026-04-03,2026-04-02 13:00,2026-04-02 16:00,Unbiased,0
2026-04-03,2026-04-02 13:00,2026-04-02 16:00,Adjusted,0
2026-04-03,2026-04-02 20:30,2026-04-03 01:30,Unbiased,71
2026-04-03,2026-04-02 20:30,2026-04-03 01:30,Adjusted,71
2026-04-03,2026-04-03 02:30,2026-04-03 07:30,Unbiased,197
2026-04-03,2026-04-03 02:30,2026-04-03 07:30,Adjusted,197
2026-04-04,2026-04-03 13:00,2026-04-03 16:00,Unbiased,0
2026-04-04,2026-04-03 13:00,2026-04-03 16:00,Adjusted,0
2026-04-04,2026-04-03 20:30,2026-04-04 01:30,Unbiased,33
2026-04-04,2026-04-03 20:30,2026-04-04 01:30,Adjusted,33
2026-04-04,2026-04-04 02:30,2026-04-04 07:30,Unbiased,194
2026-04-04,2026-04-04 02:30,2026-04-04 07:30,Adjusted,194
2026-04-05,2026-04-04 13:00,2026-04-04 16:00,Unbiased,0
2026-04-05,2026-04-04 13:00,2026-04-04 16:00,Adjusted,0
2026-04-05,2026-04-04 20:30,2026-04-05 01:30,Unbiased,6
2026-04-05,2026-04-04 20:30,2026-04-05 01:30,Adjusted,6
2026-04-05,2026-04-05 02:30,2026-04-05 07:30,Unbiased,183
2026-04-05,2026-04-05 02:30,2026-04-05 07:30,Adjusted,183
2026-04-06,2026-04-05 13:00,2026-04-05 16:00,Unbiased,0
2026-04-06,2026-04-05 13:00,2026-04-05 16:00,Adjusted,0
2026-04-06,2026-04-05 20:30,2026-04-06 01:30,Unbiased,91
2026-04-06,2026-04-05 20:30,2026-04-06 01:30,Adjusted,91
2026-04-06,2026-04-06 02:30,2026-04-06 07:30,Unbiased,231
2026-04-06,2026-04-06 02:30,2026-04-06 07:30,Adjusted,231
2026-04-07,2026-04-06 13:00,2026-04-06 16:00,Unbiased,0
2026-04-07,2026-04-06 13:00,2026-04-06 16:00,Adjusted,0
2026-04-07,2026-04-06 20:30,2026-04-07 01:30,Unbiased,66
2026-04-07,2026-04-06 20:30,2026-04-07 01:30,Adjusted,66
2026-04-07,2026-04-07 02:30,2026-04-07 07:30,Unbiased,233
2026-04-07,2026-04-07 02:30,2026-04-07 07:30,Adjusted,233
2026-04-08,2026-04-07 13:00,2026-04-07 16:00,Unbiased,0
2026-04-08,2026-04-07 13:00,2026-04-07 16:00,Adjusted,0
2026-04-08,2026-04-07 20:30,2026-04-08 01:30,Unbiased,26
2026-04-08,2026-04-07 20:30,2026-04-08 01:30,Adjusted,26
2026-04-08,2026-04-08 02:30,2026-04-08 07:30,Unbiased,189
2026-04-08,2026-04-08 02:30,2026-04-08 07:30,Adjusted,189
2026-04-09,2026-04-08 13:00,2026-04-08 16:00,Unbiased,0
2026-04-09,2026-04-08 13:00,2026-04-08 16:00,Adjusted,0
2026-04-09,2026-04-08 20:30,2026-04-09 01:30,Unbiased,0
2026-04-09,2026-04-08 20:30,2026-04-09 01:30,Adjusted,0
2026-04-09,2026-04-09 02:30,2026-04-09 07:30,Unbiased,0
2026-04-09,2026-04-09 02:30,2026-04-09 07:30,Adjusted,0
2026-04-10,2026-04-09 13:00,2026-04-09 16:00,Unbiased,0
2026-04-10,2026-04-09 13:00,2026-04-09 16:00,Adjusted,0
2026-04-10,2026-04-09 20:30,2026-04-10 01:30,Unbiased,22
2026-04-10,2026-04-09 20:30,2026-04-10 01:30,Adjusted,22
2026-04-10,2026-04-10 02:30,2026-04-10 07:30,Unbiased,197
2026-04-10,2026-04-10 02:30,2026-04-10 07:30,Adjusted,197
2026-04-11,2026-04-10 13:00,2026-04-10 16:00,Unbiased,0
2026-04-11,2026-04-10 13:00,2026-04-10 16:00,Adjusted,0
2026-04-11,2026-04-10 20:30,2026-04-11 01:30,Unbiased,53
2026-04-11,2026-04-10 20:30,2026-04-11 01:30,Adjusted,53
2026-04-11,2026-04-11 02:30,2026-04-11 07:30,Unbiased,168
2026-04-11,2026-04-11 02:30,2026-04-11 07:30,Adjusted,168
2026-04-12,2026-04-11 13:00,2026-04-11 16:00,Unbiased,0
2026-04-12,2026-04-11 13:00,2026-04-11 16:00,Adjusted,0
2026-04-12,2026-04-11 20:30,2026-04-12 01:30,Unbiased,83
2026-04-12,2026-04-11 20:30,2026-04-12 01:30,Adjusted,83
2026-04-12,2026-04-12 02:30,2026-04-12 07:30,Unbiased,212
2026-04-12,2026-04-12 02:30,2026-04-12 07:30,Adjusted,212
2026-04-13,2026-04-12 13:00,2026-04-12 16:00,Unbiased,0
2026-04-13,2026-04-12 13:00,2026-04-12 16:00,Adjusted,0
2026-04-13,2026-04-12 20:30,2026-04-13 01:30,Unbiased,58
2026-04-13,2026-04-12 20:30,2026-04-13 01:30,Adjusted,58
2026-04-13,2026-04-13 02:30,2026-04-13 07:30,Unbiased,210
2026-04-13,2026-04-13 02:30,2026-04-13 07:30,Adjusted,210
2026-04-14,2026-04-13 13:00,2026-04-13 16:00,Unbiased,0
2026-04-14,2026-04-13 13:00,2026-04-13 16:00,Adjusted,0
2026-04-14,2026-04-13 20:30,2026-04-14 01:30,Unbiased,58
2026-04-14,2026-04-13 20:30,2026-04-14 01:30,Adjusted,58
2026-04-14,2026-04-14 02:30,2026-04-14 07:30,Unbiased,212
2026-04-14,2026-04-14 02:30,2026-04-14 07:30,Adjusted,212
2026-04-15,2026-04-14 13:00,2026-04-14 16:00,Unbiased,0
2026-04-15,2026-04-14 13:00,2026-04-14 16:00,Adjusted,0
2026-04-15,2026-04-14 20:30,2026-04-15 01:30,Unbiased,0
2026-04-15,2026-04-14 20:30,2026-04-15 01:30,Adjusted,0
2026-04-15,2026-04-15 02:30,2026-04-15 07:30,Unbiased,45
2026-04-15,2026-04-15 02:30,2026-04-15 07:30,Adjusted,45
2026-04-16,2026-04-15 13:00,2026-04-15 16:00,Unbiased,0
2026-04-16,2026-04-15 13:00,2026-04-15 16:00,Adjusted,0
2026-04-16,2026-04-15 20:30,2026-04-16 01:30,Unbiased,15
2026-04-16,2026-04-15 20:30,2026-04-16 01:30,Adjusted,15
2026-04-16,2026-04-16 02:30,2026-04-16 07:30,Unbiased,142
2026-04-16,2026-04-16 02:30,2026-04-16 07:30,Adjusted,142
2026-04-17,2026-04-16 13:00,2026-04-16 16:00,Unbiased,0
2026-04-17,2026-04-16 13:00,2026-04-16 16:00,Adjusted,0
2026-04-17,2026-04-16 20:30,2026-04-17 01:30,Unbiased,0
2026-04-17,2026-04-16 20:30,2026-04-17 01:30,Adjusted,0
2026-04-17,2026-04-17 02:30,2026-04-17 07:30,Unbiased,91
2026-04-17,2026-04-17 02:30,2026-04-17 07:30,Adjusted,91
2026-04-18,2026-04-17 13:00,2026-04-17 16:00,Unbiased,0
2026-04-18,2026-04-17 13:00,2026-04-17 16:00,Adjusted,0
2026-04-18,2026-04-17 20:30,2026-04-18 01:30,Unbiased,0
2026-04-18,2026-04-17 20:30,2026-04-18 01:30,Adjusted,0
2026-04-18,2026-04-18 02:30,2026-04-18 07:30,Unbiased,114
2026-04-18,2026-04-18 02:30,2026-04-18 07:30,Adjusted,114
2026-04-19,2026-04-18 13:00,2026-04-18 16:00,Unbiased,0
2026-04-19,2026-04-18 13:00,2026-04-18 16:00,Adjusted,0
2026-04-19,2026-04-18 20:30,2026-04-19 01:30,Unbiased,0
2026-04-19,2026-04-18 20:30,2026-04-19 01:30,Adjusted,0
2026-04-19,2026-04-19 02:30,2026-04-19 07:30,Unbiased,190
2026-04-19,2026-04-19 02:30,2026-04-19 07:30,Adjusted,190
2026-04-20,2026-04-19 13:00,2026-04-19 16:00,Unbiased,0
2026-04-20,2026-04-19 13:00,2026-04-19 16:00,Adjusted,0
2026-04-20,2026-04-19 20:30,2026-04-20 01:30,Unbiased,65
2026-04-20,2026-04-19 20:30,2026-04-20 01:30,Adjusted,65
2026-04-20,2026-04-20 02:30,2026-04-20 07:30,Unbiased,214
2026-04-20,2026-04-20 02:30,2026-04-20 07:30,Adjusted,214
2026-04-21,2026-04-20 13:00,2026-04-20 16:00,Unbiased,0
2026-04-21,2026-04-20 13:00,2026-04-20 16:00,Adjusted,0
2026-04-21,2026-04-20 20:30,2026-04-21 01:30,Unbiased,146
2026-04-21,2026-04-20 20:30,2026-04-21 01:30,Adjusted,146
2026-04-21,2026-04-21 02:30,2026-04-21 07:30,Unbiased,258
2026-04-21,2026-04-21 02:30,2026-04-21 07:30,Adjusted,258
2026-04-22,2026-04-21 13:00,2026-04-21 16:00,Unbiased,0
2026-04-22,2026-04-21 13:00,2026-04-21 16:00,Adjusted,0
2026-04-22,2026-04-21 20:30,2026-04-22 01:30,Unbiased,151
2026-04-22,2026-04-21 20:30,2026-04-22 01:30,Adjusted,151
2026-04-22,2026-04-22 02:30,2026-04-22 07:30,Unbiased,269
2026-04-22,2026-04-22 02:30,2026-04-22 07:30,Adjusted,269
2026-04-23,2026-04-22 13:00,2026-04-22 16:00,Unbiased,0
2026-04-23,2026-04-22 13:00,2026-04-22 16:00,Adjusted,0
2026-04-23,2026-04-22 20:30,2026-04-23 01:30,Unbiased,105
2026-04-23,2026-04-22 20:30,2026-04-23 01:30,Adjusted,105
2026-04-23,2026-04-23 02:30,2026-04-23 07:30,Unbiased,249
2026-04-23,2026-04-23 02:30,2026-04-23 07:30,Adjusted,249
2026-04-24,2026-04-23 13:00,2026-04-23 16:00,Unbiased,0
2026-04-24,2026-04-23 13:00,2026-04-23 16:00,Adjusted,0
2026-04-24,2026-04-23 20:30,2026-04-24 01:30,Unbiased,125
2026-04-24,2026-04-23 20:30,2026-04-24 01:30,Adjusted,125
2026-04-24,2026-04-24 02:30,2026-04-24 07:30,Unbiased,262
2026-04-24,2026-04-24 02:30,2026-04-24 07:30,Adjusted,262
2026-04-25,2026-04-24 13:00,2026-04-24 16:00,Unbiased,0
2026-04-25,2026-04-24 13:00,2026-04-24 16:00,Adjusted,0
2026-04-25,2026-04-24 20:30,2026-04-25 01:30,Unbiased,86
2026-04-25,2026-04-24 20:30,2026-04-25 01:30,Adjusted,86
2026-04-25,2026-04-25 02:30,2026-04-25 07:30,Unbiased,241
2026-04-25,2026-04-25 02:30,2026-04-25 07:30,Adjusted,241
2026-04-26,2026-04-25 13:00,2026-04-25 16:00,Unbiased,0
2026-04-26,2026-04-25 13:00,2026-04-25 16:00,Adjusted,0
2026-04-26,2026-04-25 20:30,2026-04-26 01:30,Unbiased,0
2026-04-26,2026-04-25 20:30,2026-04-26 01:30,Adjusted,0
2026-04-26,2026-04-26 02:30,2026-04-26 07:30,Unbiased,184
2026-04-26,2026-04-26 02:30,2026-04-26 07:30,Adjusted,184
2026-04-27,2026-04-26 13:00,2026-04-26 16:00,Unbiased,0
2026-04-27,2026-04-26 13:00,2026-04-26 16:00,Adjusted,0
2026-04-27,2026-04-26 20:30,2026-04-27 01:30,Unbiased,26
2026-04-27,2026-04-26 20:30,2026-04-27 01:30,Adjusted,26
2026-04-27,2026-04-27 02:30,2026-04-27 07:30,Unbiased,178
2026-04-27,2026-04-27 02:30,2026-04-27 07:30,Adjusted,178
2026-04-28,2026-04-27 13:00,2026-04-27 16:00,Unbiased,0
2026-04-28,2026-04-27 13:00,2026-04-27 16:00,Adjusted,0
2026-04-28,2026-04-27 20:30,2026-04-28 01:30,Unbiased,0
2026-04-28,2026-04-27 20:30,2026-04-28 01:30,Adjusted,0
2026-04-28,2026-04-28 02:30,2026-04-28 07:30,Unbiased,178
2026-04-28,2026-04-28 02:30,2026-04-28 07:30,Adjusted,178
2026-04-29,2026-04-28 13:00,2026-04-28 16:00,Unbiased,0
2026-04-29,2026-04-28 13:00,2026-04-28 16:00,Adjusted,0
2026-04-29,2026-04-28 20:30,2026-04-29 01:30,Unbiased,106
2026-04-29,2026-04-28 20:30,2026-04-29 01:30,Adjusted,106
2026-04-29,2026-04-29 02:30,2026-04-29 07:30,Unbiased,234
2026-04-29,2026-04-29 02:30,2026-04-29 07:30,Adjusted,234
2026-04-30,2026-04-29 13:00,2026-04-29 16:00,Unbiased,0
2026-04-30,2026-04-29 13:00,2026-04-29 16:00,Adjusted,0
2026-04-30,2026-04-29 20:30,2026-04-30 01:30,Unbiased,29
2026-04-30,2026-04-29 20:30,2026-04-30 01:30,Adjusted,29
2026-04-30,2026-04-30 02:30,2026-04-30 07:30,Unbiased,149
2026-04-30,2026-04-30 02:30,2026-04-30 07:30,Adjusted,149
2026-05-01,2026-04-30 13:00,2026-04-30 16:00,Unbiased,0
2026-05-01,2026-04-30 13:00,2026-04-30 16:00,Adjusted,0
2026-05-01,2026-04-30 20:30,2026-05-01 01:30,Unbiased,0
2026-05-01,2026-04-30 20:30,2026-05-01 01:30,Adjusted,0
2026-05-01,2026-05-01 02:30,2026-05-01 07:30,Unbiased,105
2026-05-01,2026-05-01 02:30,2026-05-01 07:30,Adjusted,105
2026-10-01,2026-09-30 13:00,2026-09-30 16:00,Unbiased,0
2026-10-01,2026-09-30 13:00,2026-09-30 16:00,Adjusted,0
2026-10-01,2026-09-30 20:30,2026-10-01 01:30,Unbiased,0
2026-10-01,2026-09-30 20:30,2026-10-01 01:30,Adjusted,0
2026-10-01,2026-10-01 02:30,2026-10-01 07:30,Unbiased,0
2026-10-01,2026-10-01 02:30,2026-10-01 07:30,Adjusted,0
2026-10-02,2026-10-01 13:00,2026-10-01 16:00,Unbiased,0
2026-10-02,2026-10-01 13:00,2026-10-01 16:00,Adjusted,0
2026-10-02,2026-10-01 20:30,2026-10-02 01:30,Unbiased,0
2026-10-02,2026-10-01 20:30,2026-10-02 01:30,Adjusted,0
2026-10-02,2026-10-02 02:30,2026-10-02 07:30,Unbiased,14
2026-10-02,2026-10-02 02:30,2026-10-02 07:30,Adjusted,44
2026-10-03,2026-10-02 13:00,2026-10-02 16:00,Unbiased,0
2026-10-03,2026-10-02 13:00,2026-10-02 16:00,Adjusted,0
2026-10-03,2026-10-02 20:30,2026-10-03 01:30,Unbiased,0
2026-10-03,2026-10-02 20:30,2026-10-03 01:30,Adjusted,0
2026-10-03,2026-10-03 02:30,2026-10-03 07:30,Unbiased,0
2026-10-03,2026-10-03 02:30,2026-10-03 07:30,Adjusted,0
2026-10-04,2026-10-03 13:00,2026-10-03 16:00,Unbiased,0
2026-10-04,2026-10-03 13:00,2026-10-03 16:00,Adjusted,0
2026-10-04,2026-10-03 20:30,2026-10-04 01:30,Unbiased,0
2026-10-04,2026-10-03 20:30,2026-10-04 01:30,Adjusted,0
2026-10-04,2026-10-04 02:30,2026-10-04 07:30,Unbiased,22
2026-10-04,2026-10-04 02:30,2026-10-04 07:30,Adjusted,22
2026-10-05,2026-10-04 13:00,2026-10-04 16:00,Unbiased,0
2026-10-05,2026-10-04 13:00,2026-10-04 16:00,Adjusted,0
2026-10-05,2026-10-04 20:30,2026-10-05 01:30,Unbiased,0
2026-10-05,2026-10-04 20:30,2026-10-05 01:30,Adjusted,0
2026-10-05,2026-10-05 02:30,2026-10-05 07:30,Unbiased,2
2026-10-05,2026-10-05 02:30,2026-10-05 07:30,Adjusted,2
2026-10-06,2026-10-05 13:00,2026-10-05 16:00,Unbiased,0
2026-10-06,2026-10-05 13:00,2026-10-05 16:00,Adjusted,0
2026-10-06,2026-10-05 20:30,2026-10-06 01:30,Unbiased,0
2026-10-06,2026-10-05 20:30,2026-10-06 01:30,Adjusted,0
2026-10-06,2026-10-06 02:30,2026-10-06 07:30,Unbiased,0
2026-10-06,2026-10-06 02:30,2026-10-06 07:30,Adjusted,0
2026-10-07,2026-10-06 13:00,2026-10-06 16:00,Unbiased,0
2026-10-07,2026-10-06 13:00,2026-10-06 16:00,Adjusted,0
2026-10-07,2026-10-06 20:30,2026-10-07 01:30,Unbiased,0
2026-10-07,2026-10-06 20:30,2026-10-07 01:30,Adjusted,0
2026-10-07,2026-10-07 02:30,2026-10-07 07:30,Unbiased,0
2026-10-07,2026-10-07 02:30,2026-10-07 07:30,Adjusted,0
2026-10-08,2026-10-07 13:00,2026-10-07 16:00,Unbiased,0
2026-10-08,2026-10-07 13:00,2026-10-07 16:00,Adjusted,0
2026-10-08,2026-10-07 20:30,2026-10-08 01:30,Unbiased,80
2026-10-08,2026-10-07 20:30,2026-10-08 01:30,Adjusted,80
2026-10-08,2026-10-08 02:30,2026-10-08 07:30,Unbiased,219
2026-10-08,2026-10-08 02:30,2026-10-08 07:30,Adjusted,219
2026-10-09,2026-10-08 13:00,2026-10-08 16:00,Unbiased,0
2026-10-09,2026-10-08 13:00,2026-10-08 16:00,Adjusted,0
2026-10-09,2026-10-08 20:30,2026-10-09 01:30,Unbiased,15
2026-10-09,2026-10-08 20:30,2026-10-09 01:30,Adjusted,15
2026-10-09,2026-10-09 02:30,2026-10-09 07:30,Unbiased,49
2026-10-09,2026-10-09 02:30,2026-10-09 07:30,Adjusted,49
2026-10-10,2026-10-09 13:00,2026-10-09 16:00,Unbiased,0
2026-10-10,2026-10-09 13:00,2026-10-09 16:00,Adjusted,0
2026-10-10,2026-10-09 20:30,2026-10-10 01:30,Unbiased,0
2026-10-10,2026-10-09 20:30,2026-10-10 01:30,Adjusted,0
2026-10-10,2026-10-10 02:30,2026-10-10 07:30,Unbiased,171
2026-10-10,2026-10-10 02:30,2026-10-10 07:30,Adjusted,171
